Time;Bids;;;;Ask;Delta
17:33:11;80716.2;0.213;0;0.518;80716.3;496.551
17:33:07;80724.1;5.100;0;0.041;80724.2;496.246
17:32:47;80738.5;3.097;0;3.847;80738.6;501.305
17:32:42;80738.7;0.141;0;0.842;80738.8;500.555
17:32:36;80740.7;0.096;0;0.760;80740.8;499.854
17:32:35;80735.5;0;0;0.063;80738.4;499.190
17:32:35;80725.8;0.005;0;0;80728.5;499.127
17:32:34;80717.2;0.122;0;0.978;80717.3;499.132
17:32:15;80717.3;4.116;0;1.624;80717.4;498.276
17:32:15;80717.2;0.002;0;0;80717.4;500.768
17:32:01;80714.0;0.769;0;5.829;80714.1;500.770
17:32:01;80717.3;0.215;0;0;80717.4;495.710
17:32:00;80722.7;0.169;0;0.001;80723.7;495.925
17:31:58;80725.8;0.663;0;0.580;80725.9;496.093
17:31:52;80726.3;1.249;0;0.612;80726.4;496.176
17:31:46;80723.6;0.005;0;0.390;80723.7;496.813
17:31:45;80719.0;0.038;0;0.429;80719.1;496.428
17:31:32;80711.9;0.901;0;5.667;80712.0;496.037
17:31:31;80706.5;0.004;0;0.283;80706.6;491.271
17:31:30;80699.9;0.018;0;0;80700.0;490.992
17:31:24;80688.9;2.359;0;4.224;80689.0;491.010
17:31:22;80687.9;0.010;0;0.149;80688.0;489.145
17:31:15;80683.9;0.197;0;2.240;80684.0;489.006
17:31:15;80683.8;0.051;0;0;80684.0;486.963
17:31:14;80683.9;0;0;0.084;80684.1;487.014
17:31:13;80683.8;0.014;0;0;80684.0;486.930
17:31:13;80683.9;0;0;0.001;80684.1;486.944
17:31:12;80687.8;2.300;0;0;80688.0;486.943
17:31:12;80687.9;0;0;0.010;80688.1;489.243
17:31:12;80687.8;0.001;0;0;80688.0;489.233
17:31:12;80687.9;0;0;0.017;80688.1;489.234
17:31:11;80687.8;0.003;0;0;80688.0;489.217
17:31:11;80687.9;0;0;0.006;80688.1;489.220
17:31:10;80687.8;0.016;0;0;80688.0;489.214
17:31:10;80687.9;0;0;0.037;80688.1;489.230
17:31:10;80687.8;0.009;0;0;80688.0;489.193
17:31:09;80687.9;0;0;0.004;80688.1;489.202
17:30:45;80656.6;0;0;4.532;80656.8;489.198
17:30:45;80656.5;0.038;0;0;80656.7;484.666
17:30:45;80656.6;0;0;0.012;80656.8;484.704
17:30:45;80656.5;0.006;0;0;80656.7;484.692
17:30:44;80652.8;0;0;8.250;80653.0;484.698
17:30:44;80659.7;1.124;0;0;80659.9;476.448
17:30:43;80659.8;0;0;0.010;80660.0;477.572
17:30:43;80659.7;0.100;0;0;80659.9;477.562
17:30:43;80659.8;0;0;0.088;80660.0;477.662
17:30:42;80669.8;1.855;0;0;80670.0;477.574
17:30:42;80669.9;0;0;0.002;80670.1;479.429
17:30:42;80669.8;0.006;0;0;80670.0;479.427
17:30:41;80668.6;0;0;0.367;80668.8;479.433
17:30:41;80668.5;0.035;0;0;80668.7;479.066
17:30:41;80668.6;0;0;0.202;80668.8;479.101
17:30:41;80668.5;0.076;0;0;80668.7;478.899
17:30:40;80662.9;0;0;0.092;80663.1;478.975
17:30:40;80662.8;0.002;0;0;80663.0;478.883
17:30:40;80656.4;0;0;0.553;80656.6;478.885
17:30:40;80656.3;0.008;0;0;80656.5;478.332
17:30:40;80656.4;0;0;0.177;80656.6;478.340
17:30:40;80656.3;0.011;0;0;80656.5;478.163
17:30:40;80656.4;0;0;0.002;80656.6;478.174
17:30:40;80656.3;0.005;0;0;80656.5;478.172
17:30:40;80656.4;0;0;0.097;80656.6;478.177
17:30:38;80659.4;0.646;0;0;80659.6;478.080
17:30:38;80666.0;0.561;0;0;80666.2;478.726
17:30:38;80666.1;0;0;0.001;80666.3;479.287
17:30:38;80668.6;0.166;0;0;80668.8;479.286
17:30:37;80668.7;0;0;0.007;80668.9;479.452
17:30:37;80668.6;0.050;0;0;80668.8;479.445
17:30:37;80668.7;0;0;0.134;80668.9;479.495
17:30:35;80668.6;0.063;0;0;80668.8;479.361
17:30:35;80668.7;0;0;0.005;80668.9;479.424
17:30:34;80671.0;0.171;0;0;80671.2;479.419
17:30:34;80671.1;0;0;0.012;80671.3;479.590
17:30:34;80671.4;0.430;0;0;80671.6;479.578
17:30:33;80671.5;0;0;0.127;80671.7;480.008
17:30:32;80673.6;0.081;0;0;80673.8;479.881
17:30:32;80673.7;0;0;0.001;80673.9;479.962
17:30:32;80673.6;0.061;0;0;80673.8;479.961
17:30:32;80673.7;0;0;0.009;80673.9;480.022
17:30:32;80681.2;0.364;0;0;80681.4;480.013
17:30:32;80681.3;0;0;0.007;80681.5;480.377
17:30:32;80681.2;0.020;0;0;80681.4;480.370
17:30:32;80681.3;0;0;0.014;80681.5;480.390
17:30:31;80688.8;2.383;0;0;80689.0;480.376
17:30:30;80688.9;0;0;0.004;80689.1;482.759
17:30:30;80688.8;0.001;0;0;80689.0;482.755
17:30:30;80688.9;0;0;0.223;80689.1;482.756
17:30:29;80688.8;0.013;0;0;80689.0;482.533
17:30:29;80688.9;0;0;0.047;80689.1;482.546
17:30:27;80688.8;0.859;0;0;80689.0;482.499
17:30:26;80688.9;0;0;0.003;80689.1;483.358
17:30:26;80688.8;0.014;0;0;80689.0;483.355
17:30:26;80688.9;0;0;0.049;80689.1;483.369
17:30:26;80688.8;0.006;0;0;80689.0;483.320
17:30:26;80688.9;0;0;0.013;80689.1;483.326
17:30:26;80688.8;0.884;0;0;80689.0;483.313
17:30:25;80688.9;0;0;0.014;80689.1;484.197
17:30:25;80688.8;0.004;0;0;80689.0;484.183
17:30:24;80688.9;0;0;0.665;80689.1;484.187
17:30:24;80688.8;0.001;0;0;80689.0;483.522
17:30:24;80688.9;0;0;0.086;80689.1;483.523
17:30:23;80688.8;0.050;0;0;80689.0;483.437
17:30:23;80688.9;0;0;0.051;80689.1;483.487
17:30:22;80688.8;0.150;0;0;80689.0;483.436
17:30:21;80688.9;0;0;0.001;80689.1;483.586
17:30:21;80688.8;0.012;0;0;80689.0;483.585
17:30:21;80688.9;0;0;0.244;80689.1;483.597
17:30:21;80688.8;0.050;0;0;80689.0;483.353
17:30:21;80688.9;0;0;0.007;80689.1;483.403
17:30:20;80688.8;0.044;0;0;80689.0;483.396
17:30:19;80688.9;0;0;0.010;80689.1;483.440
17:30:19;80688.8;0.622;0;0;80689.0;483.430
17:30:19;80688.9;0;0;0.002;80689.1;484.052
17:30:18;80688.8;0.236;0;0;80689.0;484.050
17:30:18;80688.9;0;0;0.008;80689.1;484.286
17:30:18;80688.8;0.007;0;0;80689.0;484.278
17:30:18;80688.9;0;0;0.024;80689.1;484.285
17:30:18;80688.8;0.100;0;0;80689.0;484.261
17:30:17;80688.9;0;0;0.002;80689.1;484.361
17:30:17;80688.8;0.001;0;0;80689.0;484.359
17:30:17;80688.9;0;0;0.001;80689.1;484.360
17:30:17;80690.6;0.064;0;0;80690.8;484.359
17:30:17;80692.1;0.064;0;0;80692.3;484.423
17:30:16;80692.2;0;0;0.109;80692.4;484.487
17:30:16;80692.1;0.157;0;0;80692.3;484.378
17:30:16;80692.2;0;0;0.391;80692.4;484.535
17:30:16;80696.4;0.143;0;0;80696.6;484.144
17:30:16;80696.5;0.008;0;0.002;80696.7;484.287
17:30:16;80696.6;0;0;0.001;80696.8;484.293
17:30:16;80696.9;0.279;0;0;80697.1;484.292
17:30:15;80697.0;0;0;0.066;80697.2;484.571
17:30:15;80696.9;0.008;0;0;80697.1;484.505
17:30:15;80697.0;0;0;0.014;80697.2;484.513
17:30:15;80696.9;0.066;0;0;80697.1;484.499
17:30:14;80697.0;0;0;0.001;80697.2;484.565
17:30:14;80696.9;0.019;0;0;80697.1;484.564
17:30:14;80697.0;0;0;0.001;80697.2;484.583
17:30:13;80696.9;0.156;0;0;80697.1;484.582
17:30:13;80697.0;0;0;2.043;80697.2;484.738
17:30:13;80696.9;0.109;0;0;80697.1;482.695
17:30:13;80697.0;0;0;0.060;80697.2;482.804
17:30:12;80696.9;0.023;0;0;80697.1;482.744
17:30:11;80697.0;0;0;0.490;80697.2;482.767
17:30:11;80698.1;0.020;0;0;80698.3;482.277
17:30:11;80698.2;0;0;0.001;80698.4;482.297
17:30:11;80698.9;0.006;0;0;80699.1;482.296
17:30:11;80699.0;0;0;0.001;80699.2;482.302
17:30:11;80700.2;0.034;0;0;80700.4;482.301
17:30:11;80700.3;0;0;0.001;80700.5;482.335
17:30:11;80700.7;0.048;0;0;80700.9;482.334
17:30:11;80700.8;0;0;0.001;80701.0;482.382
17:30:11;80703.7;0.025;0;0;80703.9;482.381
17:30:11;80703.8;0;0;0.001;80704.0;482.406
17:30:11;80704.9;0.019;0;0;80705.1;482.405
17:30:11;80705.0;0;0;0.001;80705.2;482.424
17:30:11;80709.1;1.053;0;0;80709.3;482.423
17:30:11;80709.2;0;0;0.001;80709.4;483.476
17:30:11;80709.1;0.024;0;0;80709.3;483.475
17:30:10;80709.2;0;0;0.184;80709.4;483.499
17:30:10;80709.1;0.001;0;0;80709.3;483.315
17:30:10;80709.2;0;0;0.002;80709.4;483.316
17:30:10;80709.1;0.001;0;0;80709.3;483.314
17:30:10;80709.2;0;0;0.019;80709.4;483.315
17:30:10;80709.1;0.029;0;0;80709.3;483.296
17:30:09;80709.2;0;0;0.106;80709.4;483.325
17:30:09;80709.1;0.001;0;0;80709.3;483.219
17:30:09;80709.2;0;0;0.024;80709.4;483.220
17:30:09;80709.1;0.091;0;0;80709.3;483.196
17:30:09;80709.2;0;0;0.001;80709.4;483.287
17:30:09;80710.3;0.011;0;0;80710.5;483.286
17:30:09;80710.5;0;0;0.001;80710.7;483.297
17:30:09;80711.1;0.316;0;0;80711.3;483.296
17:30:09;80711.3;0;0;0.001;80711.5;483.612
17:30:09;80711.8;0.008;0;0;80712.0;483.611
17:30:09;80712.1;0;0;0.001;80712.3;483.619
17:30:09;80713.1;5.068;0;0;80713.3;483.618
17:30:08;80713.2;0;0;0.001;80713.4;488.686
17:30:08;80713.1;0.072;0;0;80713.3;488.685
17:30:08;80713.2;0;0;0.267;80713.4;488.757
17:30:07;80713.1;0.049;0;0;80713.3;488.490
17:30:07;80709.7;0;0;1.402;80709.9;488.539
17:30:07;80709.6;0.007;0;0;80709.8;487.137
17:30:07;80709.7;0;0;0.187;80709.9;487.144
17:30:07;80709.6;0.012;0;0;80709.8;486.957
17:30:07;80697.0;0;0;1.433;80697.2;486.969
17:30:07;80696.9;0.002;0;0;80697.1;485.536
17:30:07;80697.0;0;0;0.212;80697.2;485.538
17:30:07;80696.9;0.004;0;0;80697.1;485.326
17:30:07;80697.0;0;0;0.057;80697.2;485.330
17:30:07;80696.8;0.009;0;0;80697.0;485.273
17:30:07;80695.9;0;0;1.056;80696.1;485.282
17:30:07;80694.8;0.034;0;0;80695.0;484.226
17:30:07;80691.1;0;0;0.340;80691.3;484.260
17:30:07;80690.6;0.015;0;0;80690.8;483.920
17:30:07;80691.8;0;0;0.003;80692.0;483.935
17:30:07;80687.3;0;0;0.354;80687.5;483.932
17:30:07;80685.8;0;0;5.717;80686.0;483.578
17:30:07;80685.7;0.049;0;0;80685.9;477.861
17:30:06;80684.6;0;0;6.385;80684.8;477.910
17:30:06;80681.6;0;0;0.547;80681.8;471.525
17:30:06;80681.0;0.204;0;0;80681.2;470.978
17:30:06;80679.4;0;0;0.640;80679.6;471.182
17:30:06;80679.2;0.001;0;0;80679.4;470.542
17:30:06;80677.4;0;0;0.237;80677.6;470.543
17:30:06;80677.0;0.002;0;0;80677.2;470.306
17:30:06;80673.9;0;0;0.269;80674.1;470.308
17:30:06;80673.5;0.001;0;0;80673.7;470.039
17:30:06;80673.7;0;0;0.068;80673.9;470.040
17:30:06;80673.5;0.001;0;0;80673.7;469.972
17:30:06;80672.3;0;0;0.149;80672.5;469.973
17:30:06;80672.1;0.001;0;0;80672.3;469.824
17:30:06;80669.1;0;0;0.242;80669.3;469.825
17:30:06;80668.4;0.001;0;0;80668.6;469.583
17:30:06;80670.4;0;0;0.002;80670.6;469.584
17:30:06;80667.7;0.002;0;0;80667.9;469.582
17:30:06;80667.2;0;0;0.128;80667.4;469.584
17:30:06;80667.1;0.001;0;0;80667.3;469.456
17:30:06;80665.4;0;0;0.085;80665.6;469.457
17:30:06;80665.3;0.001;0;0;80665.5;469.372
17:30:06;80665.4;0;0;0.041;80665.6;469.373
17:30:06;80662.7;0.001;0;0;80662.9;469.332
17:30:06;80663.9;0;0;0.040;80664.1;469.333
17:30:06;80661.2;0;0;0.638;80661.4;469.293
17:30:06;80656.9;0.001;0;0;80657.1;468.655
17:30:06;80652.7;0;0;5.253;80652.9;468.656
17:30:06;80649.7;0.001;0;0;80649.9;463.403
17:30:06;80652.2;0;0;0.122;80652.4;463.404
17:30:06;80649.7;0.001;0;0;80649.9;463.282
17:30:06;80648.8;0;0;3.581;80649.0;463.283
17:30:06;80648.7;0.001;0;0;80648.9;459.702
17:30:06;80631.3;0;0;15.516;80631.5;459.703
17:30:06;80631.2;0.001;0;0;80631.4;444.187
17:30:06;80631.3;0;0;0.015;80631.5;444.188
17:30:06;80631.2;0.002;0;0;80631.4;444.173
17:30:06;80631.3;0;0;0.107;80631.5;444.175
17:30:06;80631.2;0.037;0;0;80631.4;444.068
17:30:05;80631.3;0;0;0.018;80631.5;444.105
17:30:04;80631.2;0.295;0;0;80631.4;444.087
17:30:03;80631.3;0;0;0.003;80631.5;444.382
17:30:02;80631.2;0.120;0;0;80631.4;444.379
17:30:02;80631.3;0;0;0.001;80631.5;444.499
17:30:02;80631.2;0.007;0;0;80631.4;444.498
17:30:02;80631.3;0;0;0.004;80631.5;444.505
17:30:01;80631.2;0.085;0;0;80631.4;444.501
17:30:00;80631.3;0;0;0.057;80631.5;444.586
17:30:00;80631.2;0.009;0;0;80631.4;444.529
17:30:00;80629.9;0;0;0.375;80630.1;444.538
17:30:00;80629.8;0.001;0;0;80630.0;444.163
17:30:00;80628.6;0;0;0.009;80628.8;444.164
17:30:00;80628.5;0.001;0;0;80628.7;444.155
17:30:00;80625.4;0;0;0.428;80625.6;444.156
17:30:00;80625.3;3.003;0;0;80625.5;443.728
17:30:00;80625.4;0;0;0.070;80625.6;446.731
17:30:00;80625.3;0.015;0;0;80625.5;446.661
17:29:59;80625.4;0;0;0.400;80625.6;446.676
17:29:59;80625.3;0.025;0;0;80625.5;446.276
17:29:59;80625.4;0;0;0.002;80625.6;446.301
17:29:59;80625.3;0.059;0;0;80625.5;446.299
17:29:58;80625.4;0;0;0.044;80625.6;446.358
17:29:58;80625.3;0.231;0;0;80625.5;446.314
17:29:57;80625.4;0.984;0;0.002;80625.6;446.545
17:29:56;80629.8;0.665;0;0;80630.0;447.527
17:29:56;80629.9;0;0;0.001;80630.1;448.192
17:29:56;80629.8;0.044;0;0;80630.0;448.191
17:29:56;80629.9;0;0;0.032;80630.1;448.235
17:29:56;80629.8;0.070;0;0;80630.0;448.203
17:29:56;80629.9;0;0;0.036;80630.1;448.273
17:29:55;80631.2;1.789;0;0;80631.4;448.237
17:29:55;80631.3;0;0;0.004;80631.5;450.026
17:29:55;80631.2;0.023;0;0;80631.4;450.022
17:29:55;80631.3;0;0;0.001;80631.5;450.045
17:29:54;80631.2;0.321;0;0;80631.4;450.044
17:29:54;80631.3;0;0;0.035;80631.5;450.365
17:29:54;80631.2;0.063;0;0;80631.4;450.330
17:29:54;80631.3;0;0;0.113;80631.5;450.393
17:29:54;80631.2;0.004;0;0;80631.4;450.280
17:29:53;80631.3;0;0;0.101;80631.5;450.284
17:29:53;80631.2;0.073;0;0;80631.4;450.183
17:29:53;80631.3;0;0;0.006;80631.5;450.256
17:29:52;80631.2;0.052;0;0;80631.4;450.250
17:29:51;80631.3;0;0;0.025;80631.5;450.302
17:29:51;80631.2;0.605;0;0;80631.4;450.277
17:29:51;80631.3;0;0;0.223;80631.5;450.882
17:29:50;80631.2;0.016;0;0;80631.4;450.659
17:29:50;80631.3;0;0;0.015;80631.5;450.675
17:29:50;80631.2;1.130;0;0;80631.4;450.660
17:29:49;80631.3;0;0;0.022;80631.5;451.790
17:29:49;80631.2;0.050;0;0;80631.4;451.768
17:29:48;80631.3;0;0;0.467;80631.5;451.818
17:29:48;80631.2;0.003;0;0;80631.4;451.351
17:29:48;80630.9;0;0;0.117;80631.1;451.354
17:29:48;80630.8;0.001;0;0;80631.0;451.237
17:29:48;80630.4;0;0;0.024;80630.6;451.238
17:29:48;80630.3;0.001;0;0;80630.5;451.214
17:29:48;80630.2;0.001;0;0;80630.4;451.215
17:29:48;80629.1;0;0;0.011;80629.3;451.216
17:29:48;80629.0;0.002;0;0;80629.2;451.205
17:29:48;80625.8;0;0;0.027;80626.0;451.207
17:29:48;80625.7;0.047;0;0;80625.9;451.180
17:29:48;80624.9;0;0;0.942;80625.1;451.227
17:29:48;80624.8;0.051;0;0.084;80625.0;450.285
17:29:48;80624.7;0.001;0;0;80624.9;450.252
17:29:48;80623.8;0;0;0.928;80624.0;450.253
17:29:48;80623.7;0.003;0;0;80623.9;449.325
17:29:48;80623.1;0;0;0.673;80623.3;449.328
17:29:48;80624.6;0.515;0;0;80624.8;448.655
17:29:47;80624.7;1.566;0;0.010;80624.9;449.170
17:29:47;80624.8;0.853;0;0.003;80625.0;450.726
17:29:47;80624.9;0;0;0.001;80625.1;451.576
17:29:45;80624.8;0.452;0;0;80625.0;451.575
17:29:45;80624.9;0;0;0.002;80625.1;452.027
17:29:45;80624.8;0.447;0;0;80625.0;452.025
17:29:45;80624.9;0;0;0.065;80625.1;452.472
17:29:44;80630.3;1.673;0;0;80630.5;452.407
17:29:43;80630.4;0;0;0.083;80630.6;454.080
17:29:43;80630.3;0.439;0;0;80630.5;453.997
17:29:43;80630.4;0;0;0.100;80630.6;454.436
17:29:43;80632.6;0.018;0;0;80632.8;454.336
17:29:42;80632.7;0.167;0;0.012;80632.9;454.354
17:29:42;80632.8;0;0;1.298;80633.0;454.509
17:29:42;80632.7;0.001;0;0;80632.9;453.211
17:29:42;80632.8;0;0;0.026;80633.0;453.212
17:29:42;80632.7;0.018;0;0;80632.9;453.186
17:29:41;80632.8;0;0;0.089;80633.0;453.204
17:29:40;80635.3;0.351;0;0;80635.5;453.115
17:29:40;80635.4;0;0;0.003;80635.6;453.466
17:29:39;80635.3;0.003;0;0;80635.5;453.463
17:29:39;80635.4;0;0;0.108;80635.6;453.466
17:29:39;80635.3;0.027;0;0;80635.5;453.358
17:29:39;80635.4;0;0;0.011;80635.6;453.385
17:29:39;80635.3;0.312;0;0;80635.5;453.374
17:29:39;80635.4;0;0;0.036;80635.6;453.686
17:29:38;80635.3;0.187;0;0;80635.5;453.650
17:29:38;80635.4;0;0;0.013;80635.6;453.837
17:29:37;80638.7;1.082;0;0;80638.9;453.824
17:29:36;80638.8;0;0;0.001;80639.0;454.906
17:29:36;80638.7;0.043;0;0;80638.9;454.905
17:29:36;80638.8;0;0;0.002;80639.0;454.948
17:29:35;80638.7;0.124;0;0;80638.9;454.946
17:29:35;80638.8;0;0;0.004;80639.0;455.070
17:29:35;80638.7;0.001;0;0;80638.9;455.066
17:29:34;80638.8;0;0;0.013;80639.0;455.067
17:29:33;80638.7;0.120;0;0;80638.9;455.054
17:29:33;80638.8;0;0;1.000;80639.0;455.174
17:29:32;80638.7;1.921;0;0;80638.9;454.174
17:29:32;80638.8;0;0;0.468;80639.0;456.095
17:29:32;80638.7;0.153;0;0;80638.9;455.627
17:29:32;80638.8;0;0;0.125;80639.0;455.780
17:29:31;80638.7;0.809;0;0;80638.9;455.655
17:29:31;80638.8;0;0;0.143;80639.0;456.464
17:29:31;80638.7;0.474;0;0;80638.9;456.321
17:29:31;80638.8;0;0;0.020;80639.0;456.795
17:29:31;80638.6;0.001;0;0;80638.8;456.775
17:29:31;80629.9;0;0;32.078;80630.1;456.776
17:29:31;80629.8;0.001;0;2.186;80630.0;424.698
17:29:31;80629.7;0.001;0;0;80629.9;422.513
17:29:31;80629.1;0;0;0.516;80629.3;422.514
17:29:31;80629.0;0.001;0;0;80629.2;421.998
17:29:31;80628.7;0.001;0;0;80628.9;421.999
17:29:31;80627.6;0;0;0.650;80627.8;422.000
17:29:31;80625.9;0.001;0;3.129;80626.1;421.350
17:29:31;80625.8;1.017;0;0;80626.0;418.222
17:29:31;80625.9;0;0;11.354;80626.1;419.239
17:29:31;80629.7;1.146;0;0;80629.9;407.885
17:29:30;80629.8;0;0;0.009;80630.0;409.031
17:29:30;80629.7;0.300;0;0;80629.9;409.022
17:29:30;80629.8;1.069;0;0.508;80630.0;409.322
17:29:29;80629.9;0;0;0.002;80630.1;409.883
17:29:28;80629.8;1.188;0;0;80630.0;409.881
17:29:28;80629.9;0;0;0.050;80630.1;411.069
17:29:28;80629.8;2.002;0;0;80630.0;411.019
17:29:28;80629.9;0;0;0.039;80630.1;413.021
17:29:28;80629.8;0.002;0;0;80630.0;412.982
17:29:28;80629.9;0;0;0.056;80630.1;412.984
17:29:28;80629.8;0.209;0;0;80630.0;412.928
17:29:28;80629.9;0;0;7.991;80630.1;413.137
17:29:28;80629.8;0.001;0;0;80630.0;405.146
17:29:28;80629.9;0;0;11.211;80630.1;405.147
17:29:28;80629.8;0.059;0;0;80630.0;393.936
17:29:28;80629.9;0;0;0.115;80630.1;393.995
17:29:28;80629.8;0.050;0;0;80630.0;393.880
17:29:28;80629.9;0;0;1.022;80630.1;393.930
17:29:28;80629.8;0.032;0;0;80630.0;392.908
17:29:28;80629.9;0;0;0.007;80630.1;392.940
17:29:27;80639.2;22.832;0;0;80639.4;392.933
17:29:27;80639.3;0;0;0.008;80639.5;415.765
17:29:27;80639.2;0.073;0;0;80639.4;415.757
17:29:27;80639.3;0;0;0.001;80639.5;415.830
17:29:26;80639.2;0.058;0;0;80639.4;415.829
17:29:26;80639.3;0;0;0.007;80639.5;415.887
17:29:26;80639.2;0.260;0;0;80639.4;415.880
17:29:25;80639.3;0;0;0.080;80639.5;416.140
17:29:25;80639.2;0.031;0;0;80639.4;416.060
17:29:25;80639.3;0;0;1.098;80639.5;416.091
17:29:25;80639.2;0.140;0;0;80639.4;414.993
17:29:24;80639.3;0;0;0.047;80639.5;415.133
17:29:24;80639.2;1.010;0;0;80639.4;415.086
17:29:24;80639.3;0;0;0.007;80639.5;416.096
17:29:24;80639.2;0.496;0;0;80639.4;416.089
17:29:23;80639.3;0;0;0.039;80639.5;416.585
17:29:23;80639.2;0.009;0;0;80639.4;416.546
17:29:22;80639.3;0;0;0.073;80639.5;416.555
17:29:22;80639.2;0.079;0;0;80639.4;416.482
17:29:22;80639.3;0;0;0.378;80639.5;416.561
17:29:22;80639.2;0.001;0;0;80639.4;416.183
17:29:22;80639.3;0;0;0.051;80639.5;416.184
17:29:21;80639.9;1.936;0;0;80640.1;416.133
17:29:20;80640.0;0;0;0.002;80640.2;418.069
17:29:20;80639.9;0.112;0;0;80640.1;418.067
17:29:20;80640.0;0;0;0.065;80640.2;418.179
17:29:20;80639.9;0.050;0;0;80640.1;418.114
17:29:19;80640.0;0;0;0.034;80640.2;418.164
17:29:19;80639.9;1.604;0;0;80640.1;418.130
17:29:19;80640.0;0;0;0.002;80640.2;419.734
17:29:19;80639.9;0.017;0;0;80640.1;419.732
17:29:19;80640.0;0;0;0.001;80640.2;419.749
17:29:19;80643.9;1.569;0;0;80644.1;419.748
17:29:18;80644.0;0.988;0;0.003;80644.2;421.317
17:29:18;80644.1;0;0;0.001;80644.3;422.302
17:29:17;80644.0;0.217;0;0;80644.2;422.301
17:29:17;80644.1;0;0;0.001;80644.3;422.518
17:29:16;80644.0;0.320;0;0;80644.2;422.517
17:29:16;80644.1;0;0;0.635;80644.3;422.837
17:29:16;80644.0;0.002;0;0;80644.2;422.202
17:29:16;80644.1;0;0;0.007;80644.3;422.204
17:29:16;80644.0;0.001;0;0;80644.2;422.197
17:29:16;80644.1;0;0;0.037;80644.3;422.198
17:29:15;80644.0;0.059;0;0;80644.2;422.161
17:29:15;80644.1;0;0;0.001;80644.3;422.220
17:29:15;80644.0;0.055;0;0;80644.2;422.219
17:29:15;80644.1;0;0;0.349;80644.3;422.274
17:29:14;80644.0;0.130;0;0;80644.2;421.925
17:29:14;80644.1;0;0;0.105;80644.3;422.055
17:29:14;80644.0;0.002;0;0;80644.2;421.950
17:29:14;80644.1;0;0;0.002;80644.3;421.952
17:29:13;80644.0;0.392;0;0;80644.2;421.950
17:29:13;80644.1;0;0;0.011;80644.3;422.342
17:29:13;80644.0;0.024;0;0;80644.2;422.331
17:29:13;80644.1;0;0;0.015;80644.3;422.355
17:29:13;80644.0;0.424;0;0;80644.2;422.340
17:29:13;80644.1;0;0;0.054;80644.3;422.764
17:29:13;80644.0;0.276;0;0;80644.2;422.710
17:29:13;80644.1;0;0;0.037;80644.3;422.986
17:29:12;80644.0;0.114;0;0;80644.2;422.949
17:29:12;80644.1;0;0;1.057;80644.3;423.063
17:29:12;80644.0;0.410;0;0;80644.2;422.006
17:29:12;80644.1;0;0;0.001;80644.3;422.416
17:29:12;80644.0;0.005;0;0;80644.2;422.415
17:29:11;80644.1;0;0;0.034;80644.3;422.420
17:29:11;80644.0;0.027;0;0;80644.2;422.386
17:29:11;80644.1;0;0;0.170;80644.3;422.413
17:29:11;80644.0;0.123;0;0;80644.2;422.243
17:29:10;80644.1;0;0;0.750;80644.3;422.366
17:29:10;80644.0;0.505;0;0;80644.2;421.616
17:29:10;80644.1;0;0;0.038;80644.3;422.121
17:29:10;80644.0;0.027;0;0;80644.2;422.083
17:29:09;80644.1;0;0;0.001;80644.3;422.110
17:29:09;80644.3;1.234;0;0;80644.5;422.109
17:29:08;80644.4;0;0;0.015;80644.6;423.343
17:29:07;80644.3;2.276;0;0;80644.5;423.328
17:29:07;80644.4;0;0;0.009;80644.6;425.604
17:29:06;80644.3;0.365;0;0;80644.5;425.595
17:29:06;80644.4;0;0;0.309;80644.6;425.960
17:29:06;80644.3;0.046;0;0;80644.5;425.651
17:29:06;80644.4;0;0;0.005;80644.6;425.697
17:29:06;80644.3;0.006;0;0;80644.5;425.692
17:29:06;80644.4;0;0;0.002;80644.6;425.698
17:29:05;80644.3;0.206;0;0;80644.5;425.696
17:29:05;80644.4;0;0;0.001;80644.6;425.902
17:29:05;80644.3;0.828;0;0;80644.5;425.901
17:29:05;80644.4;0;0;0.004;80644.6;426.729
17:29:05;80644.3;0.392;0;0;80644.5;426.725
17:29:05;80644.4;0;0;0.001;80644.6;427.117
17:29:05;80644.3;0.025;0;0;80644.5;427.116
17:29:04;80644.4;0;0;0.003;80644.6;427.141
17:29:04;80645.7;0.682;0;0;80645.9;427.138
17:29:04;80647.8;0;0;0.022;80648.0;427.820
17:29:04;80648.0;0.704;0;0;80648.2;427.798
17:29:04;80650.0;0;0;0.074;80650.2;428.502
17:29:04;80648.0;0.015;0;0;80648.2;428.428
17:29:04;80650.0;0;0;0.008;80650.2;428.443
17:29:04;80649.9;1.137;0;0;80650.1;428.435
17:29:04;80650.0;0;0;0.007;80650.2;429.572
17:29:04;80649.9;0.387;0;0;80650.1;429.565
17:29:04;80650.0;0;0;0.002;80650.2;429.952
17:29:04;80652.7;0.341;0;0;80652.9;429.950
17:29:04;80652.8;0.464;0;0.244;80653.0;430.291
17:29:04;80652.9;0;0;0.015;80653.1;430.511
17:29:04;80652.8;0.007;0;0;80653.0;430.496
17:29:03;80652.9;0;0;0.001;80653.1;430.503
17:29:03;80652.8;1.207;0;0;80653.0;430.502
17:29:03;80652.9;0;0;0.024;80653.1;431.709
17:29:02;80652.8;0.206;0;0;80653.0;431.685
17:29:02;80652.9;0;0;0.018;80653.1;431.891
17:29:02;80652.8;0.111;0;0;80653.0;431.873
17:29:02;80652.9;0;0;0.001;80653.1;431.984
17:29:02;80652.8;1.988;0;0;80653.0;431.983
17:29:02;80652.9;0;0;0.001;80653.1;433.971
17:29:01;80652.8;0.121;0;0;80653.0;433.970
17:29:01;80652.9;0;0;0.038;80653.1;434.091
17:29:00;80652.8;0.016;0;0;80653.0;434.053
17:29:00;80652.9;0;0;0.050;80653.1;434.069
17:28:59;80655.8;0.293;0;0;80656.0;434.019
17:28:59;80655.9;0;0;0.088;80656.1;434.312
17:28:59;80657.0;1.971;0;0;80657.2;434.224
17:28:59;80657.1;0;0;0.103;80657.3;436.195
17:28:58;80657.0;0.015;0;0;80657.2;436.092
17:28:58;80657.1;0;0;0.017;80657.3;436.107
17:28:58;80657.0;0.109;0;0;80657.2;436.090
17:28:57;80657.1;0;0;0.001;80657.3;436.199
17:28:57;80657.0;0.005;0;0;80657.2;436.198
17:28:57;80657.1;0;0;0.204;80657.3;436.203
17:28:56;80659.1;1.423;0;0;80659.3;435.999
17:28:56;80659.2;0;0;0.475;80659.4;437.422
17:28:56;80659.1;0.013;0;0;80659.3;436.947
17:28:56;80659.2;0;0;0.002;80659.4;436.960
17:28:55;80659.1;0.007;0;0;80659.3;436.958
17:28:55;80659.2;0;0;0.003;80659.4;436.965
17:28:55;80659.7;0.125;0;0;80659.9;436.962
17:28:55;80659.9;0;0;0.064;80660.1;437.087
17:28:55;80662.0;4.164;0;0;80662.2;437.023
17:28:55;80662.1;0;0;0.100;80662.3;441.187
17:28:53;80662.0;0.174;0;0;80662.2;441.087
17:28:53;80662.1;0;0;0.002;80662.3;441.261
17:28:53;80662.0;0.006;0;0;80662.2;441.259
17:28:53;80662.1;0;0;0.100;80662.3;441.265
17:28:53;80662.0;0.077;0;0;80662.2;441.165
17:28:53;80662.1;0;0;0.002;80662.3;441.242
17:28:52;80666.8;1.123;0;0;80667.0;441.240
17:28:52;80666.9;0;0;0.019;80667.1;442.363
17:28:52;80666.8;0.032;0;0;80667.0;442.344
17:28:52;80666.9;3.840;0;0.448;80667.1;442.376
17:28:52;80667.0;0;0;0.020;80667.2;445.768
17:28:51;80666.9;0.113;0;0;80667.1;445.748
17:28:51;80667.0;0;0;0.041;80667.2;445.861
17:28:51;80667.1;0.315;0;0;80667.3;445.820
17:28:51;80667.2;0;0;0.005;80667.4;446.135
17:28:50;80667.1;3.240;0;0;80667.3;446.130
17:28:50;80667.2;0;0;0.679;80667.4;449.370
17:28:50;80667.1;0.017;0;0;80667.3;448.691
17:28:49;80667.2;0;0;0.002;80667.4;448.708
17:28:49;80667.1;0.065;0;0;80667.3;448.706
17:28:49;80667.2;0;0;0.026;80667.4;448.771
17:28:49;80667.1;0.022;0;0;80667.3;448.745
17:28:48;80667.2;0;0;0.003;80667.4;448.767
17:28:46;80667.1;2.824;0;0;80667.3;448.764
17:28:46;80667.2;0;0;0.002;80667.4;451.588
17:28:45;80667.1;0.091;0;0;80667.3;451.586
17:28:45;80667.2;0;0;1.000;80667.4;451.677
17:28:44;80667.1;2.099;0;0;80667.3;450.677
17:28:44;80667.2;0;0;0.002;80667.4;452.776
17:28:44;80667.1;0.001;0;0;80667.3;452.774
17:28:44;80674.8;0;0;0.002;80675.0;452.775
17:28:43;80674.9;16.183;0;0;80675.1;452.773
17:28:43;80675.0;0;0;0.102;80675.2;468.956
17:28:43;80674.9;0.014;0;0;80675.1;468.854
17:28:42;80675.0;0;0;0.388;80675.2;468.868
17:28:42;80674.9;0.003;0;0;80675.1;468.480
17:28:41;80675.2;1.148;0;0;80675.4;468.483
17:28:41;80675.3;0;0;0.007;80675.5;469.631
17:28:39;80675.2;0.236;0;0;80675.4;469.624
17:28:39;80675.3;0;0;0.018;80675.5;469.860
17:28:35;80675.2;1.107;0;0;80675.4;469.842
17:28:35;80675.3;0;0;0.004;80675.5;470.949
17:28:34;80675.2;0.307;0;0;80675.4;470.945
17:28:34;80675.3;0;0;0.001;80675.5;471.252
17:28:34;80675.2;4.002;0;0;80675.4;471.251
17:28:33;80675.3;0;0;0.141;80675.5;475.253
17:28:33;80675.2;0.001;0;0;80675.4;475.112
17:28:33;80675.3;0;0;0.001;80675.5;475.113
17:28:33;80675.2;0.130;0;0;80675.4;475.112
17:28:32;80675.3;0;0;0.002;80675.5;475.242
17:28:32;80675.2;0.001;0;0;80675.4;475.240
17:28:32;80675.3;0;0;0.121;80675.5;475.241
17:28:32;80675.2;0.023;0;0;80675.4;475.120
17:28:32;80675.3;0;0;0.045;80675.5;475.143
17:28:32;80675.2;0.003;0;0;80675.4;475.098
17:28:31;80675.3;0;0;0.010;80675.5;475.101
17:28:31;80675.2;0.082;0;0;80675.4;475.091
17:28:30;80675.3;0;0;0.618;80675.5;475.173
17:28:30;80675.2;0.100;0;0;80675.4;474.555
17:28:30;80675.3;0;0;0.009;80675.5;474.655
17:28:30;80675.2;0.004;0;0;80675.4;474.646
17:28:30;80675.3;0;0;0.001;80675.5;474.650
17:28:29;80675.2;0.511;0;0;80675.4;474.649
17:28:28;80675.3;0;0;0.013;80675.5;475.160
17:28:28;80675.2;0.011;0;0;80675.4;475.147
17:28:27;80675.3;0;0;0.005;80675.5;475.158
17:28:27;80675.2;0.176;0;0;80675.4;475.153
17:28:26;80675.3;0;0;0.001;80675.5;475.329
17:28:26;80675.2;2.710;0;0;80675.4;475.328
17:28:25;80675.3;0;0;0.005;80675.5;478.038
17:28:24;80675.2;0.078;0;0;80675.4;478.033
17:28:24;80675.3;0;0;0.147;80675.5;478.111
17:28:24;80675.2;0.059;0;0;80675.4;477.964
17:28:24;80675.3;0;0;0.001;80675.5;478.023
17:28:24;80675.2;0.011;0;0;80675.4;478.022
17:28:24;80675.3;0;0;0.093;80675.5;478.033
17:28:23;80675.2;0.228;0;0;80675.4;477.940
17:28:23;80675.3;0;0;0.002;80675.5;478.168
17:28:22;80675.2;0.003;0;0;80675.4;478.166
17:28:22;80675.3;0;0;0.026;80675.5;478.169
17:28:22;80675.2;0.002;0;0;80675.4;478.143
17:28:22;80675.3;0;0;0.004;80675.5;478.145
17:28:22;80681.2;1.816;0;0;80681.4;478.141
17:28:21;80681.3;0;0;0.048;80681.5;479.957
17:28:21;80681.2;0.001;0;0;80681.4;479.909
17:28:21;80681.3;0;0;0.008;80681.5;479.910
17:28:21;80681.2;0.003;0;0;80681.4;479.902
17:28:21;80681.3;0;0;0.002;80681.5;479.905
17:28:21;80682.7;1.723;0;0;80682.9;479.903
17:28:20;80682.8;0;0;0.001;80683.0;481.626
17:28:20;80682.7;0.009;0;0;80682.9;481.625
17:28:20;80682.8;0;0;0.001;80683.0;481.634
17:28:19;80682.7;0.239;0;0;80682.9;481.633
17:28:19;80682.8;0;0;0.066;80683.0;481.872
17:28:19;80682.7;0.211;0;0;80682.9;481.806
17:28:18;80682.8;0;0;0.010;80683.0;482.017
17:28:18;80682.7;0.001;0;0;80682.9;482.007
17:28:18;80682.8;0;0;0.006;80683.0;482.008
17:28:17;80682.7;0.855;0;0;80682.9;482.002
17:28:17;80682.8;0;0;0.019;80683.0;482.857
17:28:17;80682.7;0.018;0;0;80682.9;482.838
17:28:16;80682.8;0;0;0.016;80683.0;482.856
17:28:16;80682.7;0.004;0;0;80682.9;482.840
17:28:16;80682.8;0;0;0.394;80683.0;482.844
17:28:15;80682.7;0.527;0;0;80682.9;482.450
17:28:14;80682.8;0;0;2.218;80683.0;482.977
17:28:14;80682.7;0.399;0;0;80682.9;480.759
17:28:14;80682.8;0;0;0.006;80683.0;481.158
17:28:13;80682.7;0.012;0;0;80682.9;481.152
17:28:13;80682.8;0;0;0.015;80683.0;481.164
17:28:12;80682.7;0.017;0;0;80682.9;481.149
17:28:11;80682.8;0;0;0.017;80683.0;481.166
17:28:10;80683.0;0.880;0;0;80683.2;481.149
17:28:10;80683.1;0;0;0.003;80683.3;482.029
17:28:10;80683.0;0.024;0;0;80683.2;482.026
17:28:10;80683.1;0;0;0.042;80683.3;482.050
17:28:09;80683.0;0.310;0;0;80683.2;482.008
17:28:09;80683.1;0;0;0.024;80683.3;482.318
17:28:09;80683.0;0.002;0;0;80683.2;482.294
17:28:09;80682.6;0;0;0.046;80682.8;482.296
17:28:09;80682.5;0.001;0;0;80682.7;482.250
17:28:09;80679.9;0;0;0.217;80680.1;482.251
17:28:09;80679.8;0.043;0;0;80680.0;482.034
17:28:09;80679.9;0;0;0.002;80680.1;482.077
17:28:09;80679.8;0.005;0;0;80680.0;482.075
17:28:09;80679.6;0;0;0.065;80679.8;482.080
17:28:08;80679.5;0.218;0;0;80679.7;482.015
17:28:08;80679.6;0;0;0.002;80679.8;482.233
17:28:08;80679.5;0.004;0;0;80679.7;482.231
17:28:08;80678.9;0;0;0.167;80679.1;482.235
17:28:08;80678.8;0.020;0;0;80679.0;482.068
17:28:08;80678.3;0;0;1.009;80678.5;482.088
17:28:07;80678.2;0.662;0;0;80678.4;481.079
17:28:06;80678.0;0;0;1.845;80678.2;481.741
17:28:06;80677.9;0.533;0;0;80678.1;479.896
17:28:06;80678.0;0;0;0.059;80678.2;480.429
17:28:06;80677.9;0.001;0;0;80678.1;480.370
17:28:06;80678.0;0;0;0.001;80678.2;480.371
17:28:06;80677.9;0.063;0;0;80678.1;480.370
17:28:05;80678.0;0;0;0.048;80678.2;480.433
17:28:05;80677.9;0.009;0;0;80678.1;480.385
17:28:05;80678.0;0;0;0.100;80678.2;480.394
17:28:05;80677.9;0.371;0;0;80678.1;480.294
17:28:05;80678.0;0;0;0.007;80678.2;480.665
17:28:04;80677.9;0.446;0;0;80678.1;480.658
17:28:04;80678.0;0;0;0.081;80678.2;481.104
17:28:03;80677.9;0.289;0;0;80678.1;481.023
17:28:03;80678.0;0;0;0.001;80678.2;481.312
17:28:02;80677.9;0.091;0;0;80678.1;481.311
17:28:02;80678.0;0;0;0.002;80678.2;481.402
17:28:01;80679.9;3.249;0;0;80680.1;481.400
17:28:01;80680.0;0;0;0.087;80680.2;484.649
17:28:01;80684.5;6.935;0;0;80684.7;484.562
17:28:01;80684.6;0;0;0.012;80684.8;491.497
17:28:01;80684.5;0.005;0;0;80684.7;491.485
17:28:01;80684.6;0;0;0.116;80684.8;491.490
17:28:00;80685.3;0.679;0;0;80685.5;491.374
17:28:00;80685.4;0;0;0.002;80685.6;492.053
17:28:00;80690.7;0.147;0;0;80690.9;492.051
17:28:00;80690.8;0;0;0.035;80691.0;492.198
17:28:00;80690.7;0.562;0;0;80690.9;492.163
17:28:00;80690.8;0;0;0.042;80691.0;492.725
17:28:00;80694.7;0.680;0;0;80694.9;492.683
17:28:00;80694.8;0;0;0.002;80695.0;493.363
17:28:00;80694.7;0.006;0;0;80694.9;493.361
17:28:00;80699.7;0;0;0.037;80699.9;493.367
17:28:00;80684.9;0.175;0;0;80685.1;493.330
17:28:00;80700.0;0;0;1.869;80700.2;493.505
17:28:00;80686.0;4.971;0;0;80686.2;491.636
17:28:00;80700.0;0;0;0.005;80700.2;496.607
17:27:59;80700.7;37.464;0;0;80700.9;496.602
17:27:58;80706.5;8.011;0;0;80706.7;534.066
17:27:58;80706.6;0;0;0.007;80706.8;542.077
17:27:57;80706.5;0.734;0;0;80706.7;542.070
17:27:57;80706.6;0;0;0.060;80706.8;542.804
17:27:57;80709.9;0.800;0;0;80710.1;542.744
17:27:57;80710.0;0;0;0.007;80710.2;543.544
17:27:56;80710.6;0.083;0;0;80710.8;543.537
17:27:56;80710.7;0;0;0.012;80710.9;543.620
17:27:56;80710.6;0.010;0;0;80710.8;543.608
17:27:54;80711.9;3.772;0;0;80712.1;543.618
17:27:54;80712.0;0;0;0.001;80712.2;547.390
17:27:54;80711.9;0.030;0;0;80712.1;547.389
17:27:54;80712.0;0;0;0.002;80712.2;547.419
17:27:52;80711.9;1.356;0;0;80712.1;547.417
17:27:52;80712.0;0;0;0.023;80712.2;548.773
17:27:52;80711.9;0.011;0;0;80712.1;548.750
17:27:52;80712.0;0;0;0.004;80712.2;548.761
17:27:51;80711.9;0.183;0;0;80712.1;548.757
17:27:51;80712.0;0;0;0.001;80712.2;548.940
17:27:50;80711.9;0.031;0;0;80712.1;548.939
17:27:50;80712.0;0;0;0.251;80712.2;548.970
17:27:49;80711.9;0.121;0;0;80712.1;548.719
17:27:48;80713.2;0.678;0;0;80713.4;548.840
17:27:48;80713.3;0;0;0.013;80713.5;549.518
17:27:48;80713.2;0.043;0;0;80713.4;549.505
17:27:48;80713.3;0;0;0.004;80713.5;549.548
17:27:48;80714.9;0.398;0;0;80715.1;549.544
17:27:48;80715.0;0;0;0.018;80715.2;549.942
17:27:46;80724.6;5.232;0;0;80724.8;549.924
17:27:45;80724.7;0;0;0.004;80724.9;555.156
17:27:45;80724.6;0.209;0;0;80724.8;555.152
17:27:44;80724.7;0;0;0.060;80724.9;555.361
17:27:43;80724.6;0.117;0;0;80724.8;555.301
17:27:43;80724.7;0;0;0.002;80724.9;555.418
17:27:42;80724.6;0.027;0;0;80724.8;555.416
17:27:42;80724.7;0;0;0.417;80724.9;555.443
17:27:40;80724.6;0.045;0;0;80724.8;555.026
17:27:39;80724.7;0;0;0.002;80724.9;555.071
17:27:39;80724.6;0.001;0;0;80724.8;555.069
17:27:37;80727.9;0.587;0;0;80728.1;555.070
17:27:37;80728.0;0;0;0.069;80728.2;555.657
17:27:36;80727.9;0.001;0;0;80728.1;555.588
17:27:36;80728.0;0;0;0.040;80728.2;555.589
17:27:36;80729.7;0.805;0;0;80729.9;555.549
17:27:36;80729.8;0;0;0.016;80730.0;556.354
17:27:35;80734.9;0.669;0;0;80735.1;556.338
17:27:35;80735.0;0;0;0.037;80735.2;557.007
17:27:35;80734.9;0.122;0;0;80735.1;556.970
17:27:34;80735.0;0;0;0.020;80735.2;557.092
17:27:34;80740.8;0.764;0;0;80741.0;557.072
17:27:34;80743.6;42.278;0;0;80743.8;557.836
17:27:34;80743.7;0;0;0.049;80743.9;600.114
17:27:33;80743.6;0.134;0;0;80743.8;600.065
17:27:33;80743.7;0;0;0.003;80743.9;600.199
17:27:33;80743.6;0.010;0;0;80743.8;600.196
17:27:32;80743.7;0;0;0.023;80743.9;600.206
17:27:31;80743.6;0.012;0;0;80743.8;600.183
17:27:31;80743.7;0;0;0.006;80743.9;600.195
17:27:31;80743.6;0.007;0;0;80743.8;600.189
17:27:30;80743.7;0;0;0.001;80743.9;600.196
17:27:28;80743.6;0.005;0;0;80743.8;600.195
17:27:27;80743.7;0;0;0.100;80743.9;600.200
17:27:27;80743.6;0.092;0;0;80743.8;600.100
17:27:25;80743.7;0;0;0.058;80743.9;600.192
17:27:25;80743.6;0.008;0;0;80743.8;600.134
17:27:24;80743.7;0;0;0.039;80743.9;600.142
17:27:24;80743.6;0.046;0;0;80743.8;600.103
17:27:22;80743.7;0;0;0.007;80743.9;600.149
17:27:21;80743.6;0.214;0;0;80743.8;600.142
17:27:20;80743.7;0;0;0.445;80743.9;600.356
17:27:19;80743.6;0.051;0;0;80743.8;599.911
17:27:18;80743.7;0;0;0.007;80743.9;599.962
17:27:17;80743.6;0.006;0;0;80743.8;599.955
17:27:17;80743.7;0;0;0.001;80743.9;599.961
17:27:17;80745.0;1.014;0;0;80745.2;599.960
17:27:16;80745.1;0;0;0.617;80745.3;600.974
17:27:16;80745.0;0.061;0;0;80745.2;600.357
17:27:16;80745.1;0;0;0.032;80745.3;600.418
17:27:15;80746.8;0.558;0;0;80747.0;600.386
17:27:15;80746.9;0;0;0.002;80747.1;600.944
17:27:15;80749.9;0.358;0;0;80750.1;600.942
17:27:15;80750.0;0;0;0.002;80750.2;601.300
17:27:14;80751.1;0.202;0;0;80751.3;601.298
17:27:13;80751.2;0;0;0.023;80751.4;601.500
17:27:13;80752.2;0.062;0;0;80752.4;601.477
17:27:13;80752.3;0;0;0.013;80752.5;601.539
17:27:13;80752.2;0.123;0;0;80752.4;601.526
17:27:13;80752.3;0;0;0.016;80752.5;601.649
17:27:12;80755.6;0.460;0;0;80755.8;601.633
17:27:12;80755.7;0;0;0.006;80755.9;602.093
17:27:11;80755.9;0.172;0;0;80756.1;602.087
17:27:10;80756.0;0;0;0.045;80756.2;602.259
17:27:10;80763.8;0.684;0;0;80764.0;602.214
17:27:09;80763.9;0;0;0.017;80764.1;602.898
17:27:07;80763.8;0.032;0;0;80764.0;602.881
17:27:07;80763.9;0;0;0.023;80764.1;602.913
17:27:03;80763.8;1.179;0;0;80764.0;602.890
17:27:02;80763.9;0;0;0.093;80764.1;604.069
17:27:02;80763.8;0.023;0;0;80764.0;603.976
17:27:01;80763.9;0;0;0.307;80764.1;603.999
17:27:01;80763.8;0.024;0;0;80764.0;603.692
17:27:01;80763.9;0;0;0.003;80764.1;603.716
17:27:00;80763.8;1.658;0;0;80764.0;603.713
17:27:00;80763.9;0;0;0.029;80764.1;605.371
17:27:00;80757.8;0;0;20.000;80758.0;605.342
17:27:00;80757.7;0.128;0;0;80757.9;585.342
17:26:59;80757.8;0;0;0.147;80758.0;585.470
17:26:58;80760.1;0.550;0;0;80760.3;585.323
17:26:57;80760.6;1.147;0;0;80760.8;585.873
17:26:57;80760.7;0;0;0.001;80760.9;587.020
17:26:56;80760.6;0.010;0;0;80760.8;587.019
17:26:56;80760.7;0;0;0.002;80760.9;587.029
17:26:56;80760.6;0.100;0;0;80760.8;587.027
17:26:54;80760.7;0;0;0.031;80760.9;587.127
17:26:53;80760.6;0.001;0;0;80760.8;587.096
17:26:51;80760.7;0;0;0.048;80760.9;587.097
17:26:51;80762.6;0.076;0;0;80762.8;587.049
17:26:51;80762.7;0;0;0.008;80762.9;587.125
17:26:49;80765.8;0.466;0;0;80766.0;587.117
17:26:49;80765.9;0;0;0.005;80766.1;587.583
17:26:49;80765.8;0.002;0;0;80766.0;587.578
17:26:48;80765.9;0;0;0.038;80766.1;587.580
17:26:48;80765.8;0.002;0;0;80766.0;587.542
17:26:48;80765.9;0;0;0.116;80766.1;587.544
17:26:47;80765.8;0.085;0;0;80766.0;587.428
17:26:46;80760.2;0;0;1.260;80760.4;587.513
17:26:46;80760.1;0.006;0;0;80760.3;586.253
17:26:46;80759.6;0;0;0.999;80759.8;586.259
17:26:44;80759.5;0.496;0;0;80759.7;585.260
17:26:43;80759.6;0;0;0.340;80759.8;585.756
17:26:42;80759.5;0.001;0;0;80759.7;585.416
17:26:42;80759.6;0;0;0.004;80759.8;585.417
17:26:41;80759.5;0.057;0;0;80759.7;585.413
17:26:38;80759.6;0;0;0.175;80759.8;585.470
17:26:38;80759.5;0.035;0;0;80759.7;585.295
17:26:38;80759.6;0;0;0.004;80759.8;585.330
17:26:37;80759.5;0.228;0;0;80759.7;585.326
17:26:36;80759.6;0;0;0.006;80759.8;585.554
17:26:36;80759.5;0.176;0;0;80759.7;585.548
17:26:35;80759.6;0;0;0.001;80759.8;585.724
17:26:35;80759.5;0.062;0;0;80759.7;585.723
17:26:35;80759.6;0;0;0.022;80759.8;585.785
17:26:35;80759.5;0.733;0;0;80759.7;585.763
17:26:34;80755.7;0;0;0.786;80755.9;586.496
17:26:33;80755.6;0.032;0;0;80755.8;585.710
17:26:32;80755.7;0;0;0.306;80755.9;585.742
17:26:30;80755.6;0.059;0;0;80755.8;585.436
17:26:30;80755.7;0;0;0.985;80755.9;585.495
17:26:30;80755.6;0.002;0;0;80755.8;584.510
17:26:28;80755.7;0;0;0.169;80755.9;584.512
17:26:28;80755.6;0.094;0;0;80755.8;584.343
17:26:27;80755.7;0;0;0.064;80755.9;584.437
17:26:27;80755.6;0.068;0;0;80755.8;584.373
17:26:27;80755.7;0;0;0.006;80755.9;584.441
17:26:27;80755.6;0.009;0;0;80755.8;584.435
17:26:27;80755.7;0;0;0.061;80755.9;584.444
17:26:26;80755.6;0.012;0;0;80755.8;584.383
17:26:26;80755.7;0;0;0.006;80755.9;584.395
17:26:24;80755.6;0.015;0;0;80755.8;584.389
17:26:24;80755.7;0;0;0.005;80755.9;584.404
17:26:23;80755.6;0.001;0;0;80755.8;584.399
17:26:22;80755.7;0;0;0.007;80755.9;584.400
17:26:22;80755.6;0.024;0;0;80755.8;584.393
17:26:21;80755.7;0;0;0.037;80755.9;584.417
17:26:18;80755.6;0.029;0;0;80755.8;584.380
17:26:18;80755.7;0;0;0.006;80755.9;584.409
17:26:17;80755.6;0.005;0;0;80755.8;584.403
17:26:17;80755.7;0;0;0.001;80755.9;584.408
17:26:17;80755.6;0.004;0;0;80755.8;584.407
17:26:17;80755.7;0;0;0.001;80755.9;584.411
17:26:16;80755.6;0.289;0;0;80755.8;584.410
17:26:16;80755.7;0;0;0.004;80755.9;584.699
17:26:16;80755.6;0.009;0;0;80755.8;584.695
17:26:16;80755.7;0;0;0.001;80755.9;584.704
17:26:15;80759.8;0.082;0;0;80760.0;584.703
17:26:15;80759.9;0;0;0.012;80760.1;584.785
17:26:14;80759.8;0.579;0;0;80760.0;584.773
17:26:14;80759.9;0;0;0.011;80760.1;585.352
17:26:13;80759.8;0.003;0;0;80760.0;585.341
17:26:13;80759.9;0;0;0.001;80760.1;585.344
17:26:13;80759.8;0.090;0;0;80760.0;585.343
17:26:12;80759.9;0;0;0.017;80760.1;585.433
17:26:12;80759.8;0.010;0;0;80760.0;585.416
17:26:12;80759.9;0;0;0.061;80760.1;585.426
17:26:10;80759.8;0.722;0;0;80760.0;585.365
17:26:09;80759.9;0;0;0.043;80760.1;586.087
17:26:09;80759.8;0.026;0;0;80760.0;586.044
17:26:09;80759.9;0;0;0.003;80760.1;586.070
17:26:09;80759.8;0.133;0;0;80760.0;586.067
17:26:09;80759.9;0;0;0.029;80760.1;586.200
17:26:07;80759.8;0.287;0;0;80760.0;586.171
17:26:06;80759.9;0;0;0.041;80760.1;586.458
17:26:05;80759.8;0.007;0;0;80760.0;586.417
17:26:05;80751.5;0;0;12.792;80751.7;586.424
17:26:05;80751.4;0.018;0;0;80751.6;573.632
17:26:05;80751.2;0;0;0.348;80751.4;573.650
17:26:05;80751.1;0.001;0;0;80751.3;573.302
17:26:05;80751.2;0;0;0.038;80751.4;573.303
17:26:05;80751.1;0.014;0;0;80751.3;573.265
17:26:04;80751.2;0;0;0.033;80751.4;573.279
17:26:04;80751.1;0.009;0;0;80751.3;573.246
17:26:04;80751.2;0;0;0.005;80751.4;573.255
17:26:02;80755.8;3.866;0;0;80756.0;573.250
17:26:02;80755.9;0;0;0.004;80756.1;577.116
17:26:01;80759.8;0.678;0;0;80760.0;577.112
17:26:01;80754.8;0;0;0.242;80755.0;577.790
17:26:00;80754.7;0.037;0;0;80754.9;577.548
17:26:00;80754.8;0;0;0.006;80755.0;577.585
17:26:00;80754.7;0.010;0;0;80754.9;577.579
17:26:00;80751.9;0;0;0.103;80752.1;577.589
17:25:59;80751.8;0.479;0;0;80752.0;577.486
17:25:59;80751.9;0;0;0.001;80752.1;577.965
17:25:58;80751.8;0.073;0;0;80752.0;577.964
17:25:58;80751.9;0;0;0.009;80752.1;578.037
17:25:57;80751.8;0.101;0;0;80752.0;578.028
17:25:57;80750.5;0;0;1.015;80750.7;578.129
17:25:57;80750.4;0.001;0;0;80750.6;577.114
17:25:57;80750.5;0;0;0.002;80750.7;577.115
17:25:56;80750.4;0.002;0;0;80750.6;577.113
17:25:56;80750.5;0;0;0.018;80750.7;577.115
17:25:55;80750.4;0.167;0;0;80750.6;577.097
17:25:55;80750.5;0;0;0.002;80750.7;577.264
17:25:51;80750.4;0.247;0;0;80750.6;577.262
17:25:51;80750.5;0;0;0.054;80750.7;577.509
17:25:50;80750.4;0.100;0;0;80750.6;577.455
17:25:50;80750.5;0;0;0.001;80750.7;577.555
17:25:48;80750.4;0.006;0;0;80750.6;577.554
17:25:48;80750.5;0;0;0.021;80750.7;577.560
17:25:48;80750.4;0.104;0;0;80750.6;577.539
17:25:48;80750.5;0;0;0.004;80750.7;577.643
17:25:48;80750.4;2.000;0;0;80750.6;577.639
17:25:48;80750.5;0;0;0.001;80750.7;579.639
17:25:47;80750.4;0.001;0;0;80750.6;579.638
17:25:47;80750.5;0;0;0.029;80750.7;579.639
17:25:47;80750.4;0.262;0;0;80750.6;579.610
17:25:46;80750.5;0;0;0.032;80750.7;579.872
17:25:46;80750.4;0.002;0;0;80750.6;579.840
17:25:43;80750.9;5.368;0;0;80751.1;579.842
17:25:42;80751.0;0;0;0.001;80751.2;585.210
17:25:42;80753.4;0.077;0;0;80753.6;585.209
17:25:42;80753.5;0;0;0.024;80753.7;585.286
17:25:41;80754.8;0.022;0;0;80755.0;585.262
17:25:40;80755.9;0.112;0;0;80756.1;585.284
17:25:39;80756.0;0;0;0.020;80756.2;585.396
17:25:39;80756.4;4.447;0;0;80756.6;585.376
17:25:38;80756.5;0;0;0.031;80756.7;589.823
17:25:38;80756.4;0.001;0;0;80756.6;589.792
17:25:38;80756.5;0;0;0.008;80756.7;589.793
17:25:37;80756.4;0.057;0;0;80756.6;589.785
17:25:36;80756.5;0;0;0.002;80756.7;589.842
17:25:35;80762.3;0.216;0;0;80762.5;589.840
17:25:34;80762.4;0;0;0.009;80762.6;590.056
17:25:32;80763.2;0.171;0;0;80763.4;590.047
17:25:32;80763.3;0;0;0.089;80763.5;590.218
17:25:30;80764.9;0.177;0;0;80765.1;590.129
17:25:30;80765.0;0;0;0.010;80765.2;590.306
17:25:26;80764.9;0.423;0;0;80765.1;590.296
17:25:25;80765.0;0;0;0.091;80765.2;590.719
17:25:24;80764.9;0.003;0;0;80765.1;590.628
17:25:24;80765.0;0;0;0.010;80765.2;590.631
17:25:23;80764.9;0.151;0;0;80765.1;590.621
17:25:22;80765.0;0;0;0.003;80765.2;590.772
17:25:22;80764.9;0.006;0;0;80765.1;590.769
17:25:22;80765.0;0;0;0.150;80765.2;590.775
17:25:21;80764.9;0.003;0;0;80765.1;590.625
17:25:21;80765.0;0;0;0.492;80765.2;590.628
17:25:21;80767.4;0.027;0;0;80767.6;590.136
17:25:20;80767.5;0;0;0.018;80767.7;590.163
17:25:20;80767.4;0.123;0;0;80767.6;590.145
17:25:20;80767.5;0;0;0.002;80767.7;590.268
17:25:19;80771.3;0.223;0;0;80771.5;590.266
17:25:18;80771.4;0;0;0.057;80771.6;590.489
17:25:18;80771.3;0.002;0;0;80771.5;590.432
17:25:18;80771.4;0;0;0.050;80771.6;590.434
17:25:16;80771.3;0.062;0;0;80771.5;590.384
17:25:15;80771.4;0;0;0.018;80771.6;590.446
17:25:15;80771.3;0.050;0;0;80771.5;590.428
17:25:15;80771.4;0;0;0.002;80771.6;590.478
17:25:15;80771.3;0.018;0;0;80771.5;590.476
17:25:15;80771.4;0;0;0.087;80771.6;590.494
17:25:15;80773.0;0.076;0;0;80773.2;590.407
17:25:15;80773.1;0;0;0.015;80773.3;590.483
17:25:12;80773.0;0.160;0;0;80773.2;590.468
17:25:11;80770.5;0;0;0.053;80770.7;590.628
17:25:11;80770.4;0.003;0;0;80770.6;590.575
17:25:11;80766.2;0;0;0.192;80766.4;590.578
17:25:11;80766.1;0.001;0;0;80766.3;590.386
17:25:11;80763.6;0;0;0.448;80763.8;590.387
17:25:10;80763.5;0.196;0;0;80763.7;589.939
17:25:10;80763.6;0;0;0.001;80763.8;590.135
17:25:09;80762.2;0;0;0.768;80762.4;590.134
17:25:08;80762.1;1.049;0;0;80762.3;589.366
17:25:07;80762.2;0;0;0.002;80762.4;590.415
17:25:07;80762.1;0.002;0;0;80762.3;590.413
17:25:07;80762.2;0;0;0.037;80762.4;590.415
17:25:06;80767.9;1.942;0;0;80768.1;590.378
17:25:05;80768.0;0;0;0.001;80768.2;592.320
17:25:05;80773.1;0.515;0;0;80773.3;592.319
17:25:05;80773.2;0;0;0.013;80773.4;592.834
17:25:04;80773.1;0.138;0;0;80773.3;592.821
17:25:01;80773.2;0;0;0.669;80773.4;592.959
17:25:01;80773.1;0.004;0;0;80773.3;592.290
17:25:01;80773.2;0;0;0.011;80773.4;592.294
17:24:59;80780.4;1.314;0;0;80780.6;592.283
17:24:58;80781.3;0.015;0;0;80781.5;593.597
17:24:57;80781.4;0;0;0.001;80781.6;593.612
17:24:57;80781.3;2.788;0;0;80781.5;593.611
17:24:56;80784.7;0.089;0;0;80784.9;596.399
17:24:55;80784.8;0;0;0.001;80785.0;596.488
17:24:55;80785.7;0.075;0;0;80785.9;596.487
17:24:55;80785.8;0;0;0.005;80786.0;596.562
17:24:54;80785.7;0.006;0;0;80785.9;596.557
17:24:54;80785.8;0;0;0.019;80786.0;596.563
17:24:53;80785.7;0.006;0;0;80785.9;596.544
17:24:53;80785.8;0;0;0.004;80786.0;596.550
17:24:53;80785.7;0.006;0;0;80785.9;596.546
17:24:52;80785.8;0;0;0.114;80786.0;596.552
17:24:51;80785.7;0.024;0;0;80785.9;596.438
17:24:51;80785.8;0;0;0.001;80786.0;596.462
17:24:51;80785.7;0.389;0;0;80785.9;596.461
17:24:50;80785.8;0;0;0.002;80786.0;596.850
17:24:50;80785.7;0.020;0;0;80785.9;596.848
17:24:50;80785.8;0;0;0.001;80786.0;596.868
17:24:50;80785.7;0.001;0;0;80785.9;596.867
17:24:49;80785.8;0;0;0.033;80786.0;596.868
17:24:49;80785.7;0.061;0;0;80785.9;596.835
17:24:49;80785.8;0;0;0.004;80786.0;596.896
17:24:48;80785.7;0.143;0;0;80785.9;596.892
17:24:48;80780.6;0;0;0.799;80780.8;597.035
17:24:47;80780.5;0.006;0;0;80780.7;596.236
17:24:47;80775.8;0;0;1.188;80776.0;596.242
17:24:47;80775.7;0.001;0;0;80775.9;595.054
17:24:47;80772.5;0;0;1.722;80772.7;595.055
17:24:46;80772.4;0.020;0;0;80772.6;593.333
17:24:46;80772.5;0;0;0.104;80772.7;593.353
17:24:46;80772.4;0.006;0;0;80772.6;593.249
17:24:46;80772.5;0;0;0.371;80772.7;593.255
17:24:44;80772.4;0.076;0;0;80772.6;592.884
17:24:44;80772.5;0;0;0.002;80772.7;592.960
17:24:43;80772.4;0.009;0;0;80772.6;592.958
17:24:42;80772.5;0;0;0.018;80772.7;592.967
17:24:42;80772.4;0.050;0;0;80772.6;592.949
17:24:42;80772.5;0;0;0.037;80772.7;592.999
17:24:42;80772.4;0.008;0;0;80772.6;592.962
17:24:42;80772.5;0;0;0.001;80772.7;592.970
17:24:41;80775.1;0.072;0;0;80775.3;592.969
17:24:41;80775.2;0;0;0.002;80775.4;593.041
17:24:41;80776.9;0.083;0;0;80777.1;593.039
17:24:41;80777.0;0;0;0.128;80777.2;593.122
17:24:40;80784.2;1.553;0;0;80784.4;592.994
17:24:40;80784.3;0;0;0.003;80784.5;594.547
17:24:39;80784.2;0.106;0;0;80784.4;594.544
17:24:38;80784.3;0;0;0.547;80784.5;594.650
17:24:37;80784.2;0.023;0;0;80784.4;594.103
17:24:37;80784.3;0;0;0.018;80784.5;594.126
17:24:36;80784.2;0.001;0;0;80784.4;594.108
17:24:36;80784.3;0;0;0.047;80784.5;594.109
17:24:35;80784.2;0.004;0;0;80784.4;594.062
17:24:35;80784.3;0;0;0.003;80784.5;594.066
17:24:35;80784.2;0.012;0;0;80784.4;594.063
17:24:35;80784.3;0;0;0.001;80784.5;594.075
17:24:35;80784.2;0.031;0;0;80784.4;594.074
17:24:35;80784.3;0;0;0.008;80784.5;594.105
17:24:34;80784.2;0.066;0;0;80784.4;594.097
17:24:34;80784.3;0;0;0.015;80784.5;594.163
17:24:34;80784.2;0.050;0;0;80784.4;594.148
17:24:32;80784.3;0;0;0.133;80784.5;594.198
17:24:32;80784.2;0.002;0;0;80784.4;594.065
17:24:32;80784.3;0;0;0.002;80784.5;594.067
17:24:31;80784.2;0.001;0;0;80784.4;594.065
17:24:31;80784.3;0;0;0.110;80784.5;594.066
17:24:31;80784.2;0.764;0;0;80784.4;593.956
17:24:30;80784.3;0.003;0;0.001;80784.5;594.720
17:24:30;80784.5;0;0;0.001;80784.7;594.722
17:24:30;80786.7;0.034;0;0;80786.9;594.721
17:24:30;80786.8;0;0;0.001;80787.0;594.755
17:24:29;80790.7;1.076;0;0;80790.9;594.754
17:24:29;80790.8;0;0;0.001;80791.0;595.830
17:24:29;80790.7;0.004;0;0;80790.9;595.829
17:24:29;80790.8;0;0;0.014;80791.0;595.833
17:24:28;80790.7;0.050;0;0;80790.9;595.819
17:24:28;80790.8;0;0;0.017;80791.0;595.869
17:24:27;80790.7;0.001;0;0;80790.9;595.852
17:24:27;80790.8;0;0;0.010;80791.0;595.853
17:24:26;80790.7;0.150;0;0;80790.9;595.843
17:24:26;80790.8;0;0;0.017;80791.0;595.993
17:24:25;80790.7;0.004;0;0;80790.9;595.976
17:24:24;80790.8;0;0;0.009;80791.0;595.980
17:24:24;80790.7;0.047;0;0;80790.9;595.971
17:24:24;80790.8;0;0;0.043;80791.0;596.018
17:24:23;80790.7;2.039;0;0;80790.9;595.975
17:24:22;80790.8;0;0;1.131;80791.0;598.014
17:24:22;80790.7;0.051;0;0;80790.9;596.883
17:24:22;80790.8;0;0;0.006;80791.0;596.934
17:24:21;80790.7;0.138;0;0;80790.9;596.928
17:24:21;80790.8;0;0;0.023;80791.0;597.066
17:24:21;80790.7;0.001;0;0;80790.9;597.043
17:24:21;80790.8;0;0;0.001;80791.0;597.044
17:24:20;80790.7;0.006;0;0;80790.9;597.043
17:24:20;80790.8;0;0;0.101;80791.0;597.049
17:24:19;80790.7;0.281;0;0;80790.9;596.948
17:24:18;80790.8;0;0;0.140;80791.0;597.229
17:24:18;80790.7;0.002;0;0;80790.9;597.089
17:24:18;80790.8;0;0;0.016;80791.0;597.091
17:24:17;80790.7;0.011;0;0;80790.9;597.075
17:24:17;80790.8;0;0;0.022;80791.0;597.086
17:24:17;80790.7;0.001;0;0;80790.9;597.064
17:24:17;80790.8;0;0;0.001;80791.0;597.065
17:24:16;80790.7;0.030;0;0;80790.9;597.064
17:24:16;80790.8;0;0;0.020;80791.0;597.094
17:24:14;80790.7;0.012;0;0;80790.9;597.074
17:24:13;80790.8;0;0;0.002;80791.0;597.086
17:24:13;80790.7;0.024;0;0;80790.9;597.084
17:24:13;80790.8;0;0;0.300;80791.0;597.108
17:24:13;80790.7;0.001;0;0;80790.9;596.808
17:24:13;80790.8;0;0;0.002;80791.0;596.809
17:24:13;80790.7;0.124;0;0;80790.9;596.807
17:24:12;80788.4;0;0;0.583;80788.6;596.931
17:24:12;80788.3;0.043;0;0;80788.5;596.348
17:24:12;80788.4;0;0;0.025;80788.6;596.391
17:24:12;80788.3;0.002;0;0;80788.5;596.366
17:24:12;80772.2;0;0;3.807;80772.4;596.368
17:24:12;80772.1;0.102;0;0;80772.3;592.561
17:24:12;80772.2;0;0;0.004;80772.4;592.663
17:24:11;80772.1;0.088;0;0;80772.3;592.659
17:24:10;80772.2;0;0;0.041;80772.4;592.747
17:24:10;80772.1;0.001;0;0;80772.3;592.706
17:24:10;80755.7;0;0;1.846;80755.9;592.707
17:24:10;80755.6;0.022;0;0;80755.8;590.861
17:24:10;80755.7;0;0;0.020;80755.9;590.883
17:24:10;80755.6;0.002;0;0;80755.8;590.863
17:24:09;80752.8;0;0;0.432;80753.0;590.865
17:24:09;80752.7;0.186;0;0;80752.9;590.433
17:24:09;80752.8;0;0;0.009;80753.0;590.619
17:24:08;80742.5;0;0;5.951;80742.7;590.610
17:24:05;80742.4;0.086;0;0;80742.6;584.659
17:24:05;80742.5;0;0;0.037;80742.7;584.745
17:24:05;80742.4;0.001;0;0;80742.6;584.708
17:24:04;80742.5;0;0;0.036;80742.7;584.709
17:24:04;80742.4;0.037;0;0;80742.6;584.673
17:24:04;80742.5;0;0;0.016;80742.7;584.710
17:24:03;80742.4;0.001;0;0;80742.6;584.694
17:24:03;80742.5;0;0;0.017;80742.7;584.695
17:24:02;80742.4;0.034;0;0;80742.6;584.678
17:24:02;80742.5;0;0;0.059;80742.7;584.712
17:24:00;80742.4;0.193;0;0;80742.6;584.653
17:24:00;80742.5;0;0;0.006;80742.7;584.846
17:24:00;80742.4;0.016;0;0;80742.6;584.840
17:23:59;80742.5;0;0;0.005;80742.7;584.856
17:23:57;80742.4;0.006;0;0;80742.6;584.851
17:23:57;80742.5;0;0;1.068;80742.7;584.857
17:23:56;80742.4;0.012;0;0;80742.6;583.789
17:23:55;80743.6;0.871;0;0;80743.8;583.801
17:23:54;80743.7;0;0;0.012;80743.9;584.672
17:23:52;80743.6;0.020;0;0;80743.8;584.660
17:23:51;80743.7;0;0;0.104;80743.9;584.680
17:23:51;80743.6;0.018;0;0;80743.8;584.576
17:23:51;80743.7;0;0;0.018;80743.9;584.594
17:23:50;80743.6;0.003;0;0;80743.8;584.576
17:23:49;80743.7;0;0;0.043;80743.9;584.579
17:23:49;80743.6;0.003;0;0;80743.8;584.536
17:23:49;80743.7;0;0;0.003;80743.9;584.539
17:23:48;80743.6;0.026;0;0;80743.8;584.536
17:23:48;80743.7;0;0;0.040;80743.9;584.562
17:23:48;80743.6;0.010;0;0;80743.8;584.522
17:23:47;80743.7;0;0;0.067;80743.9;584.532
17:23:46;80743.6;0.461;0;0;80743.8;584.465
17:23:45;80743.7;0;0;0.044;80743.9;584.926
17:23:45;80743.6;0.001;0;0;80743.8;584.882
17:23:44;80743.7;0;0;0.280;80743.9;584.883
17:23:44;80743.6;0.001;0;0;80743.8;584.603
17:23:44;80743.7;0;0;0.006;80743.9;584.604
17:23:42;80743.6;0.001;0;0;80743.8;584.598
17:23:42;80743.7;0;0;0.002;80743.9;584.599
17:23:42;80743.6;0.061;0;0;80743.8;584.597
17:23:41;80743.7;0;0;0.252;80743.9;584.658
17:23:40;80743.6;0.009;0;0;80743.8;584.406
17:23:40;80743.7;0;0;0.011;80743.9;584.415
17:23:38;80743.6;0.045;0;0;80743.8;584.404
17:23:38;80743.7;0;0;0.003;80743.9;584.449
17:23:36;80743.6;0.069;0;0;80743.8;584.446
17:23:34;80743.7;0;0;0.215;80743.9;584.515
17:23:33;80743.6;0.123;0;0;80743.8;584.300
17:23:32;80743.7;0;0;0.007;80743.9;584.423
17:23:32;80743.6;0.012;0;0;80743.8;584.416
17:23:30;80743.7;0;0;0.355;80743.9;584.428
17:23:30;80743.6;0.001;0;0;80743.8;584.073
17:23:29;80743.7;0;0;0.002;80743.9;584.074
17:23:29;80743.6;0.003;0;0;80743.8;584.072
17:23:29;80743.7;0;0;0.001;80743.9;584.075
17:23:28;80743.6;0.290;0;0;80743.8;584.074
17:23:26;80743.7;0;0;0.076;80743.9;584.364
17:23:26;80743.6;0.095;0;0;80743.8;584.288
17:23:25;80743.7;0;0;0.063;80743.9;584.383
17:23:25;80743.6;0.074;0;0;80743.8;584.320
17:23:24;80743.7;0;0;0.510;80743.9;584.394
17:23:24;80744.9;0.274;0;0;80745.1;583.884
17:23:23;80745.0;0;0;0.063;80745.2;584.158
17:23:22;80744.9;0.007;0;0;80745.1;584.095
17:23:21;80745.0;0;0;0.136;80745.2;584.102
17:23:21;80744.9;0.010;0;0;80745.1;583.966
17:23:19;80745.0;0;0;0.045;80745.2;583.976
17:23:19;80744.9;0.091;0;0;80745.1;583.931
17:23:19;80745.0;0;0;0.001;80745.2;584.022
17:23:18;80744.9;0.696;0;0;80745.1;584.021
17:23:18;80745.0;0;0;0.001;80745.2;584.717
17:23:18;80747.7;0.141;0;0;80747.9;584.716
17:23:16;80751.7;0.874;0;0;80751.9;584.857
17:23:15;80751.8;0;0;0.001;80752.0;585.731
17:23:14;80751.7;0.265;0;0;80751.9;585.730
17:23:14;80751.8;0;0;0.002;80752.0;585.995
17:23:13;80751.7;0.082;0;0;80751.9;585.993
17:23:13;80751.8;0;0;0.023;80752.0;586.075
17:23:12;80751.7;0.002;0;0;80751.9;586.052
17:23:11;80751.8;0;0;0.024;80752.0;586.054
17:23:10;80751.7;0.472;0;0;80751.9;586.030
17:23:10;80751.8;0;0;0.500;80752.0;586.502
17:23:09;80751.7;0.003;0;0;80751.9;586.002
17:23:09;80751.8;0;0;0.055;80752.0;586.005
17:23:07;80751.7;0.169;0;0;80751.9;585.950
17:23:07;80751.8;0;0;0.050;80752.0;586.119
17:23:06;80751.7;0.018;0;0;80751.9;586.069
17:23:06;80751.8;0;0;0.085;80752.0;586.087
17:23:06;80751.7;0.002;0;0;80751.9;586.002
17:23:05;80751.8;0;0;0.087;80752.0;586.004
17:23:05;80751.7;0.388;0;0;80751.9;585.917
17:23:04;80751.8;0;0;1.815;80752.0;586.305
17:23:04;80751.7;0.003;0;0;80751.9;584.490
17:23:03;80751.8;0;0;0.006;80752.0;584.493
17:23:02;80751.7;0.009;0;0;80751.9;584.487
17:23:02;80751.8;0;0;0.002;80752.0;584.496
17:23:01;80751.7;0.008;0;0;80751.9;584.494
17:23:01;80751.8;0;0;0.006;80752.0;584.502
17:23:01;80751.7;0.012;0;0;80751.9;584.496
17:23:01;80751.8;0;0;0.042;80752.0;584.508
17:23:01;80751.7;0.032;0;0;80751.9;584.466
17:23:00;80750.9;0;0;0.032;80751.1;584.498
17:23:00;80750.8;0.001;0;0;80751.0;584.466
17:22:59;80748.6;0;0;3.322;80748.8;584.467
17:22:59;80748.5;0.002;0;0;80748.7;581.145
17:22:58;80748.6;0;0;0.118;80748.8;581.147
17:22:57;80748.5;0.061;0;0;80748.7;581.029
17:22:57;80748.6;0;0;0.038;80748.8;581.090
17:22:56;80748.5;0.106;0;0;80748.7;581.052
17:22:54;80748.6;0;0;2.012;80748.8;581.158
17:22:54;80748.5;0.001;0;0;80748.7;579.146
17:22:53;80748.6;0;0;0.013;80748.8;579.147
17:22:53;80748.5;0.328;0;0;80748.7;579.134
17:22:53;80748.6;0;0;0.025;80748.8;579.462
17:22:52;80748.5;0.002;0;0;80748.7;579.437
17:22:51;80748.6;0;0;0.037;80748.8;579.439
17:22:50;80748.5;0.012;0;0;80748.7;579.402
17:22:49;80748.6;0;0;0.082;80748.8;579.414
17:22:48;80748.5;0.006;0;0;80748.7;579.332
17:22:48;80748.6;0;0;0.012;80748.8;579.338
17:22:48;80748.5;0.002;0;0;80748.7;579.326
17:22:47;80748.6;0;0;0.001;80748.8;579.328
17:22:47;80748.5;0.001;0;0;80748.7;579.327
17:22:46;80748.6;0;0;0.018;80748.8;579.328
17:22:45;80748.5;0.163;0;0;80748.7;579.310
17:22:45;80748.6;0;0;0.100;80748.8;579.473
17:22:42;80748.5;0.023;0;0;80748.7;579.373
17:22:42;80748.6;0;0;0.072;80748.8;579.396
17:22:42;80748.5;0.312;0;0;80748.7;579.324
17:22:41;80748.6;0;0;0.001;80748.8;579.636
17:22:41;80748.5;0.002;0;0;80748.7;579.635
17:22:41;80748.6;0;0;0.046;80748.8;579.637
17:22:41;80748.5;0.005;0;0;80748.7;579.591
17:22:40;80748.6;0;0;0.086;80748.8;579.596
17:22:39;80748.5;0.352;0;0;80748.7;579.510
17:22:38;80748.6;0;0;0.179;80748.8;579.862
17:22:38;80748.5;0.002;0;0;80748.7;579.683
17:22:37;80748.6;0;0;0.012;80748.8;579.685
17:22:36;80748.5;0.017;0;0;80748.7;579.673
17:22:36;80748.6;0;0;0.009;80748.8;579.690
17:22:34;80748.5;0.422;0;0;80748.7;579.681
17:22:34;80748.6;0;0;0.004;80748.8;580.103
17:22:33;80748.5;0.032;0;0;80748.7;580.099
17:22:33;80748.6;0;0;0.019;80748.8;580.131
17:22:33;80748.5;0.432;0;0;80748.7;580.112
17:22:31;80748.6;0;0;0.564;80748.8;580.544
17:22:30;80748.5;0.059;0;0;80748.7;579.980
17:22:30;80748.6;0;0;0.010;80748.8;580.039
17:22:29;80748.5;0.688;0;0;80748.7;580.029
17:22:28;80748.6;0;0;0.003;80748.8;580.717
17:22:27;80748.5;0.202;0;0;80748.7;580.714
17:22:27;80740.7;0;0;1.520;80740.9;580.916
17:22:27;80740.6;0.111;0;0;80740.8;579.396
17:22:26;80740.7;0;0;0.002;80740.9;579.507
17:22:26;80740.6;0.002;0;0;80740.8;579.505
17:22:26;80740.7;0;0;0.092;80740.9;579.507
17:22:26;80740.6;0.084;0;0;80740.8;579.415
17:22:26;80740.7;0;0;0.036;80740.9;579.499
17:22:25;80740.6;0.061;0;0;80740.8;579.463
17:22:25;80740.7;0;0;1.000;80740.9;579.524
17:22:24;80740.6;0.001;0;0;80740.8;578.524
17:22:24;80740.7;0;0;0.003;80740.9;578.525
17:22:23;80740.6;0.262;0;0;80740.8;578.522
17:22:23;80739.5;0;0;0.023;80739.7;578.784
17:22:23;80739.4;0.001;0;0;80739.6;578.761
17:22:23;80738.8;0;0;0.005;80739.0;578.762
17:22:23;80738.7;0.001;0;0;80738.9;578.757
17:22:23;80738.0;0;0;0.009;80738.2;578.758
17:22:23;80737.5;0.001;0;0;80737.7;578.749
17:22:23;80734.9;0;0;0.598;80735.1;578.750
17:22:22;80734.8;0.018;0;0;80735.0;578.152
17:22:22;80734.9;0;0;0.002;80735.1;578.170
17:22:20;80734.8;1.079;0;0;80735.0;578.168
17:22:19;80735.1;1.352;0;0;80735.3;579.247
17:22:19;80735.2;0;0;0.018;80735.4;580.599
17:22:18;80740.7;0.586;0;0;80740.9;580.581
17:22:18;80740.8;0;0;0.001;80741.0;581.167
17:22:16;80740.7;0.129;0;0;80740.9;581.166
17:22:16;80740.8;0;0;0.001;80741.0;581.295
17:22:15;80746.4;0.244;0;0;80746.6;581.294
17:22:14;80746.5;0.015;0;0.008;80746.7;581.538
17:22:14;80746.7;0;0;0.010;80746.9;581.545
17:22:14;80751.8;1.791;0;0;80752.0;581.535
17:22:14;80751.9;0;0;0.077;80752.1;583.326
17:22:14;80751.8;0.010;0;0;80752.0;583.249
17:22:13;80751.9;0;0;0.053;80752.1;583.259
17:22:13;80751.8;0.022;0;0;80752.0;583.206
17:22:13;80751.9;0;0;0.014;80752.1;583.228
17:22:12;80751.8;0.068;0;0;80752.0;583.214
17:22:11;80751.9;0;0;0.020;80752.1;583.282
17:22:10;80751.8;0.053;0;0;80752.0;583.262
17:22:10;80751.9;0;0;0.010;80752.1;583.315
17:22:09;80751.8;0.067;0;0;80752.0;583.305
17:22:09;80751.9;0;0;0.269;80752.1;583.372
17:22:07;80751.8;0.393;0;0;80752.0;583.103
17:22:07;80751.9;0;0;0.001;80752.1;583.496
17:22:06;80753.9;0.106;0;0;80754.1;583.495
17:22:04;80759.9;0.970;0;0;80760.1;583.601
17:22:03;80760.0;0;0;0.107;80760.2;584.571
17:22:03;80759.9;0.003;0;0;80760.1;584.464
17:22:03;80760.0;0;0;0.002;80760.2;584.467
17:22:02;80759.9;0.001;0;0;80760.1;584.465
17:22:02;80760.0;0;0;0.001;80760.2;584.466
17:22:02;80760.5;1.279;0;0;80760.7;584.465
17:22:02;80760.6;0;0;0.081;80760.8;585.744
17:22:02;80763.5;0.083;0;0;80763.7;585.663
17:22:02;80767.8;0.210;0;0;80768.0;585.746
17:22:01;80767.9;0;0;0.015;80768.1;585.956
17:22:00;80767.8;0.002;0;0;80768.0;585.941
17:22:00;80767.2;0;0;0.010;80767.4;585.943
17:22:00;80767.1;0.003;0;0;80767.3;585.933
17:22:00;80766.7;0;0;0.005;80766.9;585.936
17:22:00;80766.6;0.007;0;0;80766.8;585.931
17:22:00;80766.3;0;0;0.002;80766.5;585.938
17:22:00;80766.2;0.002;0;0;80766.4;585.936
17:22:00;80765.4;0;0;0.014;80765.6;585.938
17:22:00;80765.2;0.002;0;0;80765.4;585.924
17:22:00;80760.0;0;0;8.232;80760.2;585.926
17:21:59;80759.9;0.002;0;0;80760.1;577.694
17:21:59;80760.0;0;0;0.007;80760.2;577.696
17:21:59;80759.9;0.014;0;0;80760.1;577.689
17:21:59;80760.0;0;0;1.056;80760.2;577.703
17:21:58;80759.9;0.062;0;0;80760.1;576.647
17:21:58;80760.0;0;0;0.003;80760.2;576.709
17:21:57;80759.9;0.003;0;0;80760.1;576.706
17:21:57;80760.0;0;0;0.001;80760.2;576.709
17:21:57;80759.9;0.002;0;0;80760.1;576.708
17:21:56;80760.0;0;0;0.056;80760.2;576.710
17:21:56;80759.9;0.029;0;0;80760.1;576.654
17:21:56;80760.0;0;0;0.476;80760.2;576.683
17:21:55;80759.9;0.050;0;0;80760.1;576.207
17:21:52;80760.3;1.883;0;0;80760.5;576.257
17:21:52;80760.4;0;0;0.001;80760.6;578.140
17:21:51;80760.3;0.020;0;0;80760.5;578.139
17:21:50;80760.4;0;0;0.023;80760.6;578.159
17:21:49;80760.3;0.037;0;0;80760.5;578.136
17:21:49;80760.4;0;0;0.001;80760.6;578.173
17:21:48;80760.3;0.001;0;0;80760.5;578.172
17:21:48;80760.4;0;0;0.004;80760.6;578.173
17:21:48;80760.9;5.279;0;0;80761.1;578.169
17:21:48;80761.0;0;0;0.002;80761.2;583.448
17:21:46;80760.9;0.983;0;0;80761.1;583.446
17:21:45;80761.0;0;0;0.003;80761.2;584.429
17:21:45;80760.9;0.009;0;0;80761.1;584.426
17:21:45;80761.0;0;0;0.001;80761.2;584.435
17:21:44;80760.9;0.295;0;0;80761.1;584.434
17:21:42;80763.3;0.528;0;0;80763.5;584.729
17:21:42;80763.4;0;0;0.095;80763.6;585.257
17:21:42;80763.3;0.121;0;0;80763.5;585.162
17:21:42;80763.4;0;0;0.008;80763.6;585.283
17:21:42;80774.1;1.703;0;0;80774.3;585.275
17:21:42;80774.2;0;0;0.256;80774.4;586.978
17:21:41;80774.1;0.024;0;0;80774.3;586.722
17:21:41;80774.2;0;0;0.001;80774.4;586.746
17:21:41;80774.1;0.037;0;0;80774.3;586.745
17:21:41;80774.2;0;0;0.031;80774.4;586.782
17:21:41;80774.1;0.032;0;0;80774.3;586.751
17:21:41;80774.2;0;0;0.120;80774.4;586.783
17:21:40;80774.1;0.479;0;0;80774.3;586.663
17:21:40;80774.2;0;0;0.100;80774.4;587.142
17:21:39;80777.9;0.096;0;0;80778.1;587.042
17:21:39;80778.0;0;0;0.031;80778.2;587.138
17:21:38;80785.0;1.325;0;0;80785.2;587.107
17:21:38;80785.1;0;0;0.013;80785.3;588.432
17:21:38;80785.8;0.163;0;0;80786.0;588.419
17:21:37;80785.9;0;0;0.001;80786.1;588.582
17:21:37;80785.8;0.059;0;0;80786.0;588.581
17:21:36;80785.9;0;0;0.132;80786.1;588.640
17:21:36;80790.3;0.690;0;0;80790.5;588.508
17:21:36;80790.4;0;0;0.002;80790.6;589.198
17:21:36;80795.4;0.214;0;0;80795.6;589.196
17:21:36;80795.5;0;0;0.002;80795.7;589.410
17:21:36;80801.1;1.950;0;0;80801.3;589.408
17:21:36;80801.2;0;0;0.003;80801.4;591.358
17:21:35;80801.1;0.006;0;0;80801.3;591.355
17:21:33;80801.2;0;0;0.010;80801.4;591.361
17:21:33;80801.1;0.003;0;0;80801.3;591.351
17:21:33;80801.2;0;0;0.021;80801.4;591.354
17:21:31;80801.1;0.019;0;0;80801.3;591.333
17:21:31;80801.2;0;0;0.002;80801.4;591.352
17:21:30;80801.1;0.011;0;0;80801.3;591.350
17:21:30;80801.2;0;0;0.002;80801.4;591.361
17:21:29;80809.5;1.820;0;0;80809.7;591.359
17:21:29;80809.6;0;0;0.001;80809.8;593.179
17:21:29;80809.5;0.002;0;0;80809.7;593.178
17:21:29;80809.6;0;0;0.002;80809.8;593.180
17:21:28;80809.5;0.002;0;0;80809.7;593.178
17:21:27;80809.6;0;0;0.050;80809.8;593.180
17:21:26;80809.5;0.009;0;0;80809.7;593.130
17:21:26;80809.6;0;0;0.015;80809.8;593.139
17:21:26;80809.5;0.064;0;0;80809.7;593.124
17:21:24;80809.6;0;0;0.002;80809.8;593.188
17:21:21;80809.5;0.678;0;0;80809.7;593.186
17:21:21;80809.6;0;0;0.012;80809.8;593.864
17:21:20;80809.5;0.002;0;0;80809.7;593.852
17:21:20;80809.6;0;0;0.267;80809.8;593.854
17:21:20;80809.5;0.057;0;0;80809.7;593.587
17:21:20;80809.6;0;0;0.125;80809.8;593.644
17:21:20;80809.5;0.001;0;0;80809.7;593.519
17:21:16;80809.6;0;0;0.132;80809.8;593.520
17:21:15;80809.5;0.047;0;0;80809.7;593.388
17:21:14;80809.6;0;0;0.521;80809.8;593.435
17:21:14;80809.5;0.005;0;0;80809.7;592.914
17:21:14;80806.3;0;0;0.190;80806.5;592.919
17:21:14;80801.2;0;0;3.307;80801.4;592.729
17:21:14;80801.1;0.002;0;0;80801.3;589.422
17:21:14;80801.2;0;0;0.001;80801.4;589.424
17:21:14;80801.1;0.001;0;0;80801.3;589.423
17:21:13;80801.2;0;0;0.158;80801.4;589.424
17:21:13;80801.1;0.007;0;0;80801.3;589.266
17:21:13;80801.2;0;0;0.199;80801.4;589.273
17:21:12;80801.1;0.018;0;0;80801.3;589.074
17:21:11;80801.2;0;0;0.030;80801.4;589.092
17:21:10;80801.1;0.020;0;0;80801.3;589.062
17:21:10;80801.2;0;0;0.001;80801.4;589.082
17:21:09;80801.1;0.143;0;0;80801.3;589.081
17:21:09;80801.2;0;0;0.105;80801.4;589.224
17:21:08;80801.1;0.006;0;0;80801.3;589.119
17:21:07;80801.2;0;0;0.026;80801.4;589.125
17:21:07;80801.1;0.040;0;0;80801.3;589.099
17:21:05;80801.2;0;0;0.185;80801.4;589.139
17:21:05;80801.1;0.023;0;0;80801.3;588.954
17:21:05;80801.2;0;0;0.026;80801.4;588.977
17:21:04;80801.1;0.003;0;0;80801.3;588.951
17:21:04;80801.2;0;0;0.172;80801.4;588.954
17:21:03;80801.1;0.102;0;0;80801.3;588.782
17:21:03;80801.2;0;0;0.100;80801.4;588.884
17:21:02;80801.1;0.002;0;0;80801.3;588.784
17:21:01;80801.2;0;0;0.071;80801.4;588.786
17:21:01;80801.1;0.042;0;0;80801.3;588.715
17:21:01;80801.2;0;0;0.010;80801.4;588.757
17:21:01;80801.1;0.007;0;0;80801.3;588.747
17:21:01;80801.2;0;0;0.001;80801.4;588.754
17:21:00;80801.1;0.001;0;0;80801.3;588.753
17:21:00;80801.2;0;0;0.058;80801.4;588.754
17:21:00;80801.1;0.061;0;0;80801.3;588.696
17:21:00;80800.6;0;0;0.002;80800.8;588.757
17:21:00;80800.4;0.002;0;0;80800.6;588.755
17:21:00;80791.5;0;0;2.139;80791.7;588.757
17:21:00;80791.4;0.001;0;0;80791.6;586.618
17:21:00;80789.0;0;0;0.009;80789.2;586.619
17:21:00;80785.1;0;0;2.357;80785.3;586.610
17:20:59;80785.0;0.010;0;0;80785.2;584.253
17:20:57;80785.1;0;0;0.038;80785.3;584.263
17:20:57;80785.0;0.027;0;0;80785.2;584.225
17:20:57;80785.1;0;0;0.006;80785.3;584.252
17:20:55;80785.0;0.120;0;0;80785.2;584.246
17:20:55;80785.1;0;0;0.049;80785.3;584.366
17:20:55;80784.9;0.001;0;0;80785.1;584.317
17:20:55;80783.6;0;0;0.014;80783.8;584.318
17:20:55;80783.5;0.001;0;0;80783.7;584.304
17:20:55;80782.2;0;0;0.022;80782.4;584.305
17:20:55;80781.4;0.001;0;0;80781.6;584.283
17:20:55;80780.9;0;0;0.037;80781.1;584.284
17:20:55;80780.8;0.001;0;0;80781.0;584.247
17:20:55;80780.6;0;0;0.547;80780.8;584.248
17:20:54;80780.5;0.001;0;0;80780.7;583.701
17:20:52;80780.6;0;0;0.769;80780.8;583.702
17:20:50;80780.5;1.068;0;0;80780.7;582.933
17:20:50;80780.6;0;0;0.914;80780.8;584.001
17:20:49;80780.5;0.001;0;0;80780.7;583.087
17:20:49;80780.6;0;0;0.004;80780.8;583.088
17:20:49;80780.5;0.001;0;0;80780.7;583.084
17:20:49;80780.6;0;0;0.667;80780.8;583.085
17:20:48;80780.5;0.003;0;0;80780.7;582.418
17:20:48;80780.6;0;0;0.309;80780.8;582.421
17:20:47;80780.5;0.049;0;0;80780.7;582.112
17:20:47;80780.6;0;0;0.154;80780.8;582.161
17:20:47;80780.5;0.007;0;0;80780.7;582.007
17:20:47;80780.6;0;0;0.265;80780.8;582.014
17:20:46;80780.5;0.251;0;0;80780.7;581.749
17:20:45;80780.6;0;0;0.040;80780.8;582.000
17:20:45;80780.5;0.015;0;0;80780.7;581.960
17:20:45;80780.6;0;0;0.005;80780.8;581.975
17:20:44;80780.5;0.297;0;0;80780.7;581.970
17:20:44;80780.6;0;0;0.050;80780.8;582.267
17:20:43;80780.5;0.041;0;0;80780.7;582.217
17:20:43;80780.6;0;0;0.504;80780.8;582.258
17:20:42;80780.5;0.001;0;0;80780.7;581.754
17:20:41;80780.6;0;0;0.063;80780.8;581.755
17:20:41;80780.5;0.032;0;0;80780.7;581.692
17:20:41;80780.6;0;0;0.036;80780.8;581.724
17:20:40;80780.5;0.097;0;0;80780.7;581.688
17:20:39;80780.6;0;0;0.001;80780.8;581.785
17:20:39;80780.5;0.293;0;0;80780.7;581.784
17:20:38;80780.6;0;0;0.017;80780.8;582.077
17:20:38;80780.5;0.020;0;0;80780.7;582.060
17:20:38;80780.6;0;0;0.001;80780.8;582.080
17:20:38;80780.5;0.421;0;0;80780.7;582.079
17:20:37;80780.6;0;0;0.002;80780.8;582.500
17:20:37;80780.5;0.001;0;0;80780.7;582.498
17:20:36;80780.6;0;0;0.096;80780.8;582.499
17:20:36;80780.5;0.016;0;0;80780.7;582.403
17:20:36;80780.6;0;0;0.012;80780.8;582.419
17:20:35;80780.5;0.063;0;0;80780.7;582.407
17:20:34;80780.6;0;0;0.003;80780.8;582.470
17:20:34;80780.5;1.237;0;0;80780.7;582.467
17:20:34;80780.6;0;0;0.005;80780.8;583.704
17:20:34;80780.5;0.062;0;0;80780.7;583.699
17:20:33;80780.6;0;0;0.002;80780.8;583.761
17:20:33;80780.5;0.136;0;0;80780.7;583.759
17:20:32;80780.6;0;0;0.144;80780.8;583.895
17:20:31;80780.5;0.160;0;0;80780.7;583.751
17:20:31;80780.6;0;0;0.027;80780.8;583.911
17:20:31;80780.5;0.089;0;0;80780.7;583.884
17:20:30;80780.6;0;0;0.001;80780.8;583.973
17:20:29;80780.5;0.240;0;0;80780.7;583.972
17:20:29;80780.6;0;0;0.310;80780.8;584.212
17:20:27;80780.5;0.042;0;0;80780.7;583.902
17:20:26;80780.6;0;0;0.013;80780.8;583.944
17:20:26;80780.5;0.130;0;0;80780.7;583.931
17:20:26;80780.6;0;0;0.002;80780.8;584.061
17:20:26;80780.5;0.078;0;0;80780.7;584.059
17:20:26;80780.6;0;0;0.004;80780.8;584.137
17:20:24;80780.5;0.125;0;0;80780.7;584.133
17:20:24;80780.6;0;0;0.037;80780.8;584.258
17:20:23;80780.5;0.001;0;0;80780.7;584.221
17:20:23;80780.6;0;0;0.016;80780.8;584.222
17:20:23;80780.5;0.063;0;0;80780.7;584.206
17:20:22;80780.6;0;0;0.025;80780.8;584.269
17:20:21;80780.5;0.016;0;0;80780.7;584.244
17:20:21;80780.6;0;0;0.007;80780.8;584.260
17:20:21;80780.5;0.066;0;0;80780.7;584.253
17:20:20;80780.6;0;0;0.069;80780.8;584.319
17:20:19;80780.5;0.361;0;0;80780.7;584.250
17:20:19;80780.6;0;0;0.704;80780.8;584.611
17:20:18;80788.6;2.799;0;0;80788.8;583.907
17:20:18;80788.7;0;0;0.034;80788.9;586.706
17:20:18;80788.6;0.013;0;0;80788.8;586.672
17:20:17;80788.7;0;0;0.001;80788.9;586.685
17:20:17;80788.6;0.003;0;0;80788.8;586.684
17:20:17;80788.7;0;0;0.001;80788.9;586.687
17:20:17;80788.6;0.036;0;0;80788.8;586.686
17:20:16;80788.7;0;0;0.016;80788.9;586.722
17:20:15;80788.6;0.731;0;0;80788.8;586.706
17:20:15;80788.7;0;0;0.051;80788.9;587.437
17:20:14;80788.6;1.307;0;0;80788.8;587.386
17:20:14;80788.7;0;0;0.020;80788.9;588.693
17:20:14;80788.6;0.361;0;0;80788.8;588.673
17:20:13;80788.7;0;0;0.006;80788.9;589.034
17:20:13;80788.6;0.051;0;0;80788.8;589.028
17:20:13;80788.7;0;0;0.001;80788.9;589.079
17:20:13;80788.6;0.061;0;0;80788.8;589.078
17:20:13;80788.7;0;0;0.013;80788.9;589.139
17:20:12;80788.6;0.002;0;0;80788.8;589.126
17:20:12;80788.7;0;0;0.013;80788.9;589.128
17:20:12;80788.6;0.159;0;0;80788.8;589.115
17:20:12;80788.7;0;0;0.006;80788.9;589.274
17:20:11;80788.6;0.064;0;0;80788.8;589.268
17:20:11;80788.7;0;0;0.003;80788.9;589.332
17:20:11;80788.6;0.001;0;0;80788.8;589.329
17:20:11;80788.7;0;0;0.008;80788.9;589.330
17:20:11;80788.6;0.164;0;0;80788.8;589.322
17:20:10;80788.7;0;0;0.001;80788.9;589.486
17:20:09;80788.6;1.362;0;0;80788.8;589.485
17:20:09;80788.7;0;0;0.003;80788.9;590.847
17:20:09;80788.6;0.124;0;0;80788.8;590.844
17:20:08;80788.7;0;0;0.126;80788.9;590.968
17:20:08;80788.6;0.003;0;0;80788.8;590.842
17:20:08;80788.7;0;0;0.018;80788.9;590.845
17:20:08;80799.8;1.036;0;0;80800.0;590.827
17:20:07;80799.9;0;0;0.114;80800.1;591.863
17:20:06;80799.8;0.011;0;0;80800.0;591.749
17:20:06;80799.9;0;0;0.310;80800.1;591.760
17:20:06;80799.8;0.003;0;0;80800.0;591.450
17:20:06;80799.9;0;0;0.069;80800.1;591.453
17:20:06;80799.8;0.001;0;0;80800.0;591.384
17:20:06;80799.9;0;0;0.014;80800.1;591.385
17:20:05;80799.8;0.190;0;0;80800.0;591.371
17:20:05;80799.9;0;0;0.006;80800.1;591.561
17:20:04;80799.8;0.018;0;0;80800.0;591.555
17:20:04;80799.9;0;0;0.100;80800.1;591.573
17:20:04;80799.8;0.004;0;0;80800.0;591.473
17:20:04;80799.9;0;0;0.004;80800.1;591.477
17:20:04;80799.8;1.985;0;0;80800.0;591.473
17:20:03;80799.9;0;0;0.019;80800.1;593.458
17:20:03;80799.8;0.170;0;0;80800.0;593.439
17:20:03;80799.9;0;0;0.008;80800.1;593.609
17:20:03;80799.8;0.048;0;0;80800.0;593.601
17:20:03;80799.9;0;0;0.006;80800.1;593.649
17:20:02;80799.8;0.001;0;0;80800.0;593.643
17:20:02;80799.5;0;0;0.005;80799.7;593.644
17:20:02;80799.4;0.001;0;0;80799.6;593.639
17:20:02;80798.8;0;0;1.712;80799.0;593.640
17:20:02;80798.7;0.001;0;0;80798.9;591.928
17:20:02;80798.5;0;0;1.009;80798.7;591.929
17:20:02;80798.4;0.001;0;0;80798.6;590.920
17:20:02;80795.1;0;0;5.252;80795.3;590.921
17:20:00;80795.0;0.332;0;0;80795.2;585.669
17:19:59;80795.1;0;0;0.029;80795.3;586.001
17:19:59;80795.0;0.340;0;0;80795.2;585.972
17:19:59;80795.1;0;0;0.001;80795.3;586.312
17:19:59;80795.0;0.069;0;0;80795.2;586.311
17:19:58;80795.1;0;0;0.066;80795.3;586.380
17:19:58;80795.0;0.020;0;0;80795.2;586.314
17:19:58;80795.1;0;0;0.005;80795.3;586.334
17:19:58;80799.9;0.941;0;0;80800.1;586.329
17:19:58;80800.0;0;0;0.541;80800.2;587.270
17:19:58;80799.9;0.001;0;0;80800.1;586.729
17:19:58;80800.0;0;0;0.100;80800.2;586.730
17:19:58;80802.6;0.079;0;0;80802.8;586.630
17:19:57;80802.7;0;0;0.025;80802.9;586.709
17:19:57;80808.9;0.714;0;0;80809.1;586.684
17:19:57;80809.0;0;0;0.053;80809.2;587.398
17:19:56;80808.9;0.003;0;0;80809.1;587.345
17:19:56;80809.0;0;0;0.021;80809.2;587.348
17:19:56;80808.9;0.420;0;0;80809.1;587.327
17:19:56;80809.0;0;0;0.150;80809.2;587.747
17:19:56;80809.9;0.055;0;0;80810.1;587.597
17:19:56;80810.0;0;0;0.053;80810.2;587.652
17:19:56;80809.9;0.001;0;0;80810.1;587.599
17:19:55;80810.0;0;0;0.028;80810.2;587.600
17:19:55;80814.9;0.360;0;0;80815.1;587.572
17:19:55;80815.0;0;0;0.004;80815.2;587.932
17:19:54;80814.9;0.163;0;0;80815.1;587.928
17:19:54;80815.0;0;0;0.003;80815.2;588.091
17:19:52;80814.9;0.149;0;0;80815.1;588.088
17:19:51;80815.0;0;0;0.494;80815.2;588.237
17:19:51;80814.9;0.007;0;0;80815.1;587.743
17:19:51;80815.0;0;0;0.494;80815.2;587.750
17:19:51;80814.9;1.066;0;0;80815.1;587.256
17:19:51;80815.0;0;0;0.002;80815.2;588.322
17:19:50;80823.6;3.329;0;0;80823.8;588.320
17:19:50;80823.7;0.001;0;0.002;80823.9;591.649
17:19:50;80823.8;0;0;0.002;80824.0;591.648
17:19:50;80828.2;0.066;0;0;80828.4;591.646
17:19:50;80839.9;44.968;0;0;80840.1;591.712
17:19:50;80840.0;0;0;0.006;80840.2;636.680
17:19:50;80839.9;0.012;0;0;80840.1;636.674
17:19:49;80840.0;0;0;0.005;80840.2;636.686
17:19:49;80839.9;0.012;0;0;80840.1;636.681
17:19:49;80840.0;0;0;0.001;80840.2;636.693
17:19:48;80839.9;0.023;0;0;80840.1;636.692
17:19:48;80840.0;0;0;0.012;80840.2;636.715
17:19:48;80839.9;0.010;0;0;80840.1;636.703
17:19:48;80840.0;0;0;0.371;80840.2;636.713
17:19:48;80839.9;0.021;0;0;80840.1;636.342
17:19:48;80840.0;0;0;0.001;80840.2;636.363
17:19:47;80839.9;0.023;0;0;80840.1;636.362
17:19:47;80840.0;0;0;0.002;80840.2;636.385
17:19:47;80839.9;0.073;0;0;80840.1;636.383
17:19:47;80840.0;0;0;0.017;80840.2;636.456
17:19:47;80839.9;0.003;0;0;80840.1;636.439
17:19:46;80840.0;0;0;0.004;80840.2;636.442
17:19:46;80839.9;0.132;0;0;80840.1;636.438
17:19:46;80840.0;0;0;0.116;80840.2;636.570
17:19:46;80839.9;0.095;0;0;80840.1;636.454
17:19:45;80840.0;0;0;0.003;80840.2;636.549
17:19:45;80839.9;8.224;0;0;80840.1;636.546
17:19:44;80840.0;0;0;0.499;80840.2;644.770
17:19:43;80839.9;0.041;0;0;80840.1;644.271
17:19:43;80840.0;0;0;0.027;80840.2;644.312
17:19:43;80839.9;0.319;0;0;80840.1;644.285
17:19:43;80840.0;0;0;0.026;80840.2;644.604
17:19:42;80839.9;0.019;0;0;80840.1;644.578
17:19:42;80840.0;0;0;0.005;80840.2;644.597
17:19:42;80839.9;1.000;0;0;80840.1;644.592
17:19:42;80840.0;0;0;0.044;80840.2;645.592
17:19:42;80839.9;0.001;0;0;80840.1;645.548
17:19:42;80840.0;0;0;0.001;80840.2;645.549
17:19:41;80839.9;69.108;0;0;80840.1;645.548
17:19:41;80840.0;0;0;0.001;80840.2;714.656
17:19:41;80839.9;0.006;0;0;80840.1;714.655
17:19:39;80840.0;0;0;3.106;80840.2;714.661
17:19:39;80839.9;0.003;0;0;80840.1;711.555
17:19:38;80840.0;0;0;0.100;80840.2;711.558
17:19:38;80839.9;0.013;0;0;80840.1;711.458
17:19:38;80840.0;0;0;0.008;80840.2;711.471
17:19:38;80839.9;0.089;0;0;80840.1;711.463
17:19:37;80840.0;0;0;0.003;80840.2;711.552
17:19:37;80847.9;1.381;0;0;80848.1;711.549
17:19:37;80848.0;0;0;0.012;80848.2;712.930
17:19:37;80847.9;0.086;0;0;80848.1;712.918
17:19:37;80848.0;0;0;0.050;80848.2;713.004
17:19:37;80847.9;0.012;0;0;80848.1;712.954
17:19:36;80848.0;0;0;0.020;80848.2;712.966
17:19:36;80847.9;0.006;0;0;80848.1;712.946
17:19:36;80848.0;0;0;0.006;80848.2;712.952
17:19:35;80847.9;0.010;0;0;80848.1;712.946
17:19:34;80848.0;0;0;0.029;80848.2;712.956
17:19:34;80847.9;0.006;0;0;80848.1;712.927
17:19:34;80848.0;0;0;0.107;80848.2;712.933
17:19:34;80847.9;0.002;0;0;80848.1;712.826
17:19:34;80848.0;0;0;0.012;80848.2;712.828
17:19:34;80847.9;0.008;0;0;80848.1;712.816
17:19:33;80848.0;0;0;0.165;80848.2;712.824
17:19:33;80847.9;0.006;0;0;80848.1;712.659
17:19:32;80848.0;0;0;0.006;80848.2;712.665
17:19:32;80847.9;0.693;0;0;80848.1;712.659
17:19:30;80848.0;0;0;0.094;80848.2;713.352
17:19:30;80847.9;0.022;0;0;80848.1;713.258
17:19:29;80848.0;0;0;1.320;80848.2;713.280
17:19:28;80847.9;0.011;0;0;80848.1;711.960
17:19:28;80848.0;0;0;0.174;80848.2;711.971
17:19:28;80847.9;1.179;0;0;80848.1;711.797
17:19:28;80848.0;0;0;0.032;80848.2;712.976
17:19:28;80847.9;0.071;0;0;80848.1;712.944
17:19:28;80848.0;0;0;0.003;80848.2;713.015
17:19:28;80847.9;0.001;0;0;80848.1;713.012
17:19:27;80848.0;0;0;1.736;80848.2;713.013
17:19:27;80847.9;0.087;0;0;80848.1;711.277
17:19:26;80848.0;0;0;0.026;80848.2;711.364
17:19:26;80847.9;0.056;0;0;80848.1;711.338
17:19:26;80848.0;0;0;0.002;80848.2;711.394
17:19:25;80847.9;0.004;0;0;80848.1;711.392
17:19:25;80846.7;0;0;0.370;80846.9;711.396
17:19:25;80846.6;0.103;0;0;80846.8;711.026
17:19:24;80846.7;0;0;0.001;80846.9;711.129
17:19:24;80846.6;0.011;0;0;80846.8;711.128
17:19:24;80835.7;0;0;19.748;80835.9;711.139
17:19:23;80835.6;0.436;0;0;80835.8;691.391
17:19:23;80835.7;0;0;0.046;80835.9;691.827
17:19:22;80835.6;0.057;0;0;80835.8;691.781
17:19:22;80835.7;0;0;0.233;80835.9;691.838
17:19:21;80835.6;0.197;0;0;80835.8;691.605
17:19:21;80835.7;0;0;0.099;80835.9;691.802
17:19:20;80835.6;1.000;0;0;80835.8;691.703
17:19:20;80835.7;0;0;0.007;80835.9;692.703
17:19:19;80835.6;0.016;0;0;80835.8;692.696
17:19:19;80835.7;0;0;0.150;80835.9;692.712
17:19:18;80835.6;0.277;0;0;80835.8;692.562
17:19:18;80835.7;0;0;0.022;80835.9;692.839
17:19:18;80835.6;0.012;0;0;80835.8;692.817
17:19:18;80832.1;0;0;0.330;80832.3;692.829
17:19:18;80832.0;0.001;0;0;80832.2;692.499
17:19:17;80832.1;0;0;0.001;80832.3;692.500
17:19:17;80832.0;0.001;0;0;80832.2;692.499
17:19:16;80832.1;0;0;0.031;80832.3;692.500
17:19:16;80832.0;0.002;0;0;80832.2;692.469
17:19:16;80829.7;0;0;0.837;80829.9;692.471
17:19:15;80829.6;0.080;0;0;80829.8;691.634
17:19:15;80828.0;0;0;0.024;80828.2;691.714
17:19:15;80827.9;0.001;0;0;80828.1;691.690
17:19:15;80815.9;0;0;15.267;80816.1;691.691
17:19:15;80819.8;0.746;0;0;80820.0;676.424
17:19:14;80819.9;0;0;0.018;80820.1;677.170
17:19:14;80819.8;2.605;0;0;80820.0;677.152
17:19:13;80819.9;0;0;0.100;80820.1;679.757
17:19:12;80819.8;1.547;0;0;80820.0;679.657
17:19:12;80819.9;0;0;0.162;80820.1;681.204
17:19:12;80819.8;0.040;0;0;80820.0;681.042
17:19:12;80819.9;0;0;0.002;80820.1;681.082
17:19:11;80819.8;0.013;0;0;80820.0;681.080
17:19:10;80819.9;0;0;0.014;80820.1;681.093
17:19:10;80819.8;0.005;0;0;80820.0;681.079
17:19:10;80819.9;0;0;0.061;80820.1;681.084
17:19:10;80819.8;0.233;0;0;80820.0;681.023
17:19:09;80819.9;0;0;0.042;80820.1;681.256
17:19:09;80819.8;0.038;0;0;80820.0;681.214
17:19:07;80819.9;0;0;0.058;80820.1;681.252
17:19:07;80819.8;0.099;0;0;80820.0;681.194
17:19:06;80819.9;0;0;0.006;80820.1;681.293
17:19:05;80819.8;0.023;0;0;80820.0;681.287
17:19:05;80819.9;0;0;0.002;80820.1;681.310
17:19:05;80819.8;0.001;0;0;80820.0;681.308
17:19:05;80819.9;0;0;0.802;80820.1;681.309
17:19:04;80819.8;0.100;0;0;80820.0;680.507
17:19:04;80819.9;0;0;0.439;80820.1;680.607
17:19:04;80819.8;0.027;0;0;80820.0;680.168
17:19:03;80819.9;0;0;0.021;80820.1;680.195
17:19:02;80819.8;0.001;0;0;80820.0;680.174
17:19:02;80819.9;0;0;0.001;80820.1;680.175
17:19:02;80819.8;0.159;0;0;80820.0;680.174
17:19:01;80819.9;0;0;0.019;80820.1;680.333
17:19:00;80815.0;0;0;0.461;80815.2;680.314
17:18:59;80814.9;0.012;0;0;80815.1;679.853
17:18:59;80815.0;0;0;0.018;80815.2;679.865
17:18:58;80814.9;0.397;0;0;80815.1;679.847
17:18:58;80815.0;0;0;0.015;80815.2;680.244
17:18:58;80814.9;0.007;0;0;80815.1;680.229
17:18:56;80815.0;0;0;0.004;80815.2;680.236
17:18:56;80814.9;0.044;0;0;80815.1;680.232
17:18:56;80815.0;0;0;0.001;80815.2;680.276
17:18:55;80814.9;0.006;0;0;80815.1;680.275
17:18:55;80815.0;0;0;0.002;80815.2;680.281
17:18:55;80814.9;0.027;0;0;80815.1;680.279
17:18:54;80815.0;0;0;0.002;80815.2;680.306
17:18:53;80814.9;0.066;0;0;80815.1;680.304
17:18:53;80815.0;0;0;0.111;80815.2;680.370
17:18:52;80814.9;0.020;0;0;80815.1;680.259
17:18:52;80815.0;0;0;0.022;80815.2;680.279
17:18:52;80814.9;0.008;0;0;80815.1;680.257
17:18:52;80815.0;0;0;0.008;80815.2;680.265
17:18:51;80814.9;0.010;0;0;80815.1;680.257
17:18:51;80815.0;0;0;0.003;80815.2;680.267
17:18:50;80814.9;0.455;0;0;80815.1;680.264
17:18:50;80815.0;0;0;0.019;80815.2;680.719
17:18:50;80814.9;1.241;0;0;80815.1;680.700
17:18:50;80815.0;0;0;0.003;80815.2;681.941
17:18:49;80819.2;0.191;0;0;80819.4;681.938
17:18:49;80819.3;0;0;0.007;80819.5;682.129
17:18:49;80819.2;0.031;0;0;80819.4;682.122
17:18:49;80819.3;0;0;0.002;80819.5;682.153
17:18:48;80819.2;0.002;0;0;80819.4;682.151
17:18:48;80811.3;0;0;3.393;80811.5;682.153
17:18:48;80811.2;0.041;0;0;80811.4;678.760
17:18:48;80811.3;0;0;0.002;80811.5;678.801
17:18:48;80811.2;0.025;0;0;80811.4;678.799
17:18:48;80811.3;0;0;0.250;80811.5;678.824
17:18:48;80811.2;0.025;0;0;80811.4;678.574
17:18:48;80811.3;0;0;0.001;80811.5;678.599
17:18:47;80811.2;0.013;0;0;80811.4;678.598
17:18:47;80811.3;0;0;0.002;80811.5;678.611
17:18:47;80824.9;3.932;0;0;80825.1;678.609
17:18:47;80825.0;0;0;0.016;80825.2;682.541
17:18:46;80824.9;0.059;0;0;80825.1;682.525
17:18:46;80825.0;0;0;0.117;80825.2;682.584
17:18:45;80824.9;0.013;0;0;80825.1;682.467
17:18:44;80825.0;0;0;0.151;80825.2;682.480
17:18:44;80824.9;0.012;0;0;80825.1;682.329
17:18:43;80825.0;0;0;0.260;80825.2;682.341
17:18:43;80827.6;0.086;0;0;80827.8;682.081
17:18:43;80827.7;0;0;0.003;80827.9;682.167
17:18:43;80827.6;0.071;0;0;80827.8;682.164
17:18:42;80827.7;0;0;0.103;80827.9;682.235
17:18:42;80827.6;0.010;0;0;80827.8;682.132
17:18:42;80827.7;0;0;0.004;80827.9;682.142
17:18:42;80828.7;0.090;0;0;80828.9;682.138
17:18:41;80828.8;0;0;0.074;80829.0;682.228
17:18:41;80828.7;0.627;0;0;80828.9;682.154
17:18:41;80828.8;0;0;0.013;80829.0;682.781
17:18:40;80836.0;0.255;0;0;80836.2;682.768
17:18:40;80836.2;0;0;0.001;80836.4;683.023
17:18:40;80837.1;0.088;0;0;80837.3;683.022
17:18:40;80837.2;0;0;0.012;80837.4;683.110
17:18:40;80844.5;0.618;0;0;80844.7;683.098
17:18:39;80844.6;0;0;0.001;80844.8;683.716
17:18:39;80844.5;0.002;0;0;80844.7;683.715
17:18:38;80844.6;0;0;0.088;80844.8;683.717
17:18:38;80844.5;0.051;0;0;80844.7;683.629
17:18:37;80844.6;0;0;0.002;80844.8;683.680
17:18:37;80847.9;0.294;0;0;80848.1;683.678
17:18:37;80848.0;0;0;0.019;80848.2;683.972
17:18:37;80847.9;0.136;0;0;80848.1;683.953
17:18:36;80848.0;0;0;0.014;80848.2;684.089
17:18:36;80849.8;1.271;0;0;80850.0;684.075
17:18:35;80849.9;0;0;1.009;80850.1;685.346
17:18:35;80849.8;0.001;0;0;80850.0;684.337
17:18:35;80849.9;0;0;0.002;80850.1;684.338
17:18:35;80849.8;0.002;0;0;80850.0;684.336
17:18:35;80849.9;0;0;0.348;80850.1;684.338
17:18:35;80851.3;1.259;0;0;80851.5;683.990
17:18:35;80851.4;0;0;0.004;80851.6;685.249
17:18:34;80855.3;0.594;0;0;80855.5;685.245
17:18:33;80855.4;0;0;0.162;80855.6;685.839
17:18:33;80855.3;0.040;0;0;80855.5;685.677
17:18:32;80855.4;0;0;0.119;80855.6;685.717
17:18:32;80855.3;0.201;0;0;80855.5;685.598
17:18:32;80855.4;0;0;0.049;80855.6;685.799
17:18:32;80855.3;0.001;0;0;80855.5;685.750
17:18:32;80855.4;0;0;0.037;80855.6;685.751
17:18:32;80855.3;0.001;0;0;80855.5;685.714
17:18:31;80855.4;0;0;0.004;80855.6;685.715
17:18:31;80855.3;0.001;0;0;80855.5;685.711
17:18:30;80855.4;0;0;0.158;80855.6;685.712
17:18:30;80855.3;0.032;0;0;80855.5;685.554
17:18:30;80855.4;0;0;0.002;80855.6;685.586
17:18:30;80855.3;0.010;0;0;80855.5;685.584
17:18:29;80855.4;0;0;0.034;80855.6;685.594
17:18:29;80855.3;0.017;0;0;80855.5;685.560
17:18:29;80855.4;0;0;0.019;80855.6;685.577
17:18:29;80855.3;0.001;0;0;80855.5;685.558
17:18:29;80855.4;0;0;0.011;80855.6;685.559
17:18:28;80855.3;0.001;0;0;80855.5;685.548
17:18:28;80855.4;0;0;0.054;80855.6;685.549
17:18:28;80855.3;0.001;0;0;80855.5;685.495
17:18:28;80855.4;0;0;0.052;80855.6;685.496
17:18:28;80855.3;0.061;0;0;80855.5;685.444
17:18:27;80855.4;0;0;0.818;80855.6;685.505
17:18:27;80855.3;0.012;0;0;80855.5;684.687
17:18:26;80855.4;0;0;0.361;80855.6;684.699
17:18:26;80855.3;0.001;0;0;80855.5;684.338
17:18:26;80855.4;0;0;0.127;80855.6;684.339
17:18:26;80855.3;0.231;0;0;80855.5;684.212
17:18:26;80855.4;0;0;0.001;80855.6;684.443
17:18:26;80855.3;0.054;0;0;80855.5;684.442
17:18:25;80855.4;0;0;0.022;80855.6;684.496
17:18:25;80855.3;0.091;0;0;80855.5;684.474
17:18:24;80853.0;0;0;0.848;80853.2;684.565
17:18:24;80852.9;0.027;0;0;80853.1;683.717
17:18:23;80851.1;0;0;0.184;80851.3;683.744
17:18:23;80851.0;0.010;0;0;80851.2;683.560
17:18:22;80849.9;0;0;0.164;80850.1;683.570
17:18:22;80849.8;0.002;0;0;80850.0;683.406
17:18:21;80848.0;0;0;0.283;80848.2;683.408
17:18:21;80847.9;1.630;0;0;80848.1;683.125
17:18:21;80848.0;0;0;0.024;80848.2;684.755
17:18:21;80847.9;0.004;0;0;80848.1;684.731
17:18:20;80848.0;0;0;0.037;80848.2;684.735
17:18:20;80847.9;0.002;0;0;80848.1;684.698
17:18:20;80848.0;0;0;0.001;80848.2;684.700
17:18:20;80847.9;0.001;0;0;80848.1;684.699
17:18:20;80848.0;0;0;0.001;80848.2;684.700
17:18:20;80847.9;0.011;0;0;80848.1;684.699
17:18:19;80844.6;0;0;2.022;80844.8;684.710
17:18:18;80844.5;0.023;0;0;80844.7;682.688
17:18:18;80844.6;0;0;0.072;80844.8;682.711
17:18:18;80844.5;0.001;0;0;80844.7;682.639
17:18:18;80844.6;0;0;0.052;80844.8;682.640
17:18:17;80844.5;0.325;0;0;80844.7;682.588
17:18:17;80844.6;0;0;0.365;80844.8;682.913
17:18:17;80844.5;0.020;0;0;80844.7;682.548
17:18:16;80844.6;0;0;0.065;80844.8;682.568
17:18:16;80844.5;0.050;0;0;80844.7;682.503
17:18:16;80844.6;0;0;0.002;80844.8;682.553
17:18:16;80844.5;0.072;0;0;80844.7;682.551
17:18:16;80844.6;0;0;0.001;80844.8;682.623
17:18:16;80845.2;0.229;0;0;80845.4;682.622
17:18:15;80845.3;0;0;1.183;80845.5;682.851
17:18:15;80845.2;0.002;0;0;80845.4;681.668
17:18:15;80845.3;0;0;0.210;80845.5;681.670
17:18:14;80850.7;3.315;0;0;80850.9;681.460
17:18:14;80850.8;0;0;0.058;80851.0;684.775
17:18:14;80850.7;0.002;0;0;80850.9;684.717
17:18:13;80850.8;0;0;0.185;80851.0;684.719
17:18:13;80850.7;0.123;0;0;80850.9;684.534
17:18:13;80850.8;0;0;0.003;80851.0;684.657
17:18:13;80850.7;0.001;0;0;80850.9;684.654
17:18:13;80850.8;0;0;0.001;80851.0;684.655
17:18:13;80850.7;0.087;0;0;80850.9;684.654
17:18:13;80850.8;0;0;0.297;80851.0;684.741
17:18:12;80850.7;1.174;0;0;80850.9;684.444
17:18:11;80849.9;0;0;1.205;80850.1;685.618
17:18:10;80845.3;0;0;0.965;80845.5;684.413
17:18:10;80845.2;0.004;0;0;80845.4;683.448
17:18:10;80845.3;0;0;0.030;80845.5;683.452
17:18:09;80845.2;0.006;0;0;80845.4;683.422
17:18:09;80845.3;0;0;0.002;80845.5;683.428
17:18:09;80845.2;0.042;0;0;80845.4;683.426
17:18:09;80845.3;0;0;0.017;80845.5;683.468
17:18:08;80845.2;0.010;0;0;80845.4;683.451
17:18:08;80841.7;0;0;0.291;80841.9;683.461
17:18:08;80841.6;0.020;0;0;80841.8;683.170
17:18:08;80841.7;0;0;0.109;80841.9;683.190
17:18:08;80841.6;0.029;0;0;80841.8;683.081
17:18:07;80841.7;0;0;0.057;80841.9;683.110
17:18:07;80841.6;0.005;0;0;80841.8;683.053
17:18:07;80841.7;0;0;0.127;80841.9;683.058
17:18:07;80841.6;0.001;0;0;80841.8;682.931
17:18:06;80841.7;0;0;0.001;80841.9;682.932
17:18:06;80841.6;0.248;0;0;80841.8;682.931
17:18:06;80841.7;0;0;0.066;80841.9;683.179
17:18:06;80841.6;0.002;0;0;80841.8;683.113
17:18:06;80834.9;0;0;1.044;80835.1;683.115
17:18:05;80834.8;0.002;0;0;80835.0;682.071
17:18:05;80834.9;0;0;0.002;80835.1;682.073
17:18:04;80834.8;0.575;0;0;80835.0;682.071
17:18:04;80831.9;0;0;0.408;80832.1;682.646
17:18:04;80831.8;0.014;0;0;80832.0;682.238
17:18:03;80823.3;0;0;0.284;80823.5;682.252
17:18:03;80823.2;0.012;0;0;80823.4;681.968
17:18:03;80823.3;0;0;0.050;80823.5;681.980
17:18:03;80823.2;0.024;0;0;80823.4;681.930
17:18:03;80822.8;0;0;0.316;80823.0;681.954
17:18:02;80822.7;0.053;0;0;80822.9;681.638
17:18:02;80822.8;0;0;0.009;80823.0;681.691
17:18:01;80822.7;0.104;0;0;80822.9;681.682
17:18:01;80816.7;0;0;3.000;80816.9;681.786
17:18:01;80816.6;0.089;0;0;80816.8;678.786
17:18:01;80816.7;0;0;0.012;80816.9;678.875
17:18:01;80816.6;0.005;0;0;80816.8;678.863
17:18:00;80811.1;0;0;0.159;80811.3;678.868
17:18:00;80811.0;0.965;0;0;80811.2;678.709
17:18:00;80811.1;0;0;0.026;80811.3;679.674
17:18:00;80811.0;0.019;0;0;80811.2;679.648
17:17:59;80811.1;0;0;0.006;80811.3;679.667
17:17:59;80811.0;0.057;0;0;80811.2;679.661
17:17:59;80811.1;0;0;0.115;80811.3;679.718
17:17:59;80811.0;0.074;0;0;80811.2;679.603
17:17:59;80811.1;0;0;0.002;80811.3;679.677
17:17:59;80811.0;0.164;0;0;80811.2;679.675
17:17:58;80811.1;0;0;0.262;80811.3;679.839
17:17:58;80816.6;2.127;0;0;80816.8;679.577
17:17:58;80816.7;0;0;0.001;80816.9;681.704
17:17:58;80816.6;0.006;0;0;80816.8;681.703
17:17:56;80816.7;0;0;0.052;80816.9;681.709
17:17:56;80816.6;0.010;0;0;80816.8;681.657
17:17:56;80816.7;0;0;0.014;80816.9;681.667
17:17:56;80816.6;0.002;0;0;80816.8;681.653
17:17:56;80816.7;0;0;0.017;80816.9;681.655
17:17:56;80816.6;0.154;0;0;80816.8;681.638
17:17:55;80816.7;0;0;0.312;80816.9;681.792
17:17:55;80816.6;0.001;0;0;80816.8;681.480
17:17:54;80816.7;0;0;0.316;80816.9;681.481
17:17:54;80816.6;0.005;0;0;80816.8;681.165
17:17:54;80816.7;0;0;0.024;80816.9;681.170
17:17:53;80816.6;0.003;0;0;80816.8;681.146
17:17:53;80816.7;0;0;0.086;80816.9;681.149
17:17:53;80816.6;0.017;0;0;80816.8;681.063
17:17:53;80816.7;0;0;0.003;80816.9;681.080
17:17:52;80816.6;0.066;0;0;80816.8;681.077
17:17:50;80816.7;0;0;0.042;80816.9;681.143
17:17:50;80816.6;0.016;0;0;80816.8;681.101
17:17:50;80816.7;0;0;0.004;80816.9;681.117
17:17:49;80816.6;0.008;0;0;80816.8;681.113
17:17:48;80816.7;0;0;0.086;80816.9;681.121
17:17:48;80816.6;0.100;0;0;80816.8;681.035
17:17:47;80816.7;0;0;0.070;80816.9;681.135
17:17:47;80816.6;0.031;0;0;80816.8;681.065
17:17:46;80816.3;0;0;0.679;80816.5;681.096
17:17:46;80816.2;0.250;0;0;80816.4;680.417
17:17:45;80816.3;0;0;0.034;80816.5;680.667
17:17:45;80816.2;0.049;0;0;80816.4;680.633
17:17:45;80816.3;0;0;0.007;80816.5;680.682
17:17:45;80816.2;0.001;0;0;80816.4;680.675
17:17:44;80816.3;0;0;0.003;80816.5;680.676
17:17:44;80816.2;0.001;0;0;80816.4;680.673
17:17:44;80816.3;0;0;0.352;80816.5;680.674
17:17:44;80816.2;0.001;0;0;80816.4;680.322
17:17:43;80816.3;0;0;0.004;80816.5;680.323
17:17:43;80816.2;0.006;0;0;80816.4;680.319
17:17:42;80816.3;0;0;0.005;80816.5;680.325
17:17:41;80816.2;0.002;0;0;80816.4;680.320
17:17:41;80816.3;0;0;0.001;80816.5;680.322
17:17:41;80816.2;0.261;0;0;80816.4;680.321
17:17:40;80816.3;0;0;0.016;80816.5;680.582
17:17:40;80816.2;0.002;0;0;80816.4;680.566
17:17:40;80810.4;0;0;2.221;80810.6;680.568
17:17:40;80810.3;0.014;0;0;80810.5;678.347
17:17:40;80810.4;0;0;0.003;80810.6;678.361
17:17:39;80810.3;0.054;0;0;80810.5;678.358
17:17:39;80810.4;0;0;0.085;80810.6;678.412
17:17:39;80810.3;0.001;0;0;80810.5;678.327
17:17:38;80810.4;0;0;0.209;80810.6;678.328
17:17:37;80810.3;0.029;0;0;80810.5;678.119
17:17:36;80810.4;0;0;0.141;80810.6;678.148
17:17:35;80810.3;0.145;0;0;80810.5;678.007
17:17:35;80810.4;0;0;0.006;80810.6;678.152
17:17:34;80810.3;0.107;0;0;80810.5;678.146
17:17:33;80810.4;0;0;0.001;80810.6;678.253
17:17:33;80810.3;0.501;0;0;80810.5;678.252
17:17:33;80808.6;0;0;0.517;80808.8;678.753
17:17:33;80808.5;0.009;0;0;80808.7;678.236
17:17:33;80808.6;0;0;0.324;80808.8;678.245
17:17:33;80808.5;0.040;0;0;80808.7;677.921
17:17:33;80808.6;0;0;0.007;80808.8;677.961
17:17:31;80808.5;0.283;0;0.005;80808.7;677.954
17:17:31;80808.4;0.001;0;0.005;80808.6;678.232
17:17:31;80808.3;0.001;0;0;80808.5;678.228
17:17:31;80806.0;0;0;0.025;80806.2;678.229
17:17:31;80805.9;0.001;0;0;80806.1;678.204
17:17:31;80804.8;0;0;0.181;80805.0;678.205
17:17:30;80804.7;0.002;0;0;80804.9;678.024
17:17:30;80804.8;0;0;0.026;80805.0;678.026
17:17:30;80804.7;0.002;0;0.002;80804.9;678.000
17:17:30;80804.4;0.001;0;0;80804.6;678.000
17:17:30;80803.9;0;0;0.006;80804.1;678.001
17:17:30;80803.8;0.001;0;0;80804.0;677.995
17:17:30;80799.9;0;0;0.550;80800.1;677.996
17:17:30;80799.8;0.004;0;0;80800.0;677.446
17:17:30;80799.9;0;0;0.001;80800.1;677.450
17:17:29;80799.8;0.162;0;0;80800.0;677.449
17:17:29;80799.9;0;0;0.051;80800.1;677.611
17:17:29;80799.8;0.114;0;0;80800.0;677.560
17:17:27;80799.9;0;0;0.101;80800.1;677.674
17:17:27;80799.8;0.001;0;0;80800.0;677.573
17:17:27;80799.9;0;0;0.002;80800.1;677.574
17:17:26;80799.8;0.192;0;0;80800.0;677.572
17:17:25;80799.9;0;0;0.012;80800.1;677.764
17:17:25;80799.8;0.035;0;0;80800.0;677.752
17:17:24;80799.9;0;0;0.488;80800.1;677.787
17:17:24;80799.8;0.131;0;0;80800.0;677.299
17:17:23;80799.9;0;0;0.002;80800.1;677.430
17:17:23;80799.8;0.004;0;0;80800.0;677.428
17:17:23;80799.9;0;0;0.001;80800.1;677.432
17:17:23;80799.8;0.002;0;0;80800.0;677.431
17:17:22;80799.9;0;0;0.073;80800.1;677.433
17:17:22;80799.8;0.013;0;0;80800.0;677.360
17:17:22;80799.9;0;0;0.423;80800.1;677.373
17:17:22;80799.8;0.006;0;0;80800.0;676.950
17:17:21;80799.9;0;0;0.018;80800.1;676.956
17:17:21;80799.8;0.025;0;0;80800.0;676.938
17:17:20;80799.9;0;0;0.101;80800.1;676.963
17:17:20;80799.8;0.002;0;0;80800.0;676.862
17:17:20;80795.0;0;0;0.139;80795.2;676.864
17:17:19;80794.9;0.003;0;0;80795.1;676.725
17:17:19;80795.0;0;0;0.010;80795.2;676.728
17:17:19;80794.9;0.004;0;0;80795.1;676.718
17:17:19;80795.0;0;0;0.249;80795.2;676.722
17:17:18;80799.8;0.559;0;0;80800.0;676.473
17:17:18;80799.9;0;0;0.001;80800.1;677.032
17:17:17;80799.8;0.056;0;0;80800.0;677.031
17:17:17;80794.9;0;0;0.069;80795.1;677.087
17:17:17;80794.8;0.019;0;0;80795.0;677.018
17:17:17;80794.9;0;0;0.048;80795.1;677.037
17:17:17;80793.6;0.010;0;0;80793.8;676.989
17:17:17;80793.3;0;0;1.781;80793.5;676.999
17:17:16;80793.2;1.761;0;0;80793.4;675.218
17:17:16;80793.3;0;0;0.012;80793.5;676.979
17:17:16;80793.9;0.886;0;0;80794.1;676.967
17:17:16;80794.0;0;0;0.050;80794.2;677.853
17:17:16;80794.2;0.001;0;0;80794.4;677.803
17:17:16;80794.7;0;0;0.066;80794.9;677.804
17:17:16;80800.2;2.226;0;0;80800.4;677.738
17:17:16;80802.8;0.183;0;0;80803.0;679.964
17:17:16;80804.2;0.476;0;0;80804.4;680.147
17:17:16;80804.8;0;0;0.001;80805.0;680.623
17:17:16;80804.6;0.038;0;0;80804.8;680.622
17:17:16;80804.8;0;0;0.002;80805.0;680.660
17:17:16;80807.0;0.043;0;0;80807.2;680.658
17:17:16;80807.1;0;0;0.001;80807.3;680.701
17:17:16;80809.8;2.003;0;0;80810.0;680.700
17:17:16;80809.9;0;0;0.003;80810.1;682.703
17:17:16;80810.1;0.387;0;0;80810.3;682.700
17:17:16;80810.3;0;0;0.001;80810.5;683.087
17:17:16;80812.1;0.245;0;0;80812.3;683.086
17:17:16;80812.3;0;0;0.002;80812.5;683.331
17:17:16;80816.4;1.097;0;0;80816.6;683.329
17:17:16;80817.0;0;0;0.005;80817.2;684.426
17:17:16;80818.1;0.212;0;0;80818.3;684.421
17:17:16;80819.9;0;0;0.001;80820.1;684.633
17:17:16;80823.6;4.438;0;0;80823.8;684.632
17:17:16;80826.3;6.826;0;0;80826.5;689.070
17:17:16;80827.3;0;0;0.001;80827.5;695.896
17:17:15;80839.9;11.593;0;0;80840.1;695.895
17:17:15;80840.0;0;0;0.020;80840.2;707.488
17:17:15;80842.8;0.618;0;0;80843.0;707.468
17:17:15;80842.9;0;0;0.011;80843.1;708.086
17:17:15;80846.4;0.983;0;0;80846.6;708.075
17:17:15;80851.0;2.967;0;0;80851.2;709.058
17:17:14;80851.1;0;0;0.120;80851.3;712.025
17:17:14;80851.0;0.001;0;0;80851.2;711.905
17:17:13;80851.1;0;0;2.650;80851.3;711.906
17:17:13;80851.0;0.014;0;0;80851.2;709.256
17:17:13;80851.1;0;0;0.047;80851.3;709.270
17:17:13;80851.0;1.520;0;0;80851.2;709.223
17:17:12;80851.1;0;0;0.746;80851.3;710.743
17:17:12;80851.0;0.080;0;0;80851.2;709.997
17:17:12;80851.1;0;0;0.026;80851.3;710.077
17:17:12;80851.0;0.002;0;0;80851.2;710.051
17:17:11;80851.1;0;0;0.723;80851.3;710.053
17:17:11;80851.0;0.002;0;0;80851.2;709.330
17:17:11;80851.1;0;0;0.016;80851.3;709.332
17:17:11;80851.0;0.002;0;0;80851.2;709.316
17:17:11;80851.1;0;0;0.053;80851.3;709.318
17:17:11;80851.0;0.011;0;0;80851.2;709.265
17:17:11;80851.1;0;0;0.185;80851.3;709.276
17:17:10;80851.0;0.044;0;0;80851.2;709.091
17:17:09;80851.1;0;0;0.223;80851.3;709.135
17:17:09;80851.0;0.003;0;0;80851.2;708.912
17:17:09;80851.1;0;0;0.012;80851.3;708.915
17:17:09;80851.0;2.000;0;0;80851.2;708.903
17:17:09;80851.1;0;0;0.007;80851.3;710.903
17:17:08;80851.0;0.005;0;0;80851.2;710.896
17:17:08;80851.1;0;0;0.026;80851.3;710.901
17:17:08;80851.0;0.002;0;0;80851.2;710.875
17:17:08;80851.1;0;0;0.292;80851.3;710.877
17:17:07;80851.0;0.004;0;0;80851.2;710.585
17:17:07;80851.1;0;0;0.005;80851.3;710.589
17:17:07;80851.0;0.004;0;0;80851.2;710.584
17:17:07;80850.0;0;0;1.771;80850.2;710.588
17:17:06;80849.9;0.074;0;0;80850.1;708.817
17:17:06;80850.0;0;0;0.012;80850.2;708.891
17:17:05;80850.1;0.378;0;0;80850.3;708.879
17:17:05;80850.2;0;0;0.014;80850.4;709.257
17:17:05;80850.1;0.432;0;0;80850.3;709.243
17:17:05;80850.2;0;0;0.051;80850.4;709.675
17:17:05;80850.1;0.001;0;0;80850.3;709.624
17:17:05;80850.2;0;0;0.002;80850.4;709.625
17:17:05;80850.8;0.256;0;0;80851.0;709.623
17:17:05;80850.9;0;0;1.567;80851.1;709.879
17:17:05;80852.9;0.234;0;0;80853.1;708.312
17:17:05;80853.0;0;0;0.001;80853.2;708.546
17:17:05;80854.1;3.816;0;0;80854.3;708.545
17:17:05;80854.2;0;0;0.009;80854.4;712.361
17:17:04;80854.1;0.007;0;0;80854.3;712.352
17:17:04;80854.2;0;0;0.083;80854.4;712.359
17:17:03;80854.1;0.534;0;2.080;80854.3;712.276
17:17:03;80854.0;0.140;0;0;80854.2;710.730
17:17:03;80854.1;0;0;1.589;80854.3;710.870
17:17:03;80854.0;0.005;0;0;80854.2;709.281
17:17:02;80854.1;0;0;0.402;80854.3;709.286
17:17:02;80854.0;0.229;0;0;80854.2;708.884
17:17:01;80854.1;0;0;0.117;80854.3;709.113
17:17:01;80854.0;0.200;0;0;80854.2;708.996
17:17:01;80854.1;0;0;1.069;80854.3;709.196
17:17:00;80854.0;0.309;0;0;80854.2;708.127
17:17:00;80854.1;0;0;0.295;80854.3;708.436
17:17:00;80854.0;0.119;0;0;80854.2;708.141
17:17:00;80854.1;0;0;0.214;80854.3;708.260
17:17:00;80854.0;0.022;0;0;80854.2;708.046
17:17:00;80853.9;0;0;0.479;80854.1;708.068
17:17:00;80853.8;0.002;0;0;80854.0;707.589
17:16:59;80853.9;0;0;0.107;80854.1;707.591
17:16:59;80853.8;0.013;0;0;80854.0;707.484
17:16:58;80853.9;0;0;0.427;80854.1;707.497
17:16:58;80853.8;0.020;0;0;80854.0;707.070
17:16:58;80853.9;0;0;0.740;80854.1;707.090
17:16:58;80853.8;0.001;0;0;80854.0;706.350
17:16:57;80853.9;0;0;0.510;80854.1;706.351
17:16:57;80853.8;0.163;0;0;80854.0;705.841
17:16:57;80853.9;0;0;5.266;80854.1;706.004
17:16:57;80853.8;0.001;0;0;80854.0;700.738
17:16:57;80853.9;0;0;0.399;80854.1;700.739
17:16:56;80853.8;0.031;0;0;80854.0;700.340
17:16:56;80853.9;0;0;1.410;80854.1;700.371
17:16:55;80849.9;0;0;4.450;80850.1;698.961
17:16:55;80849.8;0.003;0;0;80850.0;694.511
17:16:55;80849.9;0;0;0.106;80850.1;694.514
17:16:55;80849.8;0.014;0;1.762;80850.0;694.408
17:16:54;80849.7;0.008;0;0;80849.9;692.660
17:16:54;80849.8;0;0;0.181;80850.0;692.668
17:16:53;80849.7;0.003;0;0;80849.9;692.487
17:16:53;80849.8;0;0;0.001;80850.0;692.490
17:16:53;80849.7;0.066;0;0;80849.9;692.489
17:16:53;80849.8;0;0;0.375;80850.0;692.555
17:16:53;80849.7;0.300;0;0;80849.9;692.180
17:16:52;80849.8;0;0;0.075;80850.0;692.480
17:16:52;80849.7;0.002;0;0;80849.9;692.405
17:16:52;80849.8;0;0;0.027;80850.0;692.407
17:16:52;80849.7;0.029;0;0;80849.9;692.380
17:16:52;80849.8;0;0;0.229;80850.0;692.409
17:16:52;80849.7;0.074;0;0;80849.9;692.180
17:16:51;80849.8;0;0;0.002;80850.0;692.254
17:16:51;80849.7;0.002;0;0;80849.9;692.252
17:16:51;80844.0;0;0;0.927;80844.2;692.254
17:16:51;80843.9;0.006;0;0;80844.1;691.327
17:16:51;80844.0;0;0;0.008;80844.2;691.333
17:16:51;80843.9;0.676;0;0;80844.1;691.325
17:16:50;80837.4;0;0;0.355;80837.6;692.001
17:16:50;80837.3;0.119;0;0;80837.5;691.646
17:16:50;80834.0;0;0;0.736;80834.2;691.765
17:16:50;80833.9;0.001;0;0;80834.1;691.029
17:16:50;80834.0;0;0;0.001;80834.2;691.030
17:16:50;80833.9;0.002;0;0;80834.1;691.029
17:16:49;80834.0;0;0;0.036;80834.2;691.031
17:16:49;80833.9;0.002;0;0;80834.1;690.995
17:16:49;80834.0;0;0;0.195;80834.2;690.997
17:16:48;80833.9;0.100;0;0;80834.1;690.802
17:16:48;80831.9;0;0;0.217;80832.1;690.902
17:16:48;80831.8;0.190;0;0;80832.0;690.685
17:16:47;80830.3;0;0;0.342;80830.5;690.875
17:16:47;80830.2;0.013;0;0;80830.4;690.533
17:16:46;80823.3;0;0;0.590;80823.5;690.546
17:16:46;80823.2;0.019;0;0.254;80823.4;689.956
17:16:46;80823.1;0.001;0;0;80823.3;689.721
17:16:46;80823.2;0;0;0.001;80823.4;689.722
17:16:45;80823.1;0.001;0;0;80823.3;689.721
17:16:45;80823.2;0;0;0.016;80823.4;689.722
17:16:45;80823.1;0.043;0;0;80823.3;689.706
17:16:45;80823.2;0;0;0.001;80823.4;689.749
17:16:44;80823.1;0.121;0;0;80823.3;689.748
17:16:44;80823.2;0;0;0.027;80823.4;689.869
17:16:44;80823.1;0.029;0;0;80823.3;689.842
17:16:44;80823.2;0;0;0.114;80823.4;689.871
17:16:44;80823.1;0.409;0;0;80823.3;689.757
17:16:44;80823.2;0;0;2.249;80823.4;690.166
17:16:44;80823.1;0.200;0;0;80823.3;687.917
17:16:43;80823.2;0;0;0.666;80823.4;688.117
17:16:43;80823.1;0.001;0;0;80823.3;687.451
17:16:42;80823.2;0;0;0.697;80823.4;687.452
17:16:42;80823.1;0.600;0;0;80823.3;686.755
17:16:42;80823.2;0;0;0.518;80823.4;687.355
17:16:41;80823.1;0.001;0;0;80823.3;686.837
17:16:40;80823.2;0;0;0.157;80823.4;686.838
17:16:40;80823.1;0.037;0;0;80823.3;686.681
17:16:40;80823.2;0;0;0.050;80823.4;686.718
17:16:40;80823.1;0.060;0;0;80823.3;686.668
17:16:40;80823.2;0;0;0.006;80823.4;686.728
17:16:39;80823.1;0.110;0;0;80823.3;686.722
17:16:38;80823.2;0;0;0.205;80823.4;686.832
17:16:38;80823.1;0.020;0;0;80823.3;686.627
17:16:38;80823.2;0;0;0.062;80823.4;686.647
17:16:38;80823.1;0.002;0;0;80823.3;686.585
17:16:38;80823.2;0;0;0.827;80823.4;686.587
17:16:36;80807.8;0;0;1.690;80808.0;685.760
17:16:36;80807.7;0.137;0;0;80807.9;684.070
17:16:34;80807.3;0;0;2.730;80807.5;684.207
17:16:34;80807.2;0.012;0;0;80807.4;681.477
17:16:34;80807.3;0;0;0.237;80807.5;681.489
17:16:34;80807.2;0.037;0;0;80807.4;681.252
17:16:33;80807.3;0;0;0.035;80807.5;681.289
17:16:33;80807.2;0.002;0;0;80807.4;681.254
17:16:33;80807.3;0;0;0.026;80807.5;681.256
17:16:33;80807.2;0.002;0;0;80807.4;681.230
17:16:32;80807.3;0;0;0.105;80807.5;681.232
17:16:32;80807.2;0.008;0;0;80807.4;681.127
17:16:32;80807.3;0;0;0.005;80807.5;681.135
17:16:31;80807.2;0.011;0;0;80807.4;681.130
17:16:31;80807.3;0;0;0.100;80807.5;681.141
17:16:31;80807.2;0.019;0;0;80807.4;681.041
17:16:31;80807.3;0;0;0.120;80807.5;681.060
17:16:31;80807.2;0.006;0;0;80807.4;680.940
17:16:31;80803.1;0;0;0.822;80803.3;680.946
17:16:30;80803.0;1.328;0;0;80803.2;680.124
17:16:30;80803.1;0;0;0.055;80803.3;681.452
17:16:30;80803.0;0.010;0;0;80803.2;681.397
17:16:30;80801.7;0;0;2.024;80801.9;681.407
17:16:30;80801.6;0.007;0;0;80801.8;679.383
17:16:30;80801.7;0;0;0.019;80801.9;679.390
17:16:29;80801.6;0.022;0;0;80801.8;679.371
17:16:29;80800.7;0;0;0.741;80800.9;679.393
17:16:29;80800.6;0.006;0;0;80800.8;678.652
17:16:28;80799.9;0;0;3.380;80800.1;678.658
17:16:28;80799.8;0.012;0;0;80800.0;675.278
17:16:28;80799.9;0;0;0.004;80800.1;675.290
17:16:27;80799.8;0.002;0;0;80800.0;675.286
17:16:27;80799.9;0;0;0.808;80800.1;675.288
17:16:26;80799.8;0.030;0;0;80800.0;674.480
17:16:26;80796.8;0;0;1.356;80797.0;674.510
17:16:26;80796.7;0.057;0;0;80796.9;673.154
17:16:25;80796.8;0;0;1.337;80797.0;673.211
17:16:25;80799.4;0.752;0;0;80799.6;671.874
17:16:24;80799.5;0;0;0.280;80799.7;672.626
17:16:23;80799.4;0.004;0;0;80799.6;672.346
17:16:23;80799.5;0.043;0;0.002;80799.7;672.350
17:16:23;80799.6;0;0;0.770;80799.8;672.391
17:16:23;80799.7;0.912;0;0;80799.9;671.621
17:16:23;80799.8;7.400;0;0.003;80800.0;672.533
17:16:23;80799.9;0;0;0.018;80800.1;679.930
17:16:23;80799.8;0.001;0;0;80800.0;679.912
17:16:21;80799.9;0;0;0.765;80800.1;679.913
17:16:21;80799.8;0.004;0;0;80800.0;679.148
17:16:21;80799.9;0;0;0.013;80800.1;679.152
17:16:20;80799.8;0.008;0;0;80800.0;679.139
17:16:18;80799.9;0;0;0.431;80800.1;679.147
17:16:18;80799.8;0.012;0;0;80800.0;678.716
17:16:15;80799.9;0;0;1.493;80800.1;678.728
17:16:15;80799.8;0.002;0;0;80800.0;677.235
17:16:14;80799.9;0;0;0.335;80800.1;677.237
17:16:14;80799.8;0.027;0;0;80800.0;676.902
17:16:12;80799.9;0;0;0.097;80800.1;676.929
17:16:12;80799.8;0.001;0;0;80800.0;676.832
17:16:12;80799.9;0;0;0.001;80800.1;676.833
17:16:12;80799.8;0.051;0;0;80800.0;676.832
17:16:12;80799.9;0;0;0.027;80800.1;676.883
17:16:12;80799.8;0.009;0;0;80800.0;676.856
17:16:12;80799.9;0;0;0.001;80800.1;676.865
17:16:12;80799.8;0.002;0;0;80800.0;676.864
17:16:12;80799.6;0;0;0.289;80799.8;676.866
17:16:11;80799.5;0.005;0;0;80799.7;676.577
17:16:11;80797.9;0;0;6.732;80798.1;676.582
17:16:10;80797.8;0.022;0;0;80798.0;669.850
17:16:09;80797.9;0;0;1.865;80798.1;669.872
17:16:09;80797.8;0.056;0;0;80798.0;668.007
17:16:09;80797.9;0;0;1.264;80798.1;668.063
17:16:09;80797.8;0.025;0;0;80798.0;666.799
17:16:09;80797.9;0;0;0.156;80798.1;666.824
17:16:08;80797.8;0.368;0;0;80798.0;666.668
17:16:07;80794.9;0;0;0.472;80795.1;667.036
17:16:07;80794.8;0.006;0;0;80795.0;666.564
17:16:06;80794.9;0;0;0.009;80795.1;666.570
17:16:05;80794.8;0.003;0;0;80795.0;666.561
17:16:05;80788.7;0;0;0.653;80788.9;666.564
17:16:04;80788.6;0.004;0;0;80788.8;665.911
17:16:04;80784.4;0;0;0.513;80784.6;665.915
17:16:03;80784.3;0.012;0;0;80784.5;665.402
17:16:03;80784.4;0;0;0.190;80784.6;665.414
17:16:03;80784.3;0.006;0;0;80784.5;665.224
17:16:03;80784.4;0;0;0.322;80784.6;665.230
17:16:03;80784.3;0.001;0;0;80784.5;664.908
17:16:02;80781.8;0;0;0.168;80782.0;664.909
17:16:02;80781.7;0.206;0;0;80781.9;664.741
17:16:02;80777.4;0;0;4.661;80777.6;664.947
17:16:01;80777.3;0.004;0;0;80777.5;660.286
17:16:01;80777.4;0;0;0.023;80777.6;660.290
17:16:01;80777.3;0.503;0;0;80777.5;660.267
17:16:00;80777.4;0;0;0.461;80777.6;660.770
17:16:00;80777.3;0.018;0;0;80777.5;660.309
17:15:58;80777.4;0;0;0.279;80777.6;660.327
17:15:58;80777.3;0.001;0;0;80777.5;660.048
17:15:57;80777.4;0;0;0.119;80777.6;660.049
17:15:57;80777.3;0.134;0;0;80777.5;659.930
17:15:56;80777.4;0;0;0.003;80777.6;660.064
17:15:56;80777.3;0.001;0;0;80777.5;660.061
17:15:56;80777.4;0;0;0.276;80777.6;660.062
17:15:56;80777.3;0.011;0;0;80777.5;659.786
17:15:56;80777.4;0;0;0.129;80777.6;659.797
17:15:56;80777.3;0.002;0;0;80777.5;659.668
17:15:56;80771.3;0;0;0.665;80771.5;659.670
17:15:56;80771.2;0.013;0;0;80771.4;659.005
17:15:55;80771.3;0;0;0.136;80771.5;659.018
17:15:55;80771.2;0.003;0;0;80771.4;658.882
17:15:54;80771.3;0;0;0.002;80771.5;658.885
17:15:54;80771.2;0.024;0;0;80771.4;658.883
17:15:54;80771.3;0;0;0.124;80771.5;658.907
17:15:53;80767.9;0;0;4.237;80768.1;658.783
17:15:53;80767.8;0.100;0;0;80768.0;654.546
17:15:52;80767.9;0;0;0.002;80768.1;654.646
17:15:52;80767.8;0.006;0;0;80768.0;654.644
17:15:51;80767.9;0;0;0.721;80768.1;654.650
17:15:51;80767.8;0.025;0;0;80768.0;653.929
17:15:49;80767.9;0;0;0.232;80768.1;653.954
17:15:49;80767.8;0.040;0;0;80768.0;653.722
17:15:45;80767.9;0;0;1.962;80768.1;653.762
17:15:44;80767.8;0.005;0;0;80768.0;651.800
17:15:43;80767.9;0;0;0.144;80768.1;651.805
17:15:43;80767.8;0.167;0;0;80768.0;651.661
17:15:43;80767.9;0;0;0.089;80768.1;651.828
17:15:43;80767.8;0.200;0;0;80768.0;651.739
17:15:42;80767.9;0;0;0.344;80768.1;651.939
17:15:42;80767.8;0.013;0;0;80768.0;651.595
17:15:41;80767.9;0;0;0.025;80768.1;651.608
17:15:41;80767.8;0.047;0;0;80768.0;651.583
17:15:40;80767.9;0;0;0.054;80768.1;651.630
17:15:40;80767.8;0.002;0;0;80768.0;651.576
17:15:40;80767.9;0;0;0.093;80768.1;651.578
17:15:40;80767.8;0.068;0;0;80768.0;651.485
17:15:40;80767.9;0;0;0.006;80768.1;651.553
17:15:40;80767.8;0.002;0;0;80768.0;651.547
17:15:39;80767.9;0;0;0.138;80768.1;651.549
17:15:39;80767.8;0.100;0;0;80768.0;651.411
17:15:38;80767.9;0;0;0.085;80768.1;651.511
17:15:38;80767.8;0.009;0;0;80768.0;651.426
17:15:37;80767.9;0;0;0.026;80768.1;651.435
17:15:36;80767.8;0.155;0;0;80768.0;651.409
17:15:35;80767.9;0;0;0.167;80768.1;651.564
17:15:35;80767.8;0.012;0;0;80768.0;651.397
17:15:35;80767.9;0;0;0.044;80768.1;651.409
17:15:34;80767.8;0.058;0;0;80768.0;651.365
17:15:32;80761.9;0;0;2.059;80762.1;651.423
17:15:31;80761.8;0.057;0;0;80762.0;649.364
17:15:31;80761.9;0;0;0.169;80762.1;649.421
17:15:30;80761.8;0.017;0;0;80762.0;649.252
17:15:29;80761.9;0;0;0.122;80762.1;649.269
17:15:29;80761.8;0.124;0;0;80762.0;649.147
17:15:28;80756.0;0;0;1.083;80756.2;649.271
17:15:28;80755.9;0.013;0;0;80756.1;648.188
17:15:26;80756.0;0;0;0.124;80756.2;648.201
17:15:26;80755.9;0.097;0;0;80756.1;648.077
17:15:24;80756.0;0;0;0.077;80756.2;648.174
17:15:23;80755.9;0.030;0;0;80756.1;648.097
17:15:22;80756.0;0;0;0.021;80756.2;648.127
17:15:22;80755.9;0.002;0;0;80756.1;648.106
17:15:22;80756.0;0;0;0.047;80756.2;648.108
17:15:21;80755.9;0.002;0;0;80756.1;648.061
17:15:21;80756.0;0;0;0.020;80756.2;648.063
17:15:21;80755.9;0.001;0;0;80756.1;648.043
17:15:21;80756.0;0;0;0.037;80756.2;648.044
17:15:21;80755.9;0.004;0;0;80756.1;648.007
17:15:21;80756.0;0;0;0.074;80756.2;648.011
17:15:21;80755.9;0.005;0;0;80756.1;647.937
17:15:20;80754.8;0;0;0.122;80755.0;647.942
17:15:19;80751.5;0;0;0.901;80751.7;647.820
17:15:18;80751.4;0.002;0;0;80751.6;646.919
17:15:18;80751.5;0;0;1.304;80751.7;646.921
17:15:18;80751.4;0.020;0;0;80751.6;645.617
17:15:18;80750.7;0;0;0.041;80750.9;645.637
17:15:18;80750.6;0.425;0;0;80750.8;645.596
17:15:17;80742.2;0;0;0.488;80742.4;646.021
17:15:17;80742.1;0.001;0;0;80742.3;645.533
17:15:17;80742.2;0;0;0.008;80742.4;645.534
17:15:16;80742.1;0.014;0;0;80742.3;645.526
17:15:16;80738.0;0;0;1.453;80738.2;645.540
17:15:16;80737.9;0.003;0;0;80738.1;644.087
17:15:15;80738.0;0;0;0.033;80738.2;644.090
17:15:15;80737.9;0.148;0;0;80738.1;644.057
17:15:15;80738.0;0;0;0.007;80738.2;644.205
17:15:15;80737.9;0.003;0;0;80738.1;644.198
17:15:13;80738.0;0;0;1.322;80738.2;644.201
17:15:13;80737.9;0.002;0;0;80738.1;642.879
17:15:13;80738.0;0;0;0.004;80738.2;642.881
17:15:13;80735.8;0.300;0;0;80736.0;642.877
17:15:13;80730.9;0;0;0.495;80731.1;643.177
17:15:12;80730.8;0.078;0;0;80731.0;642.682
17:15:11;80730.9;0;0;0.011;80731.1;642.760
17:15:10;80735.8;2.741;0;0;80736.0;642.749
17:15:10;80735.9;0;0;0.042;80736.1;645.490
17:15:09;80735.8;0.558;0;0;80736.0;645.448
17:15:09;80728.8;0;0;2.885;80729.0;646.006
17:15:09;80728.7;0.001;0;0;80728.9;643.121
17:15:08;80728.8;0;0;0.031;80729.0;643.122
17:15:08;80728.7;0.647;0;0;80728.9;643.091
17:15:08;80728.8;0;0;0.202;80729.0;643.738
17:15:07;80728.7;0.203;0;0;80728.9;643.536
17:15:06;80728.8;0;0;0.062;80729.0;643.739
17:15:05;80728.7;0.065;0;0;80728.9;643.677
17:15:05;80728.8;0;0;0.010;80729.0;643.742
17:15:05;80728.7;0.022;0;0;80728.9;643.732
17:15:05;80728.8;0;0;0.070;80729.0;643.754
17:15:04;80734.0;0.134;0;0;80734.2;643.684
17:15:04;80734.1;0;0;0.572;80734.3;643.818
17:15:04;80734.0;0.843;0;0;80734.2;643.246
17:15:04;80734.1;0;0;0.019;80734.3;644.089
17:15:04;80738.1;1.235;0;0;80738.3;644.070
17:15:04;80738.2;0;0;0.030;80738.4;645.305
17:15:04;80738.1;0.294;0;0;80738.3;645.275
17:15:03;80738.2;0;0;0.006;80738.4;645.569
17:15:03;80742.1;0.299;0;0;80742.3;645.563
17:15:03;80742.2;0;0;0.001;80742.4;645.862
17:15:03;80742.1;0.054;0;0;80742.3;645.861
17:15:03;80742.2;0;0;0.014;80742.4;645.915
17:15:03;80742.1;0.315;0;0;80742.3;645.901
17:15:02;80742.2;0;0;0.001;80742.4;646.216
17:15:02;80742.1;0.004;0;0;80742.3;646.215
17:15:02;80733.3;0;0;6.224;80733.5;646.219
17:15:02;80733.2;0.063;0;0;80733.4;639.995
17:15:02;80728.5;0;0;1.318;80728.7;640.058
17:15:01;80728.4;0.039;0;0;80728.6;638.740
17:15:01;80728.5;0;0;0.020;80728.7;638.779
17:15:01;80728.4;0.037;0;0;80728.6;638.759
17:15:01;80728.5;0;0;0.002;80728.7;638.796
17:15:01;80728.4;0.014;0;0;80728.6;638.794
17:15:01;80725.5;0;0;0.074;80725.7;638.808
17:15:01;80725.4;0.001;0;0;80725.6;638.734
17:15:01;80721.2;0;0;0.196;80721.4;638.735
17:15:01;80721.1;0.001;0;0;80721.3;638.539
17:15:01;80720.2;0;0;4.048;80720.4;638.540
17:15:00;80720.1;0.036;0;0;80720.3;634.492
17:15:00;80720.2;0;0;0.017;80720.4;634.528
17:15:00;80720.1;2.479;0;0;80720.3;634.511
17:14:59;80720.2;0;0;0.062;80720.4;636.990
17:14:59;80720.1;0.011;0;0;80720.3;636.928
17:14:58;80720.2;0;0;0.023;80720.4;636.939
17:14:58;80720.1;0.003;0;0;80720.3;636.916
17:14:58;80720.2;0;0;0.112;80720.4;636.919
17:14:57;80720.1;0.006;0;0;80720.3;636.807
17:14:57;80720.2;0;0;0.003;80720.4;636.813
17:14:57;80720.1;0.300;0;0;80720.3;636.810
17:14:57;80720.2;0;0;0.001;80720.4;637.110
17:14:56;80720.1;0.034;0;0;80720.3;637.109
17:14:56;80720.2;0;0;0.002;80720.4;637.143
17:14:54;80720.1;0.346;0;0;80720.3;637.141
17:14:54;80720.2;0;0;0.261;80720.4;637.487
17:14:54;80720.1;0.191;0;0;80720.3;637.226
17:14:53;80720.2;0;0;0.013;80720.4;637.417
17:14:53;80720.1;0.132;0;0;80720.3;637.404
17:14:53;80720.2;0;0;0.016;80720.4;637.536
17:14:51;80720.1;0.063;0;0;80720.3;637.520
17:14:51;80720.2;0;0;0.008;80720.4;637.583
17:14:50;80720.1;0.458;0;0;80720.3;637.575
17:14:50;80720.2;0;0;0.001;80720.4;638.033
17:14:50;80720.1;0.619;0;0;80720.3;638.032
17:14:50;80720.2;0;0;0.001;80720.4;638.651
17:14:49;80720.1;0.031;0;0;80720.3;638.650
17:14:49;80720.2;0;0;0.225;80720.4;638.681
17:14:49;80720.1;0.034;0;0;80720.3;638.456
17:14:49;80720.2;0;0;0.063;80720.4;638.490
17:14:49;80720.1;0.003;0;0;80720.3;638.427
17:14:49;80720.2;0;0;0.229;80720.4;638.430
17:14:48;80720.1;0.002;0;0;80720.3;638.201
17:14:48;80720.2;0;0;0.026;80720.4;638.203
17:14:48;80720.1;0.243;0;0;80720.3;638.177
17:14:48;80720.2;0;0;0.001;80720.4;638.420
17:14:48;80720.1;0.218;0;0;80720.3;638.419
17:14:48;80720.2;0;0;0.001;80720.4;638.637
17:14:47;80720.1;0.001;0;0;80720.3;638.636
17:14:46;80720.2;0;0;0.001;80720.4;638.637
17:14:46;80720.1;0.189;0;0;80720.3;638.636
17:14:46;80720.2;0;0;0.004;80720.4;638.825
17:14:46;80720.1;0.452;0;0;80720.3;638.821
17:14:45;80720.2;0;0;0.001;80720.4;639.273
17:14:45;80720.1;0.040;0;0;80720.3;639.272
17:14:45;80720.2;0;0;0.001;80720.4;639.312
17:14:45;80720.1;0.044;0;0;80720.3;639.311
17:14:45;80720.2;0;0;0.007;80720.4;639.355
17:14:44;80720.1;0.023;0;0;80720.3;639.348
17:14:44;80720.2;0;0;0.001;80720.4;639.371
17:14:43;80720.1;0.011;0;0;80720.3;639.370
17:14:43;80720.2;0;0;0.001;80720.4;639.381
17:14:42;80720.1;0.042;0;0;80720.3;639.380
17:14:42;80720.2;0;0;0.001;80720.4;639.422
17:14:42;80720.1;0.115;0;0;80720.3;639.421
17:14:40;80720.2;0;0;0.052;80720.4;639.536
17:14:40;80720.1;0.087;0;0;80720.3;639.484
17:14:40;80720.2;0;0;0.056;80720.4;639.571
17:14:39;80720.1;0.105;0;0;80720.3;639.515
17:14:38;80720.2;0;0;0.411;80720.4;639.620
17:14:37;80720.1;0.231;0;0;80720.3;639.209
17:14:37;80720.2;0;0;0.007;80720.4;639.440
17:14:36;80720.1;3.020;0;0;80720.3;639.433
17:14:36;80720.2;0;0;0.028;80720.4;642.453
17:14:36;80720.1;0.013;0;0;80720.3;642.425
17:14:36;80720.2;0;0;0.015;80720.4;642.438
17:14:36;80720.1;0.618;0;0;80720.3;642.423
17:14:36;80720.2;0;0;0.002;80720.4;643.041
17:14:36;80721.5;0;0;0.003;80721.7;643.039
17:14:35;80724.7;4.184;0;0;80724.9;643.036
17:14:35;80724.8;0;0;0.005;80725.0;647.220
17:14:33;80724.7;0.573;0;0;80724.9;647.215
17:14:31;80724.8;0;0;0.005;80725.0;647.788
17:14:31;80728.9;0.107;0;0;80729.1;647.783
17:14:31;80729.0;0;0;0.003;80729.2;647.890
17:14:31;80729.7;0.202;0;0;80729.9;647.887
17:14:31;80729.8;0;0;0.002;80730.0;648.089
17:14:31;80729.7;0.092;0;0;80729.9;648.087
17:14:30;80729.8;0;0;0.087;80730.0;648.179
17:14:29;80729.7;0.004;0;0;80729.9;648.092
17:14:28;80729.8;0.729;0;0.188;80730.0;648.096
17:14:28;80729.9;0;0;0.122;80730.1;648.637
17:14:27;80729.8;0.001;0;0;80730.0;648.515
17:14:27;80729.9;0;0;0.021;80730.1;648.516
17:14:26;80729.8;0.497;0;0;80730.0;648.495
17:14:25;80729.9;0;0;0.005;80730.1;648.992
17:14:25;80729.8;0.443;0;0;80730.0;648.987
17:14:24;80729.9;0;0;0.026;80730.1;649.430
17:14:23;80729.8;0.369;0;0;80730.0;649.404
17:14:23;80729.9;0;0;0.014;80730.1;649.773
17:14:22;80729.8;0.056;0;0;80730.0;649.759
17:14:22;80729.9;0;0;0.005;80730.1;649.815
17:14:19;80729.8;0.318;0;0;80730.0;649.810
17:14:18;80729.9;0;0;0.146;80730.1;650.128
17:14:18;80729.8;0.018;0;0;80730.0;649.982
17:14:18;80729.9;0;0;0.001;80730.1;650.000
17:14:17;80729.8;0.964;0;0;80730.0;649.999
17:14:17;80729.9;0;0;0.074;80730.1;650.963
17:14:17;80729.8;0.002;0;0;80730.0;650.889
17:14:16;80729.9;0;0;0.001;80730.1;650.891
17:14:16;80729.8;0.001;0;0;80730.0;650.890
17:14:16;80729.9;0;0;0.095;80730.1;650.891
17:14:15;80729.8;0.117;0;0;80730.0;650.796
17:14:15;80729.9;0;0;0.009;80730.1;650.913
17:14:14;80729.8;0.063;0;0;80730.0;650.904
17:14:14;80729.9;0;0;0.054;80730.1;650.967
17:14:14;80729.8;0.312;0;0;80730.0;650.913
17:14:14;80729.9;0;0;0.018;80730.1;651.225
17:14:13;80729.8;0.088;0;0;80730.0;651.207
17:14:13;80729.9;0;0;0.003;80730.1;651.295
17:14:12;80729.8;0.044;0;0;80730.0;651.292
17:14:11;80729.9;0.626;0;0.007;80730.1;651.336
17:14:11;80730.0;0;0;0.100;80730.2;651.955
17:14:11;80729.9;0.028;0;0;80730.1;651.855
17:14:11;80730.0;0;0;0.020;80730.2;651.883
17:14:10;80729.9;1.035;0;0;80730.1;651.863
17:14:10;80730.0;0;0;0.035;80730.2;652.898
17:14:10;80733.3;1.863;0;0;80733.5;652.863
17:14:10;80733.4;0;0;0.001;80733.6;654.726
17:14:06;80733.3;5.309;0;0;80733.5;654.725
17:14:06;80733.4;0;0;0.006;80733.6;660.034
17:14:05;80735.6;0.263;0;0;80735.8;660.028
17:14:05;80735.7;0;0;0.096;80735.9;660.291
17:14:04;80736.9;0.116;0;0;80737.1;660.195
17:14:04;80737.0;0;0;0.012;80737.2;660.311
17:14:04;80736.9;1.000;0;0;80737.1;660.299
17:14:04;80737.0;0;0;0.138;80737.2;661.299
17:14:02;80740.7;0.339;0;0;80740.9;661.161
17:14:01;80748.8;1.553;0;0;80749.0;661.500
17:14:01;80748.9;0;0;0.050;80749.1;663.053
17:14:01;80751.9;1.104;0;0;80752.1;663.003
17:14:01;80752.0;0;0;0.001;80752.2;664.107
17:14:01;80755.3;0.362;0;0;80755.5;664.106
17:14:00;80755.4;0;0;0.010;80755.6;664.468
17:14:00;80755.3;0.002;0;0;80755.5;664.458
17:14:00;80755.4;0;0;0.019;80755.6;664.460
17:13:59;80755.3;0.930;0;0;80755.5;664.441
17:13:59;80755.4;0;0;0.002;80755.6;665.371
17:13:57;80755.3;0.087;0;0;80755.5;665.369
17:13:57;80755.4;0;0;0.001;80755.6;665.456
17:13:57;80759.9;9.967;0;0;80760.1;665.455
17:13:56;80760.0;0;0;0.001;80760.2;675.422
17:13:56;80759.9;0.010;0;0;80760.1;675.421
17:13:56;80760.0;0;0;0.032;80760.2;675.431
17:13:56;80759.9;0.001;0;0;80760.1;675.399
17:13:56;80760.0;0;0;0.034;80760.2;675.400
17:13:55;80759.9;0.007;0;0;80760.1;675.366
17:13:55;80760.0;0;0;0.001;80760.2;675.373
17:13:55;80759.9;0.003;0;0;80760.1;675.372
17:13:55;80760.0;0;0;0.045;80760.2;675.375
17:13:54;80759.9;0.074;0;0;80760.1;675.330
17:13:54;80760.0;0;0;0.009;80760.2;675.404
17:13:54;80762.4;0.306;0;0;80762.6;675.395
17:13:53;80762.5;0;0;0.291;80762.7;675.701
17:13:53;80762.4;0.050;0;0;80762.6;675.410
17:13:53;80762.5;0;0;0.100;80762.7;675.460
17:13:52;80762.4;0.023;0;0;80762.6;675.360
17:13:51;80762.5;0;0;0.033;80762.7;675.383
17:13:50;80763.9;0.252;0;0;80764.1;675.350
17:13:50;80764.0;0;0;0.002;80764.2;675.602
17:13:50;80765.3;0.554;0;0;80765.5;675.600
17:13:50;80765.4;0;0;0.004;80765.6;676.154
17:13:49;80765.3;0.001;0;0;80765.5;676.150
17:13:49;80765.4;0;0;0.002;80765.6;676.151
17:13:48;80765.3;0.002;0;0;80765.5;676.149
17:13:48;80765.4;0;0;0.001;80765.6;676.151
17:13:48;80765.3;0.069;0;0;80765.5;676.150
17:13:45;80765.4;0;0;1.318;80765.6;676.219
17:13:45;80765.3;0.018;0;0;80765.5;674.901
17:13:45;80765.4;0;0;0.001;80765.6;674.919
17:13:45;80765.3;4.333;0;0;80765.5;674.918
17:13:45;80765.4;0;0;0.013;80765.6;679.251
17:13:45;80765.3;0.247;0;0;80765.5;679.238
17:13:44;80765.4;0;0;0.002;80765.6;679.485
17:13:43;80765.3;0.006;0;0;80765.5;679.483
17:13:43;80765.4;0;0;0.343;80765.6;679.489
17:13:43;80765.3;0.002;0;0;80765.5;679.146
17:13:43;80765.4;0;0;1.000;80765.6;679.148
17:13:42;80765.3;0.004;0;0;80765.5;678.148
17:13:42;80765.4;0;0;0.070;80765.6;678.152
17:13:42;80765.3;0.051;0;0;80765.5;678.082
17:13:41;80765.4;0;0;0.074;80765.6;678.133
17:13:41;80765.3;0.007;0;0;80765.5;678.059
17:13:40;80765.4;0;0;0.216;80765.6;678.066
17:13:39;80768.1;0.599;0;0;80768.3;677.850
17:13:38;80768.2;0;0;0.105;80768.4;678.449
17:13:38;80768.1;0.002;0;0;80768.3;678.344
17:13:38;80768.2;0;0;0.002;80768.4;678.346
17:13:38;80768.1;0.003;0;0;80768.3;678.344
17:13:37;80768.2;0;0;0.184;80768.4;678.347
17:13:37;80768.1;0.004;0;0;80768.3;678.163
17:13:37;80768.2;0;0;0.002;80768.4;678.167
17:13:37;80768.1;0.023;0;0;80768.3;678.165
17:13:35;80768.2;0;0;0.502;80768.4;678.188
17:13:35;80768.1;0.371;0;0;80768.3;677.686
17:13:35;80768.2;0;0;0.033;80768.4;678.057
17:13:34;80768.1;0.029;0;0;80768.3;678.024
17:13:34;80768.2;0;0;0.001;80768.4;678.053
17:13:34;80768.1;0.013;0;0;80768.3;678.052
17:13:34;80768.2;0;0;0.124;80768.4;678.065
17:13:33;80768.1;0.004;0;0;80768.3;677.941
17:13:33;80768.2;0;0;0.033;80768.4;677.945
17:13:32;80768.1;0.032;0;0;80768.3;677.912
17:13:30;80768.2;0;0;0.263;80768.4;677.944
17:13:30;80768.1;0.501;0;0;80768.3;677.681
17:13:30;80768.2;0;0;0.059;80768.4;678.182
17:13:29;80768.1;0.073;0;0;80768.3;678.123
17:13:29;80768.2;0;0;0.506;80768.4;678.196
17:13:29;80768.1;0.681;0;0;80768.3;677.690
17:13:29;80768.2;0;0;0.041;80768.4;678.371
17:13:29;80768.1;0.051;0;0;80768.3;678.330
17:13:28;80768.2;0;0;0.009;80768.4;678.381
17:13:28;80768.1;0.001;0;0;80768.3;678.372
17:13:28;80768.2;0;0;0.001;80768.4;678.373
17:13:27;80768.1;0.122;0;0;80768.3;678.372
17:13:26;80768.2;0;0;0.004;80768.4;678.494
17:13:25;80768.1;0.054;0;0;80768.3;678.490
17:13:25;80768.2;0;0;0.371;80768.4;678.544
17:13:24;80757.3;0;0;7.256;80757.5;678.173
17:13:24;80757.2;0.137;0;0;80757.4;670.917
17:13:24;80757.3;0;0;0.024;80757.5;671.054
17:13:23;80757.2;0.081;0;0;80757.4;671.030
17:13:22;80746.6;0;0;5.802;80746.8;671.111
17:13:20;80746.5;0.250;0;0;80746.7;665.309
17:13:20;80746.6;0;0;0.005;80746.8;665.559
17:13:19;80746.5;0.035;0;0;80746.7;665.554
17:13:19;80746.6;0;0;0.022;80746.8;665.589
17:13:19;80746.5;0.576;0;0;80746.7;665.567
17:13:18;80746.6;0;0;0.012;80746.8;666.143
17:13:16;80746.5;3.243;0;0;80746.7;666.131
17:13:16;80743.9;0;0;0.016;80744.1;669.374
17:13:16;80743.8;0.001;0;0;80744.0;669.358
17:13:16;80742.8;0;0;0.009;80743.0;669.359
17:13:16;80742.7;0.001;0;0;80742.9;669.350
17:13:16;80739.1;0;0;0.022;80739.3;669.351
17:13:16;80739.0;0.001;0;0;80739.2;669.329
17:13:16;80738.3;0;0;0.037;80738.5;669.330
17:13:16;80738.2;0.001;0;0;80738.4;669.293
17:13:16;80737.7;0;0;0.032;80737.9;669.294
17:13:16;80737.6;0.001;0;0.003;80737.8;669.262
17:13:16;80737.5;0.001;0;0;80737.7;669.260
17:13:16;80736.5;0;0;13.244;80736.7;669.261
17:13:15;80736.4;0.010;0;0;80736.6;656.017
17:13:15;80736.5;0;0;0.024;80736.7;656.027
17:13:14;80738.3;8.217;0;0;80738.5;656.003
17:13:14;80738.4;0;0;0.055;80738.6;664.220
17:13:14;80738.3;0.124;0;0;80738.5;664.165
17:13:14;80738.4;0;0;0.895;80738.6;664.289
17:13:14;80738.3;0.211;0;0;80738.5;663.394
17:13:14;80738.4;0;0;0.002;80738.6;663.605
17:13:14;80738.3;0.010;0;0;80738.5;663.603
17:13:14;80738.4;0;0;0.002;80738.6;663.613
17:13:14;80747.0;8.568;0;0;80747.2;663.611
17:13:12;80747.1;0;0;0.016;80747.3;672.179
17:13:11;80747.0;1.245;0;0;80747.2;672.163
17:13:11;80747.1;0;0;0.030;80747.3;673.408
17:13:09;80747.0;0.736;0;0;80747.2;673.378
17:13:08;80747.1;0;0;0.014;80747.3;674.114
17:13:08;80747.0;0.006;0;0;80747.2;674.100
17:13:08;80747.1;0;0;0.138;80747.3;674.106
17:13:07;80747.0;0.008;0;0;80747.2;673.968
17:13:07;80747.1;0;0;0.010;80747.3;673.976
17:13:06;80747.0;0.458;0;0;80747.2;673.966
17:13:06;80747.1;0;0;0.006;80747.3;674.424
17:13:06;80747.0;0.225;0;0;80747.2;674.418
17:13:06;80747.1;0;0;0.003;80747.3;674.643
17:13:06;80747.0;0.025;0;0;80747.2;674.640
17:13:05;80747.1;0;0;0.476;80747.3;674.665
17:13:04;80747.0;0.223;0;0;80747.2;674.189
17:13:04;80747.1;0;0;0.003;80747.3;674.412
17:13:03;80747.0;0.041;0;0;80747.2;674.409
17:13:03;80747.1;0;0;0.001;80747.3;674.450
17:13:03;80747.0;0.164;0;0;80747.2;674.449
17:13:02;80747.1;0;0;0.039;80747.3;674.613
17:13:02;80747.0;0.017;0;0;80747.2;674.574
17:13:01;80747.1;0;0;0.004;80747.3;674.591
17:13:00;80747.0;0.475;0;0;80747.2;674.587
17:12:59;80747.1;0;0;2.093;80747.3;675.062
17:12:58;80747.0;0.001;0;0;80747.2;672.969
17:12:58;80747.1;0;0;0.013;80747.3;672.970
17:12:58;80747.0;0.483;0;0;80747.2;672.957
17:12:58;80747.1;0;0;0.003;80747.3;673.440
17:12:58;80747.0;0.235;0;0;80747.2;673.437
17:12:57;80747.1;0;0;0.020;80747.3;673.672
17:12:55;80747.0;0.762;0;0;80747.2;673.652
17:12:55;80747.1;0;0;0.001;80747.3;674.414
17:12:54;80747.0;0.050;0;0;80747.2;674.413
17:12:54;80747.1;0;0;0.006;80747.3;674.463
17:12:54;80747.0;0.032;0;0;80747.2;674.457
17:12:54;80747.1;0;0;0.003;80747.3;674.489
17:12:52;80747.0;0.095;0;0;80747.2;674.486
17:12:52;80747.1;0;0;0.001;80747.3;674.581
17:12:52;80747.0;0.181;0;0;80747.2;674.580
17:12:51;80747.1;0;0;0.002;80747.3;674.761
17:12:51;80747.0;0.027;0;0;80747.2;674.759
17:12:51;80747.1;0;0;0.010;80747.3;674.786
17:12:51;80747.0;0.028;0;0;80747.2;674.776
17:12:51;80747.1;0;0;0.001;80747.3;674.804
17:12:50;80747.0;0.156;0;0;80747.2;674.803
17:12:50;80747.1;0;0;0.003;80747.3;674.959
17:12:50;80752.8;5.894;0;0;80753.0;674.956
17:12:49;80752.9;0;0;0.647;80753.1;680.850
17:12:49;80752.8;0.015;0;0;80753.0;680.203
17:12:49;80752.9;0;0;0.008;80753.1;680.218
17:12:46;80757.2;0.703;0;0;80757.4;680.210
17:12:45;80757.3;0;0;0.808;80757.5;680.913
17:12:45;80757.2;0.013;0;0;80757.4;680.105
17:12:45;80757.3;0;0;0.012;80757.5;680.118
17:12:45;80757.2;0.001;0;0;80757.4;680.106
17:12:44;80757.3;0;0;0.006;80757.5;680.107
17:12:43;80757.2;1.262;0;0;80757.4;680.101
17:12:43;80757.3;0;0;0.003;80757.5;681.363
17:12:42;80757.2;0.308;0;0;80757.4;681.360
17:12:41;80757.3;0;0;0.060;80757.5;681.668
17:12:41;80757.2;0.007;0;0;80757.4;681.608
17:12:40;80757.3;0;0;0.716;80757.5;681.615
17:12:40;80757.2;0.031;0;0;80757.4;680.899
17:12:40;80757.3;0;0;0.006;80757.5;680.930
17:12:40;80757.2;0.012;0;0;80757.4;680.924
17:12:40;80757.3;0;0;0.037;80757.5;680.936
17:12:38;80757.2;0.190;0;0;80757.4;680.899
17:12:38;80757.3;0;0;0.020;80757.5;681.089
17:12:37;80757.2;0.016;0;0;80757.4;681.069
17:12:37;80757.3;0;0;0.800;80757.5;681.085
17:12:37;80757.2;0.243;0;0;80757.4;680.285
17:12:36;80747.9;0;0;0.380;80748.1;680.528
17:12:36;80747.8;0.001;0;0;80748.0;680.148
17:12:36;80747.1;0;0;6.617;80747.3;680.149
17:12:36;80747.0;0.023;0;0;80747.2;673.532
17:12:36;80747.1;0;0;0.005;80747.3;673.555
17:12:34;80747.0;0.601;0;0;80747.2;673.550
17:12:34;80747.1;0;0;0.001;80747.3;674.151
17:12:34;80747.0;0.065;0;0;80747.2;674.150
17:12:34;80747.1;0;0;0.023;80747.3;674.215
17:12:33;80747.0;0.134;0;0;80747.2;674.192
17:12:33;80747.1;0;0;0.004;80747.3;674.326
17:12:32;80747.0;0.304;0;0;80747.2;674.322
17:12:31;80747.1;0;0;0.004;80747.3;674.626
17:12:31;80747.0;1.000;0;0;80747.2;674.622
17:12:31;80747.1;0;0;0.002;80747.3;675.622
17:12:30;80747.0;0.160;0;0;80747.2;675.620
17:12:30;80747.1;0;0;0.045;80747.3;675.780
17:12:30;80747.0;0.001;0;0;80747.2;675.735
17:12:30;80747.1;0;0;0.072;80747.3;675.736
17:12:29;80747.0;0.378;0;0;80747.2;675.664
17:12:28;80749.9;2.082;0;0;80750.1;676.042
17:12:27;80750.0;0;0;0.072;80750.2;678.124
17:12:26;80749.9;0.507;0;0;80750.1;678.052
17:12:26;80750.0;0;0;0.018;80750.2;678.559
17:12:25;80749.9;0.067;0;0;80750.1;678.541
17:12:25;80750.0;0;0;0.004;80750.2;678.608
17:12:24;80749.9;0.437;0;0;80750.1;678.604
17:12:24;80750.0;0;0;0.034;80750.2;679.041
17:12:24;80749.9;0.028;0;0;80750.1;679.007
17:12:23;80750.0;0;0;0.084;80750.2;679.035
17:12:23;80749.9;0.121;0;0;80750.1;678.951
17:12:22;80750.0;0;0;0.026;80750.2;679.072
17:12:21;80749.9;0.128;0;0;80750.1;679.046
17:12:21;80750.0;0;0;0.028;80750.2;679.174
17:12:21;80749.9;0.006;0;0;80750.1;679.146
17:12:21;80750.0;0;0;0.006;80750.2;679.152
17:12:21;80749.9;0.036;0;0;80750.1;679.146
17:12:20;80750.0;0;0;0.050;80750.2;679.182
17:12:20;80749.9;0.001;0;0;80750.1;679.132
17:12:20;80750.0;0;0;0.031;80750.2;679.133
17:12:19;80749.9;0.050;0;0;80750.1;679.102
17:12:19;80750.0;0;0;0.185;80750.2;679.152
17:12:19;80749.9;0.002;0;0;80750.1;678.967
17:12:19;80750.0;0;0;0.297;80750.2;678.969
17:12:19;80749.9;0.816;0;0;80750.1;678.672
17:12:18;80750.0;0;0;0.095;80750.2;679.488
17:12:17;80749.9;0.012;0;0;80750.1;679.393
17:12:17;80750.0;0;0;0.159;80750.2;679.405
17:12:16;80754.6;1.623;0;0;80754.8;679.246
17:12:16;80754.7;0;0;0.028;80754.9;680.869
17:12:16;80754.6;0.009;0;0;80754.8;680.841
17:12:16;80754.7;0;0;0.018;80754.9;680.850
17:12:16;80754.6;0.993;0;0;80754.8;680.832
17:12:16;80754.7;0;0;0.202;80754.9;681.825
17:12:15;80757.8;3.212;0;0;80758.0;681.623
17:12:15;80757.9;0;0;0.029;80758.1;684.835
17:12:14;80757.8;0.008;0;0;80758.0;684.806
17:12:13;80757.9;0;0;0.196;80758.1;684.814
17:12:13;80757.8;0.004;0;0;80758.0;684.618
17:12:13;80757.9;0;0;0.002;80758.1;684.622
17:12:12;80757.8;0.058;0;0;80758.0;684.620
17:12:11;80757.9;0;0;0.983;80758.1;684.678
17:12:11;80757.7;0.001;0;0;80757.9;683.695
17:12:11;80757.9;0;0;0.002;80758.1;683.696
17:12:11;80765.3;9.993;0;0;80765.5;683.694
17:12:10;80765.4;0;0;0.009;80765.6;693.687
17:12:10;80765.3;0.008;0;0;80765.5;693.678
17:12:10;80765.4;0;0;0.025;80765.6;693.686
17:12:09;80769.9;10.946;0;0;80770.1;693.661
17:12:09;80770.0;0;0;0.015;80770.2;704.607
17:12:09;80769.9;0.018;0;0;80770.1;704.592
17:12:08;80770.0;0;0;0.077;80770.2;704.610
17:12:08;80769.9;0.055;0;0;80770.1;704.533
17:12:08;80770.0;0;0;0.001;80770.2;704.588
17:12:07;80769.9;0.010;0;0;80770.1;704.587
17:12:07;80770.0;0;0;0.028;80770.2;704.597
17:12:07;80769.9;0.066;0;0;80770.1;704.569
17:12:07;80770.0;0;0;0.004;80770.2;704.635
17:12:07;80769.9;0.006;0;0;80770.1;704.631
17:12:07;80770.0;0;0;0.003;80770.2;704.637
17:12:05;80769.9;0.197;0;0;80770.1;704.634
17:12:04;80770.0;0;0;0.042;80770.2;704.831
17:12:04;80769.9;0.999;0;0;80770.1;704.789
17:12:04;80770.0;0;0;0.068;80770.2;705.788
17:12:03;80769.9;0.509;0;0;80770.1;705.720
17:12:03;80770.0;0;0;0.031;80770.2;706.229
17:12:02;80769.9;0.100;0;0;80770.1;706.198
17:12:02;80770.0;0;0;0.164;80770.2;706.298
17:12:01;80769.9;0.080;0;0;80770.1;706.134
17:12:01;80770.0;0;0;0.091;80770.2;706.214
17:12:00;80769.9;1.267;0;0;80770.1;706.123
17:12:00;80770.0;0;0;0.063;80770.2;707.390
17:11:59;80769.9;0.127;0;0;80770.1;707.327
17:11:59;80770.0;0;0;0.002;80770.2;707.454
17:11:59;80769.9;0.001;0;0;80770.1;707.452
17:11:58;80770.0;0;0;0.018;80770.2;707.453
17:11:57;80769.9;4.570;0;0;80770.1;707.435
17:11:57;80770.0;0;0;0.035;80770.2;712.005
17:11:56;80769.9;0.005;0;0;80770.1;711.970
17:11:56;80770.0;0;0;0.003;80770.2;711.975
17:11:56;80769.9;0.046;0;0;80770.1;711.972
17:11:55;80770.0;0;0;0.012;80770.2;712.018
17:11:55;80769.9;0.413;0;0;80770.1;712.006
17:11:55;80770.0;0;0;0.018;80770.2;712.419
17:11:55;80769.9;0.038;0;0;80770.1;712.401
17:11:54;80770.0;0;0;0.002;80770.2;712.439
17:11:54;80769.9;0.274;0;0;80770.1;712.437
17:11:54;80770.0;0;0;0.152;80770.2;712.711
17:11:53;80769.9;0.084;0;0;80770.1;712.559
17:11:53;80770.0;0;0;2.834;80770.2;712.643
17:11:53;80769.9;0.002;0;0;80770.1;709.809
17:11:53;80770.0;0;0;0.016;80770.2;709.811
17:11:52;80769.9;0.211;0;0;80770.1;709.795
17:11:51;80770.0;0;0;0.227;80770.2;710.006
17:11:51;80769.9;0.081;0;0;80770.1;709.779
17:11:51;80770.0;0;0;0.065;80770.2;709.860
17:11:51;80769.9;0.027;0;0;80770.1;709.795
17:11:51;80770.0;0;0;0.005;80770.2;709.822
17:11:51;80769.9;0.015;0;0;80770.1;709.817
17:11:50;80770.0;0;0;0.001;80770.2;709.832
17:11:50;80769.9;0.024;0;0;80770.1;709.831
17:11:50;80770.0;0;0;0.001;80770.2;709.855
17:11:50;80769.9;0.071;0;0;80770.1;709.854
17:11:49;80770.0;0;0;0.018;80770.2;709.925
17:11:48;80773.4;0.097;0;0;80773.6;709.907
17:11:48;80773.7;0;0;0.025;80773.9;710.004
17:11:48;80777.3;0.147;0;0;80777.5;709.979
17:11:47;80777.4;0;0;0.023;80777.6;710.126
17:11:46;80777.3;0.821;0;0;80777.5;710.103
17:11:44;80777.4;0;0;0.759;80777.6;710.924
17:11:44;80777.3;0.018;0;0;80777.5;710.165
17:11:44;80777.4;0;0;0.422;80777.6;710.183
17:11:43;80777.3;0.847;0;0;80777.5;709.761
17:11:43;80777.4;0;0;0.002;80777.6;710.608
17:11:42;80777.3;0.029;0;0;80777.5;710.606
17:11:42;80777.4;0;0;0.026;80777.6;710.635
17:11:41;80777.3;0.024;0;0;80777.5;710.609
17:11:41;80777.4;0;0;0.028;80777.6;710.633
17:11:41;80777.3;0.068;0;0;80777.5;710.605
17:11:39;80773.4;0;0;1.108;80773.6;710.673
17:11:39;80773.3;0.043;0;0;80773.5;709.565
17:11:39;80773.4;0;0;0.028;80773.6;709.608
17:11:38;80773.3;0.024;0;0;80773.5;709.580
17:11:38;80773.4;0;0;0.001;80773.6;709.604
17:11:37;80773.3;0.852;0;0;80773.5;709.603
17:11:37;80773.4;0;0;0.114;80773.6;710.455
17:11:36;80773.3;0.157;0;0;80773.5;710.341
17:11:34;80773.4;0;0;0.004;80773.6;710.498
17:11:34;80773.3;0.315;0;0;80773.5;710.494
17:11:34;80773.4;0;0;0.013;80773.6;710.809
17:11:33;80773.3;0.066;0;0;80773.5;710.796
17:11:33;80773.4;0;0;0.024;80773.6;710.862
17:11:33;80773.3;0.642;0;0;80773.5;710.838
17:11:33;80773.4;0;0;0.023;80773.6;711.480
17:11:31;80773.3;0.002;0;0;80773.5;711.457
17:11:31;80768.0;0;0;4.030;80768.2;711.459
17:11:31;80767.9;0.002;0;0;80768.1;707.429
17:11:31;80768.0;0;0;0.004;80768.2;707.431
17:11:31;80775.8;2.120;0;0;80776.0;707.427
17:11:30;80775.9;0;0;0.600;80776.1;709.547
17:11:30;80777.3;0.082;0;0;80777.5;708.947
17:11:30;80777.4;0;0;0.004;80777.6;709.029
17:11:29;80777.3;0.131;0;0;80777.5;709.025
17:11:29;80777.4;0;0;0.001;80777.6;709.156
17:11:28;80777.3;0.341;0;0;80777.5;709.155
17:11:27;80777.4;0;0;0.235;80777.6;709.496
17:11:26;80777.3;0.091;0;0;80777.5;709.261
17:11:26;80777.4;0;0;0.024;80777.6;709.352
17:11:25;80777.3;0.006;0;0;80777.5;709.328
17:11:25;80776.0;0;0;11.391;80776.2;709.334
17:11:25;80784.3;3.519;0;0;80784.5;697.943
17:11:25;80784.4;0;0;0.197;80784.6;701.462
17:11:25;80784.3;0.081;0;0;80784.5;701.265
17:11:24;80784.4;0;0;0.001;80784.6;701.346
17:11:24;80784.3;0.003;0;0;80784.5;701.345
17:11:23;80778.5;0;0;0.389;80778.7;701.348
17:11:23;80778.4;1.431;0;0;80778.6;700.959
17:11:23;80778.5;0;0;0.015;80778.7;702.390
17:11:22;80778.4;0.065;0;0;80778.6;702.375
17:11:22;80778.5;0;0;0.018;80778.7;702.440
17:11:22;80778.4;0.200;0;0;80778.6;702.422
17:11:21;80778.5;0;0;0.001;80778.7;702.622
17:11:21;80778.4;0.727;0;0;80778.6;702.621
17:11:21;80778.5;0;0;0.022;80778.7;703.348
17:11:21;80778.4;0.001;0;0;80778.6;703.326
17:11:20;80778.5;0;0;0.070;80778.7;703.327
17:11:19;80778.4;0.004;0;0;80778.6;703.257
17:11:18;80778.5;0;0;0.001;80778.7;703.261
17:11:18;80778.4;0.024;0;0;80778.6;703.260
17:11:18;80778.5;0;0;0.028;80778.7;703.284
17:11:17;80778.4;0.300;0;0;80778.6;703.256
17:11:17;80778.5;0;0;0.001;80778.7;703.556
17:11:17;80778.4;0.035;0;0;80778.6;703.555
17:11:17;80765.7;0;0;1.929;80765.9;703.590
17:11:16;80765.6;0.003;0;0;80765.8;701.661
17:11:16;80765.7;0;0;0.449;80765.9;701.664
17:11:16;80765.6;0.561;0;0;80765.8;701.215
17:11:16;80765.7;0;0;0.002;80765.9;701.776
17:11:16;80765.6;0.051;0;0;80765.8;701.774
17:11:15;80765.7;0;0;0.015;80765.9;701.825
17:11:15;80765.6;0.550;0;0;80765.8;701.810
17:11:15;80765.7;0;0;0.013;80765.9;702.360
17:11:15;80765.6;0.033;0;0;80765.8;702.347
17:11:14;80765.7;0;0;0.079;80765.9;702.380
17:11:14;80765.6;0.377;0;0;80765.8;702.301
17:11:14;80765.7;0;0;0.091;80765.9;702.678
17:11:14;80765.6;0.051;0;0;80765.8;702.587
17:11:13;80765.7;0;0;0.061;80765.9;702.638
17:11:13;80765.6;0.191;0;0;80765.8;702.577
17:11:13;80765.7;0;0;0.030;80765.9;702.768
17:11:12;80765.6;0.001;0;0;80765.8;702.738
17:11:12;80765.7;0;0;0.062;80765.9;702.739
17:11:09;80765.6;0.270;0;0;80765.8;702.677
17:11:09;80765.7;0;0;0.505;80765.9;702.947
17:11:08;80765.6;0.005;0;0;80765.8;702.442
17:11:08;80765.7;0;0;0.005;80765.9;702.447
17:11:08;80765.5;0.001;0;0;80765.7;702.442
17:11:08;80772.4;10.000;0;0;80772.6;702.443
17:11:08;80772.5;0;0;0.027;80772.7;712.443
17:11:08;80772.4;0.064;0;0;80772.6;712.416
17:11:08;80772.5;0;0;0.002;80772.7;712.480
17:11:07;80772.4;0.001;0;0;80772.6;712.478
17:11:07;80772.5;0;0;0.030;80772.7;712.479
17:11:07;80772.4;0.047;0;0;80772.6;712.449
17:11:07;80772.5;0;0;0.002;80772.7;712.496
17:11:06;80774.2;0.140;0;0;80774.4;712.494
17:11:06;80774.3;0;0;0.103;80774.5;712.634
17:11:05;80778.4;0.184;0;0;80778.6;712.531
17:11:05;80778.5;0;0;0.170;80778.7;712.715
17:11:05;80778.4;0.263;0;0;80778.6;712.545
17:11:05;80778.5;0;0;0.645;80778.7;712.808
17:11:04;80778.4;0.086;0;0;80778.6;712.163
17:11:04;80778.5;0;0;0.037;80778.7;712.249
17:11:03;80782.4;0.638;0;0;80782.6;712.212
17:11:02;80782.5;0;0;0.001;80782.7;712.850
17:11:02;80782.4;0.054;0;0;80782.6;712.849
17:11:01;80782.5;0;0;0.349;80782.7;712.903
17:11:00;80789.9;0.351;0;0;80790.1;712.554
17:11:00;80790.0;0;0;0.009;80790.2;712.905
17:11:00;80789.9;0.086;0;0;80790.1;712.896
17:10:59;80790.0;0;0;0.022;80790.2;712.982
17:10:59;80789.9;0.115;0;0;80790.1;712.960
17:10:59;80790.0;0;0;0.002;80790.2;713.075
17:10:58;80789.9;0.044;0;0;80790.1;713.073
17:10:58;80790.0;0;0;0.088;80790.2;713.117
17:10:57;80792.4;0.050;0;0;80792.6;713.029
17:10:57;80792.5;0;0;0.001;80792.7;713.079
17:10:56;80792.4;0.001;0;0;80792.6;713.078
17:10:56;80792.5;0;0;0.020;80792.7;713.079
17:10:56;80792.4;0.003;0;0;80792.6;713.059
17:10:55;80792.5;0;0;0.031;80792.7;713.062
17:10:55;80792.4;0.101;0;0;80792.6;713.031
17:10:55;80792.5;0;0;0.226;80792.7;713.132
17:10:54;80792.4;0.007;0;0;80792.6;712.906
17:10:54;80792.5;0;0;0.001;80792.7;712.913
17:10:54;80792.4;0.007;0;0;80792.6;712.912
17:10:54;80792.5;0;0;0.001;80792.7;712.919
17:10:54;80794.0;0.011;0;0;80794.2;712.918
17:10:54;80794.1;0.010;0;0.001;80794.3;712.929
17:10:54;80794.2;0;0;0.001;80794.4;712.938
17:10:54;80794.7;0.003;0;0;80794.9;712.937
17:10:54;80795.0;0;0;0.001;80795.2;712.940
17:10:54;80796.4;0.010;0;0;80796.6;712.939
17:10:54;80796.5;0;0;0.001;80796.7;712.949
17:10:54;80797.1;0.034;0;0;80797.3;712.948
17:10:54;80797.2;0;0;0.001;80797.4;712.982
17:10:53;80797.1;0.019;0;0;80797.3;712.981
17:10:53;80797.2;0;0;0.071;80797.4;713.000
17:10:53;80797.1;1.098;0;0;80797.3;712.929
17:10:53;80797.2;0;0;0.131;80797.4;714.027
17:10:53;80797.1;0.003;0;0;80797.3;713.896
17:10:53;80797.2;0;0;0.040;80797.4;713.899
17:10:53;80797.1;0.002;0;0;80797.3;713.859
17:10:53;80796.9;0.002;0;0;80797.1;713.861
17:10:53;80797.2;0;0;0.003;80797.4;713.863
17:10:53;80783.9;0;0;15.107;80784.1;713.860
17:10:53;80783.8;0.024;0;0;80784.0;698.753
17:10:52;80780.6;0;0;0.131;80780.8;698.777
17:10:52;80780.5;0.001;0;0;80780.7;698.646
17:10:52;80775.4;0;0;0.434;80775.6;698.647
17:10:52;80775.3;0.003;0;0;80775.5;698.213
17:10:52;80772.5;0;0;0.121;80772.7;698.216
17:10:52;80772.4;0.010;0;3.336;80772.6;698.095
17:10:52;80772.3;0.174;0;0;80772.5;694.769
17:10:52;80772.4;0;0;0.001;80772.6;694.943
17:10:51;80772.3;0.001;0;0;80772.5;694.942
17:10:51;80772.4;0;0;0.003;80772.6;694.943
17:10:50;80772.3;0.001;0;0;80772.5;694.940
17:10:50;80772.4;0;0;0.004;80772.6;694.941
17:10:49;80772.3;0.060;0;0;80772.5;694.937
17:10:49;80772.4;0;0;0.029;80772.6;694.997
17:10:46;80772.3;2.398;0;0;80772.5;694.968
17:10:46;80772.4;0;0;0.010;80772.6;697.366
17:10:46;80775.3;0.129;0;0;80775.5;697.356
17:10:46;80775.4;0;0;0.003;80775.6;697.485
17:10:45;80780.5;0.270;0;0;80780.7;697.482
17:10:44;80780.6;0;0;0.043;80780.8;697.752
17:10:44;80780.5;0.007;0;0;80780.7;697.709
17:10:44;80780.6;0;0;0.101;80780.8;697.716
17:10:44;80782.3;0.639;0;0;80782.5;697.615
17:10:44;80782.4;0;0;0.018;80782.6;698.254
17:10:43;80785.6;0.095;0;0;80785.8;698.236
17:10:43;80785.7;0;0;0.001;80785.9;698.331
17:10:43;80785.6;0.017;0;0;80785.8;698.330
17:10:43;80787.4;0.244;0;0;80787.6;698.347
17:10:42;80787.5;0;0;0.122;80787.7;698.591
17:10:42;80793.1;0.347;0;0;80793.3;698.469
17:10:42;80793.2;0.075;0;0.006;80793.4;698.816
17:10:42;80793.3;0;0;0.002;80793.5;698.885
17:10:41;80793.2;0.004;0;0;80793.4;698.883
17:10:40;80793.3;0;0;0.075;80793.5;698.887
17:10:40;80793.2;0.013;0;0;80793.4;698.812
17:10:39;80793.3;0;0;0.002;80793.5;698.825
17:10:39;80793.2;0.209;0;0;80793.4;698.823
17:10:39;80793.3;0;0;0.006;80793.5;699.032
17:10:39;80793.2;0.003;0;0;80793.4;699.026
17:10:39;80793.3;0;0;0.020;80793.5;699.029
17:10:38;80793.2;0.001;0;0;80793.4;699.009
17:10:37;80793.3;0;0;0.391;80793.5;699.010
17:10:37;80793.2;0.005;0;0;80793.4;698.619
17:10:37;80793.3;0;0;0.060;80793.5;698.624
17:10:37;80793.2;0.006;0;0;80793.4;698.564
17:10:37;80793.3;0;0;0.001;80793.5;698.570
17:10:36;80793.2;0.254;0;0;80793.4;698.569
17:10:36;80793.3;0;0;1.582;80793.5;698.823
17:10:34;80793.2;0.243;0;0;80793.4;697.241
17:10:34;80793.3;0;0;0.525;80793.5;697.484
17:10:34;80793.2;0.006;0;0;80793.4;696.959
17:10:34;80793.3;0;0;0.011;80793.5;696.965
17:10:33;80793.2;0.221;0;0;80793.4;696.954
17:10:33;80793.3;0;0;0.097;80793.5;697.175
17:10:33;80793.2;0.714;0;0;80793.4;697.078
17:10:32;80793.3;0;0;0.055;80793.5;697.792
17:10:32;80793.2;0.041;0;0;80793.4;697.737
17:10:31;80793.3;0;0;0.007;80793.5;697.778
17:10:31;80794.4;1.856;0;0;80794.6;697.771
17:10:31;80794.5;0;0;0.002;80794.7;699.627
17:10:31;80798.7;0.093;0;0;80798.9;699.625
17:10:31;80798.8;0;0;0.050;80799.0;699.718
17:10:31;80799.7;1.321;0;0;80799.9;699.668
17:10:31;80799.8;0;0;0.305;80800.0;700.989
17:10:30;80799.7;0.001;0;0;80799.9;700.684
17:10:29;80799.8;1.199;0;0.110;80800.0;700.685
17:10:29;80799.9;0;0;0.001;80800.1;701.774
17:10:28;80799.8;0.100;0;0;80800.0;701.773
17:10:28;80799.9;0;0;0.001;80800.1;701.873
17:10:28;80799.8;0.039;0;0;80800.0;701.872
17:10:28;80792.5;0;0;0.319;80792.7;701.911
17:10:28;80792.4;0.163;0;0;80792.6;701.592
17:10:27;80792.5;0;0;0.096;80792.7;701.755
17:10:27;80792.4;0.019;0;0;80792.6;701.659
17:10:27;80792.5;0;0;1.169;80792.7;701.678
17:10:27;80795.8;0.087;0;0;80796.0;700.509
17:10:27;80795.9;0;0;0.010;80796.1;700.596
17:10:26;80795.8;0.040;0;0;80796.0;700.586
17:10:26;80795.9;0;0;0.001;80796.1;700.626
17:10:26;80795.8;0.039;0;0;80796.0;700.625
17:10:26;80795.9;0;0;0.027;80796.1;700.664
17:10:25;80798.0;0.105;0;0;80798.2;700.637
17:10:24;80798.1;0;0;0.001;80798.3;700.742
17:10:24;80798.0;0.032;0;0;80798.2;700.741
17:10:24;80798.1;0;0;0.006;80798.3;700.773
17:10:24;80799.8;0.085;0;0;80800.0;700.767
17:10:24;80799.9;0;0;0.003;80800.1;700.852
17:10:23;80799.8;0.407;0;0;80800.0;700.849
17:10:23;80799.9;0;0;0.001;80800.1;701.256
17:10:23;80799.8;0.002;0;0;80800.0;701.255
17:10:23;80799.9;0;0;0.001;80800.1;701.257
17:10:23;80799.8;0.003;0;0;80800.0;701.256
17:10:22;80799.9;0;0;0.042;80800.1;701.259
17:10:22;80799.8;0.529;0;0;80800.0;701.217
17:10:21;80780.9;0;0;0.882;80781.1;701.746
17:10:21;80780.8;0.061;0;0;80781.0;700.864
17:10:21;80780.9;0;0;0.025;80781.1;700.925
17:10:21;80780.8;0.005;0;0;80781.0;700.900
17:10:20;80777.7;0;0;1.010;80777.9;700.905
17:10:20;80777.6;0.005;0;0;80777.8;699.895
17:10:20;80777.7;0;0;0.001;80777.9;699.900
17:10:20;80777.6;0.626;0;0;80777.8;699.899
17:10:19;80777.7;0;0;0.052;80777.9;700.525
17:10:19;80777.6;0.010;0;0;80777.8;700.473
17:10:19;80777.7;0;0;0.001;80777.9;700.483
17:10:19;80777.6;0.150;0;0;80777.8;700.482
17:10:19;80777.7;0;0;0.005;80777.9;700.632
17:10:19;80777.6;0.010;0;0;80777.8;700.627
17:10:18;80777.7;0;0;0.027;80777.9;700.637
17:10:18;80777.6;0.199;0;0;80777.8;700.610
17:10:17;80777.7;0;0;0.013;80777.9;700.809
17:10:17;80777.6;0.002;0;0;80777.8;700.796
17:10:17;80777.7;0;0;0.001;80777.9;700.798
17:10:17;80777.6;0.060;0;0;80777.8;700.797
17:10:17;80777.7;0;0;0.002;80777.9;700.857
17:10:17;80780.8;0.172;0;0;80781.0;700.855
17:10:17;80780.9;0;0;0.002;80781.1;701.027
17:10:15;80783.8;1.009;0;0;80784.0;701.025
17:10:15;80783.9;0;0;0.135;80784.1;702.034
17:10:15;80783.8;0.014;0;0;80784.0;701.899
17:10:14;80783.9;0;0;0.014;80784.1;701.913
17:10:13;80783.8;0.068;0;0;80784.0;701.899
17:10:13;80783.9;0;0;0.001;80784.1;701.967
17:10:13;80787.6;0.395;0;0;80787.8;701.966
17:10:13;80787.7;0;0;0.007;80787.9;702.361
17:10:11;80787.8;0.475;0;0;80788.0;702.354
17:10:10;80787.9;0;0;0.009;80788.1;702.829
17:10:10;80787.8;0.005;0;0;80788.0;702.820
17:10:10;80787.9;0;0;0.298;80788.1;702.825
17:10:09;80791.0;0.066;0;0;80791.2;702.527
17:10:09;80791.1;0;0;0.028;80791.3;702.593
17:10:09;80791.6;0.029;0;0;80791.8;702.565
17:10:09;80791.7;2.245;0;0.002;80791.9;702.594
17:10:09;80791.8;0;0;0.014;80792.0;704.837
17:10:08;80793.1;0.204;0;0;80793.3;704.823
17:10:08;80793.2;0;0;0.031;80793.4;705.027
17:10:07;80797.1;0.697;0;0;80797.3;704.996
17:10:07;80797.2;0;0;0.002;80797.4;705.693
17:10:06;80797.1;0.372;0;0;80797.3;705.691
17:10:06;80797.2;0;0;0.024;80797.4;706.063
17:10:05;80797.1;0.148;0;0;80797.3;706.039
17:10:04;80797.2;0;0;0.010;80797.4;706.187
17:10:04;80797.1;0.349;0;0;80797.3;706.177
17:10:04;80797.2;0;0;0.017;80797.4;706.526
17:10:03;80797.1;0.002;0;0;80797.3;706.509
17:10:03;80797.2;0;0;0.001;80797.4;706.511
17:10:03;80798.6;0.012;0;0;80798.8;706.510
17:10:03;80798.7;0;0;0.001;80798.9;706.522
17:10:03;80799.2;0;0;0.001;80799.4;706.521
17:10:03;80799.8;0.071;0;0;80800.0;706.520
17:10:03;80799.9;0;0;0.045;80800.1;706.591
17:10:03;80799.8;0.002;0;0;80800.0;706.546
17:10:03;80799.9;0;0;0.024;80800.1;706.548
17:10:02;80799.8;0.061;0;0;80800.0;706.524
17:10:02;80799.9;0;0;0.002;80800.1;706.585
17:10:02;80799.8;0.024;0;0;80800.0;706.583
17:10:02;80799.9;0;0;0.070;80800.1;706.607
17:10:02;80799.8;0.002;0;0;80800.0;706.537
17:10:02;80799.9;0;0;0.003;80800.1;706.539
17:10:02;80799.8;0.015;0;0;80800.0;706.536
17:10:01;80799.9;0;0;0.079;80800.1;706.551
17:10:01;80799.8;0.006;0;0;80800.0;706.472
17:10:01;80791.8;0;0;10.829;80792.0;706.478
17:10:01;80791.7;0.009;0;0;80791.9;695.649
17:10:01;80791.8;0;0;0.001;80792.0;695.658
17:10:01;80791.7;0.001;0;0;80791.9;695.657
17:10:00;80791.8;0;0;0.014;80792.0;695.658
17:10:00;80795.0;0.063;0;0;80795.2;695.644
17:10:00;80795.1;0;0;0.001;80795.3;695.707
17:10:00;80795.5;0.005;0;0;80795.7;695.706
17:10:00;80795.6;0;0;0.001;80795.8;695.711
17:10:00;80796.7;0.014;0;0;80796.9;695.710
17:10:00;80796.9;0;0;0.001;80797.1;695.724
17:10:00;80798.3;0.023;0;0;80798.5;695.723
17:10:00;80798.6;0;0;0.001;80798.8;695.746
17:10:00;80799.1;0.019;0;0;80799.3;695.745
17:10:00;80799.2;0;0;0.001;80799.4;695.764
17:10:00;80799.4;0.014;0;0;80799.6;695.763
17:10:00;80799.5;0;0;0.001;80799.7;695.777
17:10:00;80801.1;1.138;0;0;80801.3;695.776
17:10:00;80801.2;0;0;0.001;80801.4;696.914
17:10:00;80801.1;0.048;0;0;80801.3;696.913
17:09:59;80801.2;0;0;0.287;80801.4;696.961
17:09:59;80801.1;0.005;0;0;80801.3;696.674
17:09:59;80801.2;0;0;0.029;80801.4;696.679
17:09:59;80801.1;0.050;0;0;80801.3;696.650
17:09:59;80801.2;0;0;0.079;80801.4;696.700
17:09:58;80801.0;0.004;0;0;80801.2;696.621
17:09:58;80801.2;0;0;0.006;80801.4;696.625
17:09:58;80801.0;0.002;0;0;80801.2;696.619
17:09:58;80801.2;0;0;0.034;80801.4;696.621
17:09:58;80799.7;0;0;0.010;80799.9;696.587
17:09:58;80778.9;0;0;10.351;80779.1;696.577
17:09:58;80778.8;0.010;0;0;80779.0;686.226
17:09:57;80772.8;0;0;0.205;80773.0;686.236
17:09:57;80772.7;0.011;0;0;80772.9;686.031
17:09:56;80767.9;0;0;0.717;80768.1;686.042
17:09:56;80767.8;0.127;0;0;80768.0;685.325
17:09:56;80767.9;0;0;0.053;80768.1;685.452
17:09:55;80767.8;0.006;0;0;80768.0;685.399
17:09:55;80767.9;0;0;0.037;80768.1;685.405
17:09:55;80767.8;0.014;0;0;80768.0;685.368
17:09:54;80767.9;0;0;0.003;80768.1;685.382
17:09:54;80770.0;0.022;0;0;80770.2;685.379
17:09:54;80770.1;0;0;0.001;80770.3;685.401
17:09:54;80770.4;0.002;0;0;80770.6;685.400
17:09:54;80771.8;0;0;0.001;80772.0;685.402
17:09:54;80772.7;1.353;0;0;80772.9;685.401
17:09:54;80772.8;0;0;0.001;80773.0;686.754
17:09:54;80772.7;0.072;0;0;80772.9;686.753
17:09:53;80772.8;0;0;0.003;80773.0;686.825
17:09:53;80772.7;0.040;0;0;80772.9;686.822
17:09:53;80772.8;0;0;0.002;80773.0;686.862
17:09:53;80774.5;0.052;0;0;80774.7;686.860
17:09:53;80774.6;0;0;0.001;80774.8;686.912
17:09:53;80776.1;0.508;0;0;80776.3;686.911
17:09:52;80776.2;0;0;0.263;80776.4;687.419
17:09:52;80776.1;0.002;0;0;80776.3;687.156
17:09:52;80776.2;0;0;0.001;80776.4;687.158
17:09:52;80778.7;4.440;0;0;80778.9;687.157
17:09:52;80778.5;0;0;0.078;80778.7;691.597
17:09:52;80778.3;0.088;0;0;80778.5;691.519
17:09:52;80777.2;0;0;0.061;80777.4;691.607
17:09:52;80776.7;0.006;0;0;80776.9;691.546
17:09:51;80774.2;0;0;0.239;80774.4;691.552
17:09:51;80773.2;0.002;0;0;80773.4;691.313
17:09:51;80773.9;0;0;0.002;80774.1;691.315
17:09:51;80773.2;0.001;0;0;80773.4;691.313
17:09:51;80769.4;0;0;0.206;80769.6;691.314
17:09:51;80769.2;0.001;0;0;80769.4;691.108
17:09:51;80769.1;0.002;0;0.015;80769.3;691.109
17:09:51;80769.0;0.001;0;0;80769.2;691.096
17:09:51;80767.9;0;0;0.153;80768.1;691.097
17:09:51;80767.7;0.030;0;0;80767.9;690.944
17:09:51;80768.0;0;0;0.020;80768.2;690.974
17:09:51;80767.7;0.002;0;0;80767.9;690.954
17:09:51;80765.8;0;0;0.243;80766.0;690.956
17:09:51;80764.2;0.001;0;0;80764.4;690.713
17:09:51;80764.3;0;0;0.164;80764.5;690.714
17:09:51;80764.2;0.002;0;0;80764.4;690.550
17:09:51;80737.8;0;0;15.716;80738.0;690.552
17:09:51;80737.7;0.032;0;0;80737.9;674.836
17:09:51;80735.9;0;0;0.012;80736.1;674.868
17:09:51;80735.8;0.001;0;0;80736.0;674.856
17:09:51;80734.5;0;0;1.111;80734.7;674.857
17:09:51;80734.4;0.002;0;0;80734.6;673.746
17:09:50;80734.5;0;0;0.036;80734.7;673.748
17:09:50;80734.4;0.112;0;0;80734.6;673.712
17:09:50;80734.5;0;0;0.024;80734.7;673.824
17:09:50;80734.4;0.018;0;0;80734.6;673.800
17:09:50;80734.5;0;0;0.003;80734.7;673.818
17:09:49;80734.4;0.735;0;0;80734.6;673.815
17:09:49;80734.5;0;0;0.038;80734.7;674.550
17:09:49;80734.4;0.003;0;0;80734.6;674.512
17:09:49;80734.5;0;0;0.371;80734.7;674.515
17:09:48;80734.4;0.017;0;0;80734.6;674.144
17:09:48;80734.5;0;0;0.002;80734.7;674.161
17:09:47;80737.7;2.059;0;0;80737.9;674.159
17:09:47;80737.8;0;0;0.002;80738.0;676.218
17:09:47;80737.7;0.030;0;0;80737.9;676.216
17:09:46;80737.8;0;0;0.051;80738.0;676.246
17:09:46;80737.7;0.024;0;0;80737.9;676.195
17:09:46;80737.8;0;0;0.091;80738.0;676.219
17:09:46;80738.7;0.019;0;0;80738.9;676.128
17:09:46;80740.0;0.211;0;0;80740.2;676.147
17:09:45;80746.2;2.974;0;0;80746.4;676.358
17:09:45;80746.3;0;0;0.005;80746.5;679.332
17:09:45;80746.2;0.158;0;0;80746.4;679.327
17:09:45;80746.3;0;0;0.115;80746.5;679.485
17:09:45;80746.2;0.004;0;0;80746.4;679.370
17:09:45;80746.3;0;0;0.049;80746.5;679.374
17:09:45;80746.2;0.005;0;0;80746.4;679.325
17:09:45;80746.3;0;0;0.008;80746.5;679.330
17:09:44;80750.7;1.161;0;0;80750.9;679.322
17:09:43;80750.8;0;0;0.050;80751.0;680.483
17:09:43;80753.1;0.206;0;0;80753.3;680.433
17:09:43;80753.2;0;0;0.279;80753.4;680.639
17:09:43;80753.3;0.719;0;0;80753.5;680.360
17:09:42;80753.4;0;0;0.031;80753.6;681.079
17:09:42;80757.0;1.298;0;0;80757.2;681.048
17:09:42;80757.1;0;0;0.032;80757.3;682.346
17:09:41;80757.0;0.007;0;0;80757.2;682.314
17:09:41;80757.1;0;0;0.004;80757.3;682.321
17:09:41;80757.0;0.044;0;0;80757.2;682.317
17:09:40;80757.1;0;0;0.062;80757.3;682.361
17:09:40;80757.0;0.248;0;0;80757.2;682.299
17:09:39;80752.6;0;0;0.090;80752.8;682.547
17:09:39;80752.5;0.001;0;0;80752.7;682.457
17:09:39;80752.2;0;0;0.017;80752.4;682.458
17:09:39;80751.9;0.729;0;0;80752.1;682.441
17:09:39;80745.5;0;0;2.506;80745.7;683.170
17:09:38;80745.4;0.010;0;0;80745.6;680.664
17:09:38;80745.5;0;0;0.020;80745.7;680.674
17:09:37;80745.4;1.949;0;0;80745.6;680.654
17:09:37;80745.5;0;0;0.033;80745.7;682.603
17:09:37;80745.4;0.005;0;0;80745.6;682.570
17:09:37;80745.5;0;0;0.042;80745.7;682.575
17:09:37;80745.4;0.040;0;0;80745.6;682.533
17:09:36;80745.5;0;0;0.014;80745.7;682.573
17:09:36;80745.4;0.192;0;0;80745.6;682.559
17:09:36;80745.5;0;0;0.002;80745.7;682.751
17:09:35;80745.4;1.075;0;0;80745.6;682.749
17:09:35;80745.5;0;0;0.008;80745.7;683.824
17:09:35;80745.4;0.018;0;0;80745.6;683.816
17:09:35;80745.5;0;0;0.928;80745.7;683.834
17:09:35;80745.4;0.004;0;0;80745.6;682.906
17:09:34;80745.5;0;0;0.014;80745.7;682.910
17:09:34;80745.4;0.005;0;0;80745.6;682.896
17:09:34;80745.5;0;0;0.056;80745.7;682.901
17:09:34;80745.4;0.017;0;0;80745.6;682.845
17:09:34;80745.5;0;0;0.004;80745.7;682.862
17:09:33;80745.4;0.250;0;0;80745.6;682.858
17:09:33;80745.5;0;0;0.014;80745.7;683.108
17:09:33;80745.4;0.058;0;0;80745.6;683.094
17:09:33;80745.5;0;0;0.042;80745.7;683.152
17:09:31;80749.4;2.366;0;0;80749.6;683.110
17:09:31;80749.5;0;0;0.001;80749.7;685.476
17:09:31;80749.9;1.681;0;0;80750.1;685.475
17:09:30;80750.0;0;0;0.021;80750.2;687.156
17:09:29;80749.9;5.399;0;0;80750.1;687.135
17:09:29;80750.0;0;0;0.001;80750.2;692.534
17:09:29;80749.9;0.032;0;0;80750.1;692.533
17:09:28;80750.0;0;0;0.007;80750.2;692.565
17:09:28;80749.9;0.085;0;0;80750.1;692.558
17:09:28;80750.0;0;0;0.017;80750.2;692.643
17:09:26;80749.9;0.277;0;0;80750.1;692.626
17:09:26;80750.0;0;0;0.059;80750.2;692.903
17:09:26;80749.9;0.120;0;0;80750.1;692.844
17:09:25;80750.0;0;0;0.040;80750.2;692.964
17:09:25;80749.9;0.172;0;0;80750.1;692.924
17:09:24;80750.0;0;0;0.001;80750.2;693.096
17:09:24;80749.9;0.037;0;0;80750.1;693.095
17:09:24;80750.0;0;0;0.012;80750.2;693.132
17:09:23;80749.9;0.001;0;0;80750.1;693.120
17:09:23;80750.0;0;0;0.116;80750.2;693.121
17:09:22;80749.9;0.134;0;0;80750.1;693.005
17:09:22;80750.0;0;0;0.026;80750.2;693.139
17:09:21;80749.9;0.021;0;0;80750.1;693.113
17:09:21;80750.0;0;0;0.001;80750.2;693.134
17:09:21;80749.9;0.140;0;0;80750.1;693.133
17:09:21;80749.5;0;0;0.127;80749.7;693.273
17:09:21;80749.4;0.102;0;0;80749.6;693.146
17:09:21;80745.5;0;0;2.075;80745.7;693.248
17:09:20;80745.4;0.213;0;0;80745.6;691.173
17:09:20;80745.5;0;0;0.005;80745.7;691.386
17:09:20;80745.4;0.014;0;0;80745.6;691.381
17:09:20;80745.5;0;0;0.008;80745.7;691.395
17:09:19;80745.4;0.117;0;0;80745.6;691.387
17:09:19;80745.5;0;0;0.038;80745.7;691.504
17:09:18;80745.4;0.053;0;0;80745.6;691.466
17:09:17;80745.5;0;0;0.002;80745.7;691.519
17:09:17;80745.4;0.160;0;0;80745.6;691.517
17:09:17;80745.5;0;0;0.010;80745.7;691.677
17:09:16;80745.4;4.470;0;0;80745.6;691.667
17:09:16;80745.5;0;0;0.006;80745.7;696.137
17:09:16;80745.4;0.001;0;0;80745.6;696.131
17:09:15;80745.5;0;0;0.001;80745.7;696.132
17:09:15;80746.7;0.621;0;0;80746.9;696.131
17:09:15;80746.8;0;0;0.001;80747.0;696.752
17:09:15;80749.9;0.581;0;0;80750.1;696.751
17:09:15;80750.0;0;0;0.012;80750.2;697.332
17:09:14;80749.9;0.042;0;0;80750.1;697.320
17:09:14;80750.0;0;0;0.027;80750.2;697.362
17:09:14;80749.9;0.013;0;0;80750.1;697.335
17:09:14;80750.0;0;0;0.100;80750.2;697.348
17:09:14;80749.9;0.016;0;0;80750.1;697.248
17:09:14;80750.0;0;0;0.001;80750.2;697.264
17:09:13;80749.9;0.438;0;0;80750.1;697.263
17:09:13;80750.0;0;0;0.031;80750.2;697.701
17:09:12;80749.9;0.019;0;0;80750.1;697.670
17:09:12;80750.0;0;0;0.050;80750.2;697.689
17:09:12;80749.9;0.007;0;0;80750.1;697.639
17:09:12;80750.0;0;0;0.009;80750.2;697.646
17:09:10;80749.9;0.383;0;0;80750.1;697.637
17:09:10;80750.0;0;0;0.006;80750.2;698.020
17:09:09;80751.8;0.760;0;0;80752.0;698.014
17:09:09;80751.9;0;0;0.007;80752.1;698.774
17:09:09;80751.8;0.142;0;0;80752.0;698.767
17:09:08;80751.9;0;0;0.010;80752.1;698.909
17:09:08;80751.8;0.041;0;0;80752.0;698.899
17:09:08;80751.9;0;0;0.002;80752.1;698.940
17:09:08;80757.9;1.227;0;0;80758.1;698.938
17:09:07;80758.0;0;0;0.137;80758.2;700.165
17:09:07;80757.9;0.057;0;0;80758.1;700.028
17:09:07;80758.0;0;0;0.041;80758.2;700.085
17:09:05;80757.9;0.158;0;0;80758.1;700.044
17:09:05;80758.0;0;0;0.011;80758.2;700.202
17:09:04;80757.9;0.007;0;0;80758.1;700.191
17:09:04;80758.0;0;0;0.044;80758.2;700.198
17:09:01;80761.6;1.166;0;0;80761.8;700.154
17:09:01;80761.7;0;0;0.005;80761.9;701.320
17:09:00;80764.9;2.460;0;0;80765.1;701.315
17:09:00;80765.0;0;0;0.031;80765.2;703.775
17:08:59;80764.9;0.068;0;0;80765.1;703.744
17:08:59;80765.0;0;0;0.006;80765.2;703.812
17:08:58;80764.9;0.030;0;0;80765.1;703.806
17:08:57;80770.4;0.986;0;0;80770.6;703.836
17:08:57;80770.5;0;0;0.100;80770.7;704.822
17:08:56;80770.4;0.104;0;0;80770.6;704.722
17:08:56;80770.5;0;0;0.024;80770.7;704.826
17:08:56;80770.4;0.045;0;0;80770.6;704.802
17:08:56;80770.5;0;0;0.004;80770.7;704.847
17:08:55;80775.9;1.209;0;0;80776.1;704.843
17:08:55;80776.0;0;0;0.504;80776.2;706.052
17:08:55;80775.9;0.002;0;0;80776.1;705.548
17:08:55;80776.0;0;0;0.009;80776.2;705.550
17:08:54;80780.6;1.059;0;0;80780.8;705.541
17:08:54;80780.7;0;0;0.052;80780.9;706.600
17:08:54;80780.6;0.002;0;0;80780.8;706.548
17:08:54;80780.7;0;0;0.001;80780.9;706.550
17:08:54;80780.6;0.005;0;0;80780.8;706.549
17:08:54;80780.7;0;0;0.504;80780.9;706.554
17:08:53;80780.6;0.002;0;0;80780.8;706.050
17:08:53;80780.7;0;0;0.004;80780.9;706.052
17:08:53;80783.9;1.002;0;0;80784.1;706.048
17:08:53;80784.0;0;0;0.087;80784.2;707.050
17:08:53;80783.9;0.002;0;0;80784.1;706.963
17:08:53;80783.1;0;0;0.008;80783.3;706.965
17:08:53;80782.7;0.002;0;0;80782.9;706.957
17:08:53;80778.9;0;0;0.184;80779.1;706.959
17:08:53;80778.8;0.068;0;0;80779.0;706.775
17:08:52;80778.9;0;0;0.938;80779.1;706.843
17:08:52;80778.8;0.307;0;0;80779.0;705.905
17:08:51;80778.9;0;0;0.113;80779.1;706.212
17:08:51;80778.8;0.006;0;0;80779.0;706.099
17:08:51;80778.9;0;0;0.039;80779.1;706.105
17:08:51;80778.8;0.042;0;0;80779.0;706.066
17:08:50;80778.9;0;0;0.016;80779.1;706.108
17:08:50;80778.8;0.091;0;0;80779.0;706.092
17:08:50;80778.9;0;0;0.018;80779.1;706.183
17:08:50;80778.8;0.023;0;0;80779.0;706.165
17:08:50;80778.9;0;0;0.020;80779.1;706.188
17:08:50;80778.8;0.003;0;0;80779.0;706.168
17:08:50;80778.9;0;0;0.012;80779.1;706.171
17:08:49;80778.8;0.015;0;0;80779.0;706.159
17:08:49;80778.9;0;0;0.001;80779.1;706.174
17:08:49;80778.8;0.025;0;0;80779.0;706.173
17:08:48;80778.9;0;0;0.001;80779.1;706.198
17:08:48;80778.8;0.020;0;0;80779.0;706.197
17:08:48;80778.9;0;0;0.001;80779.1;706.217
17:08:48;80778.8;0.002;0;0;80779.0;706.216
17:08:48;80778.9;0;0;0.194;80779.1;706.218
17:08:47;80778.8;0.002;0;0;80779.0;706.024
17:08:47;80778.9;0;0;0.003;80779.1;706.026
17:08:47;80778.8;0.063;0;0;80779.0;706.023
17:08:46;80778.9;0;0;0.004;80779.1;706.086
17:08:46;80778.8;0.002;0;0;80779.0;706.082
17:08:46;80778.9;0;0;0.017;80779.1;706.084
17:08:46;80778.8;0.040;0;0;80779.0;706.067
17:08:46;80778.9;0;0;0.002;80779.1;706.107
17:08:46;80784.0;1.255;0;0;80784.2;706.105
17:08:46;80784.1;0;0;0.022;80784.3;707.360
17:08:46;80784.0;0.009;0;0;80784.2;707.338
17:08:45;80784.1;0;0;0.044;80784.3;707.347
17:08:45;80784.0;0.062;0;0;80784.2;707.303
17:08:45;80784.1;0;0;0.054;80784.3;707.365
17:08:45;80788.8;0.428;0;0;80789.0;707.311
17:08:44;80788.9;0;0;0.004;80789.1;707.739
17:08:44;80788.8;0.622;0;0;80789.0;707.735
17:08:44;80788.9;0;0;0.001;80789.1;708.357
17:08:44;80793.9;0.537;0;0;80794.1;708.356
17:08:43;80794.0;0;0;0.005;80794.2;708.893
17:08:43;80799.8;0.802;0;0;80800.0;708.888
17:08:43;80799.9;0;0;0.003;80800.1;709.690
17:08:43;80799.8;0.001;0;0;80800.0;709.687
17:08:43;80799.9;0;0;0.001;80800.1;709.688
17:08:42;80799.8;0.001;0;0;80800.0;709.687
17:08:41;80799.9;0;0;0.368;80800.1;709.688
17:08:40;80799.8;0.065;0;0;80800.0;709.320
17:08:40;80799.9;0;0;0.017;80800.1;709.385
17:08:40;80799.8;0.299;0;0;80800.0;709.368
17:08:38;80799.9;0;0;0.104;80800.1;709.667
17:08:38;80799.8;0.554;0;0;80800.0;709.563
17:08:37;80796.6;0;0;2.414;80796.8;710.117
17:08:37;80796.5;0.163;0;0;80796.7;707.703
17:08:37;80796.6;0;0;0.198;80796.8;707.866
17:08:36;80796.5;1.291;0;0;80796.7;707.668
17:08:36;80796.6;0;0;0.076;80796.8;708.959
17:08:36;80796.5;0.008;0;0;80796.7;708.883
17:08:36;80796.6;0;0;0.008;80796.8;708.891
17:08:36;80796.5;0.054;0;0;80796.7;708.883
17:08:36;80796.6;0;0;0.036;80796.8;708.937
17:08:36;80796.5;0.002;0;0;80796.7;708.901
17:08:35;80794.5;0;0;0.073;80794.7;708.903
17:08:35;80794.4;0.012;0;0;80794.6;708.830
17:08:35;80794.5;0;0;0.001;80794.7;708.842
17:08:35;80794.4;0.002;0;0;80794.6;708.841
17:08:35;80794.5;0;0;0.027;80794.7;708.843
17:08:35;80794.4;0.048;0;0;80794.6;708.816
17:08:35;80788.2;0;0;0.404;80788.4;708.864
17:08:35;80788.1;0.005;0;0;80788.3;708.460
17:08:35;80788.2;0;0;0.028;80788.4;708.465
17:08:35;80788.1;0.003;0;0;80788.3;708.437
17:08:35;80788.2;0;0;0.002;80788.4;708.440
17:08:35;80788.1;0.001;0;0;80788.3;708.438
17:08:34;80788.2;0;0;0.024;80788.4;708.439
17:08:34;80788.1;0.069;0;0;80788.3;708.415
17:08:34;80788.2;0;0;0.332;80788.4;708.484
17:08:34;80788.1;0.954;0;0;80788.3;708.152
17:08:33;80788.2;0;0;0.025;80788.4;709.106
17:08:33;80788.1;0.011;0;0;80788.3;709.081
17:08:33;80788.2;0;0;0.021;80788.4;709.092
17:08:32;80788.1;0.024;0;0;80788.3;709.071
17:08:31;80788.2;0;0;0.001;80788.4;709.095
17:08:30;80788.1;0.374;0;0;80788.3;709.094
17:08:30;80787.8;0;0;5.928;80788.0;709.468
17:08:30;80787.7;0.014;0;0;80787.9;703.540
17:08:29;80787.8;0;0;1.103;80788.0;703.554
17:08:29;80787.7;0.072;0;0;80787.9;702.451
17:08:28;80787.8;0;0;0.126;80788.0;702.523
17:08:28;80788.1;0.106;0;0;80788.3;702.397
17:08:27;80788.2;0;0;0.020;80788.4;702.503
17:08:27;80788.1;0.002;0;0;80788.3;702.483
17:08:27;80788.2;0;0;0.049;80788.4;702.485
17:08:27;80788.1;0.034;0;0;80788.3;702.436
17:08:27;80788.2;0;0;0.001;80788.4;702.470
17:08:26;80796.5;0.328;0;0;80796.7;702.469
17:08:26;80796.6;0;0;0.028;80796.8;702.797
17:08:25;80796.5;0.079;0;0;80796.7;702.769
17:08:25;80796.6;0;0;0.002;80796.8;702.848
17:08:25;80796.5;0.274;0;0;80796.7;702.846
17:08:25;80796.6;0;0;0.273;80796.8;703.120
17:08:25;80796.5;0.003;0;0;80796.7;702.847
17:08:25;80790.9;0;0;0.155;80791.1;702.850
17:08:24;80790.8;0.001;0;0;80791.0;702.695
17:08:24;80790.9;0;0;1.429;80791.1;702.696
17:08:24;80796.5;0.394;0;0;80796.7;701.267
17:08:23;80796.6;0;0;0.008;80796.8;701.661
17:08:23;80796.5;2.055;0;0;80796.7;701.653
17:08:22;80786.1;0;0;0.824;80786.3;703.708
17:08:22;80786.0;0.001;0;0;80786.2;702.884
17:08:22;80784.9;0;0;4.444;80785.1;702.885
17:08:22;80784.8;0.329;0;0;80785.0;698.441
17:08:22;80784.9;0;0;0.020;80785.1;698.770
17:08:22;80784.8;0.181;0;0;80785.0;698.750
17:08:22;80784.9;0;0;0.061;80785.1;698.931
17:08:21;80784.8;0.001;0;0;80785.0;698.870
17:08:21;80784.9;0;0;1.250;80785.1;698.871
17:08:21;80784.8;3.765;0;0;80785.0;697.621
17:08:21;80784.9;0;0;0.393;80785.1;701.386
17:08:20;80784.8;0.017;0;0;80785.0;700.993
17:08:20;80784.9;0;0;0.100;80785.1;701.010
17:08:20;80784.8;0.010;0;0;80785.0;700.910
17:08:20;80784.9;0;0;0.012;80785.1;700.920
17:08:19;80784.8;0.486;0;0;80785.0;700.908
17:08:19;80784.9;0;0;0.038;80785.1;701.394
17:08:19;80784.8;1.135;0;0;80785.0;701.356
17:08:19;80781.7;0;0;0.022;80781.9;702.491
17:08:19;80781.6;0.001;0;0.879;80781.8;702.469
17:08:18;80781.5;0.114;0;0;80781.7;701.591
17:08:18;80781.6;0;0;0.001;80781.8;701.705
17:08:17;80781.5;0.573;0;0;80781.7;701.704
17:08:17;80781.6;0;0;0.072;80781.8;702.277
17:08:17;80781.5;0.015;0;0;80781.7;702.205
17:08:17;80781.6;0;0;0.007;80781.8;702.220
17:08:16;80785.5;0.474;0;0;80785.7;702.213
17:08:16;80785.6;0;0;0.001;80785.8;702.687
17:08:16;80785.5;0.167;0;0;80785.7;702.686
17:08:15;80789.1;0.222;0;0;80789.3;702.853
17:08:14;80789.2;0;0;0.039;80789.4;703.075
17:08:14;80791.8;0.309;0;0;80792.0;703.036
17:08:14;80791.9;0;0;0.001;80792.1;703.345
17:08:14;80799.8;2.454;0;0;80800.0;703.344
17:08:14;80799.9;0;0;0.130;80800.1;705.798
17:08:14;80799.8;0.001;0;0;80800.0;705.668
17:08:13;80796.7;0;0;2.109;80796.9;705.669
17:08:13;80796.6;0.536;0;0;80796.8;703.560
17:08:12;80796.7;0;0;0.275;80796.9;704.096
17:08:12;80796.6;0.007;0;0;80796.8;703.821
17:08:11;80796.7;0;0;0.064;80796.9;703.828
17:08:11;80796.6;0.006;0;0;80796.8;703.764
17:08:11;80796.7;0;0;0.086;80796.9;703.770
17:08:10;80796.6;0.010;0;0;80796.8;703.684
17:08:10;80796.7;0;0;0.029;80796.9;703.694
17:08:10;80796.6;0.401;0;0;80796.8;703.665
17:08:09;80796.7;0;0;0.018;80796.9;704.066
17:08:09;80796.6;0.001;0;0;80796.8;704.048
17:08:09;80796.7;0;0;0.042;80796.9;704.049
17:08:08;80796.6;0.063;0;0;80796.8;704.007
17:08:08;80796.7;0;0;0.001;80796.9;704.070
17:08:08;80796.6;0.515;0;0;80796.8;704.069
17:08:08;80796.7;0;0;0.024;80796.9;704.584
17:08:08;80796.6;0.004;0;0;80796.8;704.560
17:08:08;80796.7;0;0;0.026;80796.9;704.564
17:08:07;80796.6;0.005;0;0;80796.8;704.538
17:08:07;80796.7;0;0;0.014;80796.9;704.543
17:08:07;80796.6;0.308;0;0;80796.8;704.529
17:08:06;80796.7;0;0;0.008;80796.9;704.837
17:08:06;80796.6;0.010;0;0;80796.8;704.829
17:08:06;80796.7;0;0;0.019;80796.9;704.839
17:08:06;80796.6;0.063;0;0;80796.8;704.820
17:08:06;80796.7;0;0;0.028;80796.9;704.883
17:08:05;80796.6;0.114;0;0;80796.8;704.855
17:08:05;80796.7;0;0;0.043;80796.9;704.969
17:08:04;80800.9;1.427;0;0;80801.1;704.926
17:08:04;80801.0;0;0;0.003;80801.2;706.353
17:08:04;80800.9;0.010;0;0;80801.1;706.350
17:08:03;80810.0;5.928;0;0;80810.2;706.360
17:08:03;80810.1;0;0;0.074;80810.3;712.288
17:08:03;80810.0;0.014;0;0;80810.2;712.214
17:08:03;80810.1;0;0;0.015;80810.3;712.228
17:08:03;80810.0;0.015;0;0;80810.2;712.213
17:08:03;80806.1;0;0;2.630;80806.3;712.228
17:08:03;80806.0;0.142;0;0;80806.2;709.598
17:08:02;80806.1;0;0;0.154;80806.3;709.740
17:08:02;80806.0;0.001;0;0;80806.2;709.586
17:08:01;80806.1;0;0;0.530;80806.3;709.587
17:08:01;80806.0;0.188;0;0;80806.2;709.057
17:08:01;80806.1;0;0;0.010;80806.3;709.245
17:08:00;80806.0;0.794;0;0;80806.2;709.235
17:08:00;80806.1;0;0;0.696;80806.3;710.029
17:08:00;80806.0;0.004;0;0;80806.2;709.333
17:08:00;80806.1;0;0;0.001;80806.3;709.337
17:08:00;80806.0;0.018;0;0;80806.2;709.336
17:08:00;80806.1;0;0;0.001;80806.3;709.354
17:07:59;80806.0;0.490;0;0;80806.2;709.353
17:07:59;80806.1;0;0;0.030;80806.3;709.843
17:07:59;80806.0;0.032;0;0;80806.2;709.813
17:07:59;80806.1;0;0;0.091;80806.3;709.845
17:07:59;80806.0;0.015;0;0;80806.2;709.754
17:07:59;80806.1;0;0;0.055;80806.3;709.769
17:07:59;80806.0;0.002;0;0;80806.2;709.714
17:07:58;80806.1;0;0;0.104;80806.3;709.716
17:07:58;80806.0;0.004;0;0;80806.2;709.612
17:07:58;80806.1;0;0;0.102;80806.3;709.616
17:07:58;80806.0;0.132;0;0;80806.2;709.514
17:07:58;80806.1;0;0;0.012;80806.3;709.646
17:07:58;80806.0;0.480;0;0;80806.2;709.634
17:07:57;80806.1;0;0;0.014;80806.3;710.114
17:07:57;80806.0;0.002;0;0;80806.2;710.100
17:07:57;80806.1;0;0;0.015;80806.3;710.102
17:07:56;80820.9;3.965;0;0;80821.1;710.087
17:07:56;80821.0;0;0;0.026;80821.2;714.052
17:07:56;80820.9;0.309;0;0;80821.1;714.026
17:07:56;80821.0;0;0;0.002;80821.2;714.335
17:07:56;80820.9;0.020;0;0;80821.1;714.333
17:07:56;80821.0;0;0;0.035;80821.2;714.353
17:07:56;80820.9;0.013;0;0;80821.1;714.318
17:07:55;80821.0;0;0;0.038;80821.2;714.331
17:07:55;80820.9;0.135;0;0;80821.1;714.293
17:07:55;80821.0;0;0;0.150;80821.2;714.428
17:07:55;80820.9;0.013;0;0;80821.1;714.278
17:07:55;80823.3;0.313;0;0;80823.5;714.291
17:07:55;80823.4;0;0;0.324;80823.6;714.604
17:07:54;80823.3;0.010;0;0;80823.5;714.280
17:07:54;80823.4;0;0;0.172;80823.6;714.290
17:07:53;80830.2;0.963;0;0;80830.4;714.118
17:07:53;80830.3;0;0;0.120;80830.5;715.081
17:07:53;80830.2;0.007;0;0;80830.4;714.961
17:07:53;80830.3;0;0;0.028;80830.5;714.968
17:07:52;80830.2;0.080;0;0;80830.4;714.940
17:07:52;80830.3;0;0;0.003;80830.5;715.020
17:07:52;80830.2;0.123;0;0;80830.4;715.017
17:07:52;80830.3;0;0;0.143;80830.5;715.140
17:07:51;80830.2;0.104;0;0;80830.4;714.997
17:07:51;80830.3;0;0;0.060;80830.5;715.101
17:07:51;80830.2;0.003;0;0;80830.4;715.041
17:07:51;80830.3;0;0;0.065;80830.5;715.044
17:07:50;80830.2;0.161;0;0;80830.4;714.979
17:07:50;80830.3;0;0;0.028;80830.5;715.140
17:07:50;80830.2;0.001;0;0;80830.4;715.112
17:07:49;80830.3;0;0;0.411;80830.5;715.113
17:07:49;80830.2;0.009;0;0;80830.4;714.702
17:07:49;80830.3;0;0;0.006;80830.5;714.711
17:07:49;80839.9;2.154;0;0;80840.1;714.705
17:07:49;80840.0;0;0;0.001;80840.2;716.859
17:07:49;80839.9;0.011;0;0;80840.1;716.858
17:07:48;80840.0;0;0;0.015;80840.2;716.869
17:07:47;80842.9;0.094;0;0;80843.1;716.854
17:07:47;80843.0;0;0;0.001;80843.2;716.948
17:07:47;80845.1;0.064;0;0;80845.3;716.947
17:07:47;80845.2;0;0;0.139;80845.4;717.011
17:07:46;80845.1;0.004;0;0;80845.3;716.872
17:07:46;80845.2;0;0;0.056;80845.4;716.876
17:07:46;80845.1;0.008;0;0;80845.3;716.820
17:07:46;80845.2;0;0;0.040;80845.4;716.828
17:07:46;80845.1;0.602;0;0;80845.3;716.788
17:07:46;80845.2;0;0;0.104;80845.4;717.390
17:07:46;80845.1;0.001;0;0;80845.3;717.286
17:07:46;80845.2;0;0;0.009;80845.4;717.287
17:07:45;80847.2;0.083;0;0;80847.4;717.278
17:07:45;80855.0;1.794;0;0;80855.2;717.361
17:07:45;80855.1;0;0;0.230;80855.3;719.155
17:07:45;80855.0;0.025;0;0;80855.2;718.925
17:07:45;80855.1;0;0;0.058;80855.3;718.950
17:07:45;80855.0;0.037;0;0;80855.2;718.892
17:07:45;80855.1;0;0;0.303;80855.3;718.929
17:07:45;80855.0;0.005;0;0;80855.2;718.626
17:07:45;80855.1;0;0;0.001;80855.3;718.631
17:07:44;80855.9;0.170;0;0;80856.1;718.630
17:07:44;80856.0;0;0;0.001;80856.2;718.800
17:07:44;80857.1;0.204;0;0;80857.3;718.799
17:07:44;80857.2;0;0;0.003;80857.4;719.003
17:07:44;80857.1;0.028;0;0;80857.3;719.000
17:07:44;80857.2;0;0;0.046;80857.4;719.028
17:07:43;80857.1;0.040;0;0;80857.3;718.982
17:07:43;80857.2;0;0;0.002;80857.4;719.022
17:07:43;80857.1;0.001;0;0;80857.3;719.020
17:07:43;80857.2;0;0;0.271;80857.4;719.021
17:07:42;80857.1;0.016;0;0;80857.3;718.750
17:07:42;80857.2;0;0;0.046;80857.4;718.766
17:07:42;80857.1;0.151;0;0;80857.3;718.720
17:07:42;80853.5;0;0;0.047;80853.7;718.871
17:07:42;80853.4;0.010;0;0;80853.6;718.824
17:07:42;80852.0;0;0;1.202;80852.2;718.834
17:07:42;80851.9;0.063;0;0;80852.1;717.632
17:07:41;80852.0;0;0;0.046;80852.2;717.695
17:07:41;80851.9;0.149;0;0;80852.1;717.649
17:07:41;80852.0;0;0;0.001;80852.2;717.798
17:07:40;80851.9;0.008;0;0;80852.1;717.797
17:07:40;80852.0;0;0;0.936;80852.2;717.805
17:07:40;80851.9;0.076;0;0;80852.1;716.869
17:07:40;80852.0;0;0;0.013;80852.2;716.945
17:07:40;80855.0;0.747;0;0;80855.2;716.932
17:07:40;80855.1;0;0;0.006;80855.3;717.679
17:07:39;80855.0;0.012;0;0;80855.2;717.673
17:07:39;80855.1;0;0;0.059;80855.3;717.685
17:07:39;80855.0;0.017;0;0;80855.2;717.626
17:07:39;80855.1;0;0;0.481;80855.3;717.643
17:07:39;80855.0;0.010;0;0;80855.2;717.162
17:07:39;80855.1;0;0;0.007;80855.3;717.172
17:07:39;80855.0;1.597;0;0;80855.2;717.165
17:07:39;80855.1;0;0;0.012;80855.3;718.762
17:07:39;80855.0;0.051;0;0;80855.2;718.750
17:07:38;80855.1;0;0;0.007;80855.3;718.801
17:07:38;80859.7;0.015;0;0;80859.9;718.794
17:07:38;80859.8;0;0;0.001;80860.0;718.809
17:07:38;80860.3;0.503;0;0;80860.5;718.808
17:07:38;80860.4;0;0;0.006;80860.6;719.311
17:07:38;80860.3;1.059;0;0;80860.5;719.305
17:07:38;80857.4;0;0;0.202;80857.6;720.364
17:07:38;80857.3;0.002;0;0;80857.5;720.162
17:07:37;80850.0;0;0;20.052;80850.2;720.164
17:07:37;80849.9;0.048;0;0;80850.1;700.112
17:07:36;80850.0;0;0;0.923;80850.2;700.160
17:07:36;80850.6;0.004;0;0;80850.8;699.237
17:07:36;80850.7;0;0;0.018;80850.9;699.241
17:07:36;80850.8;0.074;0;0;80851.0;699.223
17:07:36;80850.9;0;0;0.055;80851.1;699.297
17:07:36;80850.8;0.111;0;0;80851.0;699.242
17:07:36;80850.9;0;0;0.031;80851.1;699.353
17:07:36;80850.8;0.001;0;0;80851.0;699.322
17:07:36;80850.9;0;0;0.006;80851.1;699.323
17:07:36;80850.8;0.134;0;0;80851.0;699.317
17:07:36;80850.9;0;0;0.015;80851.1;699.451
17:07:35;80850.8;0.002;0;0;80851.0;699.436
17:07:34;80850.9;0;0;0.062;80851.1;699.438
17:07:34;80850.8;0.001;0;0;80851.0;699.376
17:07:34;80850.9;0;0;0.059;80851.1;699.377
17:07:34;80850.8;0.009;0;0;80851.0;699.318
17:07:34;80850.9;0;0;0.416;80851.1;699.327
17:07:34;80850.8;0.035;0;0;80851.0;698.911
17:07:34;80850.9;0;0;0.085;80851.1;698.946
17:07:34;80852.2;0.052;0;0;80852.4;698.861
17:07:33;80852.3;0;0;0.015;80852.5;698.913
17:07:33;80852.5;0.071;0;0;80852.7;698.898
17:07:33;80852.6;0;0;0.008;80852.8;698.969
17:07:33;80859.0;5.850;0;0;80859.2;698.961
17:07:33;80859.1;0;0;0.062;80859.3;704.811
17:07:33;80860.7;0.065;0;0;80860.9;704.749
17:07:33;80860.8;0;0;0.065;80861.0;704.814
17:07:33;80860.7;0.059;0;0;80860.9;704.749
17:07:33;80860.8;0;0;0.019;80861.0;704.808
17:07:32;80861.9;0.008;0;0;80862.1;704.789
17:07:32;80862.0;0;0;0.001;80862.2;704.797
17:07:32;80862.2;0.056;0;0;80862.4;704.796
17:07:32;80862.3;0;0;0.398;80862.5;704.852
17:07:32;80863.6;0.037;0;0;80863.8;704.454
17:07:31;80863.7;0;0;0.034;80863.9;704.491
17:07:31;80866.9;0.069;0;0;80867.1;704.457
17:07:31;80867.0;0;0;0.001;80867.2;704.526
17:07:31;80866.9;0.157;0;0;80867.1;704.525
17:07:30;80863.7;0;0;0.091;80863.9;704.682
17:07:30;80863.6;0.061;0;0;80863.8;704.591
17:07:30;80857.4;0;0;1.071;80857.6;704.652
17:07:30;80857.3;0.001;0;0;80857.5;703.581
17:07:30;80852.2;0;0;2.238;80852.4;703.582
17:07:30;80852.1;0.009;0;0;80852.3;701.344
17:07:30;80852.2;0;0;0.233;80852.4;701.353
17:07:30;80852.1;0.020;0;0;80852.3;701.120
17:07:30;80852.2;0;0;0.088;80852.4;701.140
17:07:29;80852.1;1.008;0;0;80852.3;701.052
17:07:29;80852.2;0;0;0.002;80852.4;702.060
17:07:29;80852.1;0.003;0;0;80852.3;702.058
17:07:29;80852.2;0;0;0.045;80852.4;702.061
17:07:29;80852.1;0.002;0;0;80852.3;702.016
17:07:28;80852.2;0;0;0.099;80852.4;702.018
17:07:28;80854.1;0.621;0;0;80854.3;701.919
17:07:28;80854.2;0;0;0.067;80854.4;702.540
17:07:28;80854.1;0.043;0;0;80854.3;702.473
17:07:27;80854.2;0;0;0.141;80854.4;702.516
17:07:27;80854.1;0.001;0;0;80854.3;702.375
17:07:27;80854.2;0;0;0.694;80854.4;702.376
17:07:27;80854.1;0.022;0;0;80854.3;701.682
17:07:27;80854.2;0;0;0.001;80854.4;701.704
17:07:27;80854.1;0.107;0;0;80854.3;701.703
17:07:27;80854.2;0;0;0.003;80854.4;701.810
17:07:27;80854.1;0.003;0;0;80854.3;701.807
17:07:26;80854.2;0;0;0.553;80854.4;701.810
17:07:26;80854.1;0.006;0;0;80854.3;701.257
17:07:26;80854.2;0;0;1.002;80854.4;701.263
17:07:26;80854.1;0.028;0;0;80854.3;700.261
17:07:26;80854.2;0;0;0.791;80854.4;700.289
17:07:26;80854.1;0.046;0;0;80854.3;699.498
17:07:26;80854.2;0;0;0.018;80854.4;699.544
17:07:25;80854.1;0.002;0;0;80854.3;699.526
17:07:25;80854.2;0;0;0.046;80854.4;699.528
17:07:25;80854.1;0.012;0;0;80854.3;699.482
17:07:25;80854.2;0;0;0.002;80854.4;699.494
17:07:25;80854.1;0.485;0;0;80854.3;699.492
17:07:25;80854.2;0;0;0.005;80854.4;699.977
17:07:25;80854.1;0.001;0;0;80854.3;699.972
17:07:25;80854.2;0;0;0.005;80854.4;699.973
17:07:25;80854.1;0.001;0;0;80854.3;699.968
17:07:24;80854.2;0;0;0.028;80854.4;699.969
17:07:24;80854.1;0.062;0;0;80854.3;699.941
17:07:24;80854.2;0;0;0.001;80854.4;700.003
17:07:24;80857.3;2.777;0;0;80857.5;700.002
17:07:24;80857.4;0;0;0.143;80857.6;702.779
17:07:24;80857.3;0.002;0;0;80857.5;702.636
17:07:24;80857.4;0;0;0.111;80857.6;702.638
17:07:24;80857.3;0.003;0;0;80857.5;702.527
17:07:24;80857.4;0;0;2.986;80857.6;702.530
17:07:23;80857.3;0.001;0;0;80857.5;699.544
17:07:23;80857.4;0;0;0.001;80857.6;699.545
17:07:23;80859.9;0.691;0;0;80860.1;699.544
17:07:23;80860.0;0;0;0.028;80860.2;700.235
17:07:23;80860.9;0.033;0;0;80861.1;700.207
17:07:23;80861.3;0;0;1.435;80861.5;700.240
17:07:23;80866.9;0.173;0;0;80867.1;698.805
17:07:22;80867.0;0;0;0.153;80867.2;698.978
17:07:22;80866.9;0.009;0;0;80867.1;698.825
17:07:22;80867.0;0;0;0.215;80867.2;698.834
17:07:22;80866.9;0.009;0;0;80867.1;698.619
17:07:22;80867.0;0;0;0.032;80867.2;698.628
17:07:22;80866.9;0.028;0;0;80867.1;698.596
17:07:21;80867.0;0;0;0.044;80867.2;698.624
17:07:21;80866.9;0.254;0;0;80867.1;698.580
17:07:21;80867.0;0;0;0.231;80867.2;698.834
17:07:21;80866.9;0.346;0;0;80867.1;698.603
17:07:21;80867.0;0;0;0.004;80867.2;698.949
17:07:21;80867.9;0.021;0;0;80868.1;698.945
17:07:21;80868.0;0;0;0.001;80868.2;698.966
17:07:21;80868.8;3.658;0;0;80869.0;698.965
17:07:20;80868.9;0;0;0.100;80869.1;702.623
17:07:20;80868.8;0.010;0;0;80869.0;702.523
17:07:20;80868.9;0;0;0.016;80869.1;702.533
17:07:20;80868.8;0.010;0;0;80869.0;702.517
17:07:19;80868.9;0;0;1.184;80869.1;702.527
17:07:19;80868.8;0.005;0;0;80869.0;701.343
17:07:19;80868.9;0;0;0.008;80869.1;701.348
17:07:19;80868.8;0.265;0;0;80869.0;701.340
17:07:19;80868.9;0;0;0.012;80869.1;701.605
17:07:19;80868.8;0.237;0;0;80869.0;701.593
17:07:19;80868.9;0;0;0.001;80869.1;701.830
17:07:19;80868.8;0.382;0;0;80869.0;701.829
17:07:19;80868.9;0;0;0.005;80869.1;702.211
17:07:19;80868.8;1.217;0;0;80869.0;702.206
17:07:19;80868.9;0;0;1.184;80869.1;703.423
17:07:18;80868.8;0.008;0;0;80869.0;702.239
17:07:18;80868.9;0;0;0.084;80869.1;702.247
17:07:18;80868.8;0.008;0;0;80869.0;702.163
17:07:18;80862.5;0;0;2.021;80862.7;702.171
17:07:17;80862.4;0.004;0;0;80862.6;700.150
17:07:17;80860.9;0;0;0.707;80861.1;700.154
17:07:17;80860.8;0.002;0;0;80861.0;699.447
17:07:17;80860.9;0;0;0.640;80861.1;699.449
17:07:17;80862.4;0.089;0;0;80862.6;698.809
17:07:17;80862.5;0;0;0.080;80862.7;698.898
17:07:16;80862.4;0.491;0;0;80862.6;698.818
17:07:16;80862.5;0;0;0.115;80862.7;699.309
17:07:16;80864.5;0.084;0;0;80864.7;699.194
17:07:16;80864.6;0;0;0.001;80864.8;699.278
17:07:16;80864.5;0.030;0;0;80864.7;699.277
17:07:16;80864.6;0;0;0.001;80864.8;699.307
17:07:16;80864.9;0.006;0;0;80865.1;699.306
17:07:16;80865.0;0;0;0.001;80865.2;699.312
17:07:16;80866.9;0.030;0;0;80867.1;699.311
17:07:16;80867.0;0;0;0.001;80867.2;699.341
17:07:16;80868.4;0.022;0;0;80868.6;699.340
17:07:16;80868.5;0;0;0.001;80868.7;699.362
17:07:16;80868.8;0.059;0;0;80869.0;699.361
17:07:16;80868.9;0;0;0.064;80869.1;699.420
17:07:16;80868.8;0.160;0;0;80869.0;699.356
17:07:16;80868.9;0;0;0.002;80869.1;699.516
17:07:16;80868.8;0.008;0;0;80869.0;699.514
17:07:16;80868.9;0;0;0.187;80869.1;699.522
17:07:16;80868.8;0.146;0;0;80869.0;699.335
17:07:16;80868.9;0;0;0.029;80869.1;699.481
17:07:16;80868.8;0.002;0;0;80869.0;699.452
17:07:15;80868.9;0;0;0.034;80869.1;699.454
17:07:15;80873.6;0.514;0;0;80873.8;699.420
17:07:15;80873.7;0;0;4.590;80873.9;699.934
17:07:15;80873.6;0.006;0;0;80873.8;695.344
17:07:15;80873.7;0;0;0.001;80873.9;695.350
17:07:15;80873.6;0.037;0;0;80873.8;695.349
17:07:15;80873.7;0;0;0.316;80873.9;695.386
17:07:14;80873.6;0.038;0;0;80873.8;695.070
17:07:14;80873.7;0;0;1.306;80873.9;695.108
17:07:14;80873.6;0.026;0;0;80873.8;693.802
17:07:14;80873.7;0;0;1.391;80873.9;693.828
17:07:14;80873.6;0.001;0;0;80873.8;692.437
17:07:14;80873.7;0;0;0.061;80873.9;692.438
17:07:14;80873.6;0.001;0;0;80873.8;692.377
17:07:13;80873.7;0;0;6.576;80873.9;692.378
17:07:13;80874.5;0.018;0;0;80874.7;685.802
17:07:13;80874.6;0;0;0.001;80874.8;685.820
17:07:13;80874.7;0.027;0;0;80874.9;685.819
17:07:13;80874.8;0;0;0.001;80875.0;685.846
17:07:13;80875.6;0.022;0;0;80875.8;685.845
17:07:13;80875.7;0;0;0.001;80875.9;685.867
17:07:13;80876.1;0.003;0;0;80876.3;685.866
17:07:13;80876.2;0;0;0.001;80876.4;685.869
17:07:13;80877.1;0.009;0;0;80877.3;685.868
17:07:13;80877.2;0;0;0.001;80877.4;685.877
17:07:13;80878.3;0.018;0;0;80878.5;685.876
17:07:13;80878.4;0;0;0.001;80878.6;685.894
17:07:13;80878.3;0.018;0;0;80878.5;685.893
17:07:13;80878.5;0;0;3.000;80878.7;685.911
17:07:13;80878.4;4.829;0;0;80878.6;682.911
17:07:13;80878.5;0;0;0.165;80878.7;687.740
17:07:13;80878.4;0.011;0;0;80878.6;687.575
17:07:13;80878.5;0;0;0.804;80878.7;687.586
17:07:13;80878.4;0.005;0;0;80878.6;686.782
17:07:13;80878.5;0;0;0.100;80878.7;686.787
17:07:12;80878.4;0.008;0;0;80878.6;686.687
17:07:12;80873.7;0;0;0.271;80873.9;686.695
17:07:12;80873.6;0.001;0;0;80873.8;686.424
17:07:12;80873.7;0;0;0.021;80873.9;686.425
17:07:12;80873.6;0.001;0;0;80873.8;686.404
17:07:12;80873.7;0;0;0.044;80873.9;686.405
17:07:12;80873.6;0.001;0;0;80873.8;686.361
17:07:11;80871.5;0;0;10.348;80871.7;686.362
17:07:11;80871.4;0.001;0;0;80871.6;676.014
17:07:11;80871.5;0;0;0.031;80871.7;676.015
17:07:11;80871.4;0.022;0;0;80871.6;675.984
17:07:11;80871.5;0;0;0.198;80871.7;676.006
17:07:11;80871.4;0.024;0;0;80871.6;675.808
17:07:11;80871.5;0;0;0.102;80871.7;675.832
17:07:11;80871.4;0.129;0;0;80871.6;675.730
17:07:11;80871.5;0;0;0.050;80871.7;675.859
17:07:11;80871.4;0.020;0;0;80871.6;675.809
17:07:11;80871.5;0;0;0.019;80871.7;675.829
17:07:11;80871.4;0.228;0;0;80871.6;675.810
17:07:10;80871.5;0;0;0.048;80871.7;676.038
17:07:10;80876.0;0.284;0;0;80876.2;675.990
17:07:10;80876.1;0;0;0.194;80876.3;676.274
17:07:10;80876.0;0.001;0;0;80876.2;676.080
17:07:10;80876.1;0;0;0.167;80876.3;676.081
17:07:10;80876.0;0.001;0;0;80876.2;675.914
17:07:10;80876.1;0;0;0.011;80876.3;675.915
17:07:10;80876.0;0.003;0;0;80876.2;675.904
17:07:10;80876.1;0;0;0.023;80876.3;675.907
17:07:10;80876.0;0.015;0;0;80876.2;675.884
17:07:10;80876.1;0;0;0.006;80876.3;675.899
17:07:10;80876.0;0.093;0;0;80876.2;675.893
17:07:10;80876.1;0;0;0.001;80876.3;675.986
17:07:10;80876.0;0.002;0;0;80876.2;675.985
17:07:10;80876.1;0;0;0.060;80876.3;675.987
17:07:10;80876.0;0.001;0;0;80876.2;675.927
17:07:10;80876.1;0;0;0.500;80876.3;675.928
17:07:10;80876.0;0.001;0;0;80876.2;675.428
17:07:10;80876.1;0;0;0.009;80876.3;675.429
17:07:10;80876.0;0.023;0;0;80876.2;675.420
17:07:10;80876.1;0;0;0.001;80876.3;675.443
17:07:10;80876.0;0.002;0;0;80876.2;675.442
17:07:10;80876.1;0;0;0.237;80876.3;675.444
17:07:10;80876.0;0.011;0;0;80876.2;675.207
17:07:10;80876.1;0;0;0.051;80876.3;675.218
17:07:10;80877.2;0.440;0;0;80877.4;675.167
17:07:10;80877.3;0;0;0.181;80877.5;675.607
17:07:10;80878.4;0.714;0;0;80878.6;675.426
17:07:10;80878.5;0;0;0.023;80878.7;676.140
17:07:10;80878.4;0.012;0;0;80878.6;676.117
17:07:10;80878.5;0;0;0.233;80878.7;676.129
17:07:10;80878.4;0.012;0;0;80878.6;675.896
17:07:10;80878.5;0;0;0.106;80878.7;675.908
17:07:10;80882.7;0.539;0;0;80882.9;675.802
17:07:10;80882.8;0;0;0.211;80883.0;676.341
17:07:10;80884.1;0.127;0;0;80884.3;676.130
17:07:10;80884.2;0;0;1.648;80884.4;676.257
17:07:10;80884.1;0.013;0;0;80884.3;674.609
17:07:09;80884.2;0;0;0.229;80884.4;674.622
17:07:09;80884.1;0.100;0;0;80884.3;674.393
17:07:09;80884.2;0;0;0.024;80884.4;674.493
17:07:09;80888.1;0.336;0;0;80888.3;674.469
17:07:09;80888.2;0;0;0.022;80888.4;674.805
17:07:09;80890.7;0.103;0;0;80890.9;674.783
17:07:09;80890.8;0;0;0.019;80891.0;674.886
17:07:09;80890.7;0.123;0;0;80890.9;674.867
17:07:09;80890.8;0;0;0.001;80891.0;674.990
17:07:09;80892.1;0.044;0;0;80892.3;674.989
17:07:09;80892.2;0;0;0.001;80892.4;675.033
17:07:09;80895.6;1.137;0;0;80895.8;675.032
17:07:09;80895.7;0;0;0.011;80895.9;676.169
17:07:09;80896.6;0.054;0;0;80896.8;676.158
17:07:09;80896.8;0;0;0.001;80897.0;676.212
17:07:09;80897.9;0.110;0;0;80898.1;676.211
17:07:09;80898.0;0;0;0.001;80898.2;676.321
17:07:09;80899.8;0.016;0;0;80900.0;676.320
17:07:08;80899.9;0.417;0;0.001;80900.1;676.336
17:07:08;80900.6;0;0;0.075;80900.8;676.752
17:07:08;80899.9;0.012;0;0;80900.1;676.677
17:07:08;80900.6;0;0;0.003;80900.8;676.689
17:07:08;80899.9;0.480;0;0;80900.1;676.686
17:07:08;80898.7;0;0;0.365;80898.9;677.166
17:07:08;80906.9;0;0;0.030;80907.1;676.801
17:07:08;80896.6;0.001;0;0;80896.8;676.771
17:07:08;80906.9;0;0;0.030;80907.1;676.772
17:07:08;80896.6;0.080;0;0;80896.8;676.742
17:07:08;80901.2;0;0;0.658;80901.4;676.822
17:07:08;80896.6;0.020;0;0;80896.8;676.164
17:07:08;80897.9;0;0;0.502;80898.1;676.184
17:07:08;80906.9;0;0;0.011;80907.1;675.682
17:07:08;80894.9;0.012;0;0;80895.1;675.671
17:07:08;80906.9;0;0;0.139;80907.1;675.683
17:07:08;80905.8;2.508;0;0;80906.0;675.544
17:07:08;80906.9;0;0;0.246;80907.1;678.052
17:07:08;80905.8;0.003;0;0;80906.0;677.806
17:07:08;80906.9;0;0;0.002;80907.1;677.809
17:07:08;80905.8;0.006;0;0;80906.0;677.807
17:07:08;80906.4;0;0;0.244;80906.6;677.813
17:07:08;80905.8;0.032;0;0;80906.0;677.569
17:07:08;80906.4;0;0;0.030;80906.6;677.601
17:07:08;80909.9;0;0;0.082;80910.1;677.571
17:07:08;80901.4;0.025;0;0;80901.6;677.489
17:07:08;80909.9;0;0;0.260;80910.1;677.514
17:07:08;80901.4;0.008;0;0;80901.6;677.254
17:07:08;80899.9;0;0;13.347;80900.1;677.262
17:07:08;80895.6;0.145;0;0;80895.8;663.915
17:07:08;80899.1;0;0;0.770;80899.3;664.060
17:07:08;80895.6;0.006;0;0;80895.8;663.290
17:07:08;80899.1;0;0;0.710;80899.3;663.296
17:07:08;80899.0;0.004;0;0;80899.2;662.586
17:07:08;80896.8;1.562;0;0;80897.0;662.590
17:07:08;80899.1;0;0;0.503;80899.3;664.152
17:07:08;80896.8;0.003;0;0;80897.0;663.649
17:07:08;80897.4;0;0;0.002;80897.6;663.652
17:07:08;80899.1;0;0;0.211;80899.3;663.650
17:07:08;80888.4;0.010;0;0;80888.6;663.439
17:07:08;80898.7;0;0;1.133;80898.9;663.449
17:07:08;80895.8;0.100;0;0;80896.0;662.316
17:07:08;80896.1;0;0;0.001;80896.3;662.416
17:07:08;80893.5;0;0;0.075;80893.7;662.415
17:07:08;80894.8;0;0;0.081;80895.0;662.340
17:07:08;80888.4;0.011;0;0;80888.6;662.259
17:07:08;80898.5;0;0;0.553;80898.7;662.270
17:07:08;80888.4;0.019;0;0;80888.6;661.717
17:07:08;80898.5;0;0;1.055;80898.7;661.736
17:07:08;80889.0;12.548;0;0;80889.2;660.681
17:07:08;80898.5;0;0;0.035;80898.7;673.229
17:07:08;80889.0;0.196;0;0;80889.2;673.194
17:07:08;80898.5;0;0;0.406;80898.7;673.390
17:07:08;80889.0;0.001;0;0;80889.2;672.984
17:07:08;80898.5;0;0;0.006;80898.7;672.985
17:07:08;80889.3;2.792;0;0;80889.5;672.979
17:07:08;80898.5;0;0;0.201;80898.7;675.771
17:07:08;80889.3;0.034;0;0;80889.5;675.570
17:07:08;80898.5;0;0;0.014;80898.7;675.604
17:07:08;80889.3;0.002;0;0;80889.5;675.590
17:07:08;80898.5;0;0;0.032;80898.7;675.592
17:07:08;80892.6;0.684;0;0;80892.8;675.560
17:07:08;80898.5;0;0;0.487;80898.7;676.244
17:07:08;80892.6;0.005;0;0;80892.8;675.757
17:07:08;80896.1;0;0;2.002;80896.3;675.762
17:07:08;80891.6;0.500;0;0;80891.8;673.760
17:07:08;80889.4;0.019;0;0;80889.6;674.260
17:07:08;80896.1;0;0;0.060;80896.3;674.279
17:07:08;80889.4;0.010;0;0;80889.6;674.219
17:07:08;80892.2;0;0;0.901;80892.4;674.229
17:07:08;80889.4;0.001;0;0;80889.6;673.328
17:07:08;80892.2;0;0;0.103;80892.4;673.329
17:07:08;80889.4;0.010;0;0;80889.6;673.226
17:07:08;80892.2;0;0;0.150;80892.4;673.236
17:07:08;80889.4;0.001;0;0;80889.6;673.086
17:07:08;80892.2;0;0;0.025;80892.4;673.087
17:07:08;80890.0;1.869;0;0;80890.2;673.062
17:07:08;80892.2;0;0;0.132;80892.4;674.931
17:07:08;80890.0;0.007;0;0;80890.2;674.799
17:07:08;80892.2;0;0;0.011;80892.4;674.806
17:07:08;80890.0;0.002;0;0;80890.2;674.795
17:07:08;80891.1;0;0;1.400;80891.3;674.797
17:07:08;80890.0;0.024;0;0;80890.2;673.397
17:07:08;80891.1;0;0;0.456;80891.3;673.421
17:07:08;80890.0;0.314;0;0;80890.2;672.965
17:07:08;80890.9;0;0;1.091;80891.1;673.279
17:07:08;80890.0;0.083;0;0;80890.2;672.188
17:07:08;80890.9;0;0;0.089;80891.1;672.271
17:07:08;80890.0;0.029;0;0;80890.2;672.182
17:07:08;80890.9;0;0;0.310;80891.1;672.211
17:07:08;80890.4;0.032;0;0;80890.6;671.901
17:07:08;80890.9;0;0;0.015;80891.1;671.933
17:07:08;80890.0;0.100;0;0;80890.2;671.918
17:07:08;80890.9;0;0;0.578;80891.1;672.018
17:07:08;80890.7;1.241;0;0;80890.9;671.440
17:07:08;80890.9;0;0;0.055;80891.1;672.681
17:07:08;80890.7;0.057;0;0;80890.9;672.626
17:07:08;80890.9;0;0;0.855;80891.1;672.683
17:07:08;80890.7;0.004;0;0;80890.9;671.828
17:07:08;80890.9;0;0;0.029;80891.1;671.832
17:07:08;80890.7;0.004;0;0;80890.9;671.803
17:07:08;80890.9;0;0;0.006;80891.1;671.807
17:07:08;80890.7;0.005;0;0;80890.9;671.801
17:07:08;80890.9;0;0;0.210;80891.1;671.806
17:07:08;80890.7;0.006;0;0;80890.9;671.596
17:07:08;80890.9;0;0;0.729;80891.1;671.602
17:07:08;80890.0;1.550;0;0;80890.2;670.873
17:07:08;80890.9;0;0;0.773;80891.1;672.423
17:07:08;80890.0;0.947;0;0;80890.2;671.650
17:07:08;80890.9;0;0;0.006;80891.1;672.597
17:07:08;80890.0;0.061;0;0;80890.2;672.591
17:07:08;80890.9;0;0;0.010;80891.1;672.652
17:07:08;80890.0;0.018;0;0;80890.2;672.642
17:07:08;80890.9;0;0;0.060;80891.1;672.660
17:07:08;80891.1;0;0;0.208;80891.3;672.600
17:07:08;80890.0;0.004;0;0;80890.2;672.392
17:07:08;80891.1;0;0;0.158;80891.3;672.396
17:07:08;80890.0;0.003;0;0;80890.2;672.238
17:07:08;80891.1;0;0;0.586;80891.3;672.241
17:07:08;80890.0;0.037;0;0;80890.2;671.655
17:07:08;80889.9;0.090;0;0;80890.1;671.692
17:07:08;80889.8;0;0;0.256;80890.0;671.782
17:07:08;80909.9;0;0;0.261;80910.1;671.526
17:07:08;80885.9;0.950;0;0;80886.1;671.265
17:07:08;80909.9;0;0;0.006;80910.1;672.215
17:07:08;80885.9;0.050;0;0;80886.1;672.209
17:07:08;80909.9;0;0;2.599;80910.1;672.259
17:07:08;80885.9;0.006;0;0;80886.1;669.660
17:07:08;80882.8;0;0;96.732;80883.0;669.666
17:07:08;80882.7;0.023;0;0;80882.9;572.934
17:07:08;80882.8;0;0;1.187;80883.0;572.957
17:07:08;80882.7;4.364;0;0;80882.9;571.770
17:07:08;80882.8;0;0;0.006;80883.0;576.134
17:07:08;80882.7;0.003;0;0;80882.9;576.128
17:07:08;80882.8;0;0;0.703;80883.0;576.131
17:07:08;80882.7;0.033;0;0;80882.9;575.428
17:07:08;80882.8;0;0;0.001;80883.0;575.461
17:07:08;80882.7;0.098;0;0;80882.9;575.460
17:07:08;80882.8;0;0;0.012;80883.0;575.558
17:07:08;80882.7;0.023;0;0;80882.9;575.546
17:07:08;80882.8;0;0;0.358;80883.0;575.569
17:07:08;80882.7;0.016;0;0;80882.9;575.211
17:07:08;80882.8;0;0;0.090;80883.0;575.227
17:07:08;80881.3;0;0;11.685;80881.5;575.137
17:07:08;80881.2;0.069;0;0;80881.4;563.452
17:07:08;80881.0;0;0;0.516;80881.2;563.521
17:07:08;80877.0;0.002;0;0;80877.2;563.005
17:07:08;80881.0;0;0;0.003;80881.2;563.007
17:07:08;80877.0;0.002;0;0;80877.2;563.004
17:07:08;80881.0;0;0;0.056;80881.2;563.006
17:07:08;80877.0;0.163;0;0;80877.2;562.950
17:07:08;80881.0;0;0;0.001;80881.2;563.113
17:07:08;80877.0;0.124;0;0;80877.2;563.112
17:07:08;80878.3;0;0;0.161;80878.5;563.236
17:07:08;80877.9;0;0;2.671;80878.1;563.075
17:07:08;80874.0;0.003;0;0;80874.2;560.404
17:07:08;80871.9;0;0;5.183;80872.1;560.407
17:07:08;80871.8;0.001;0;0;80872.0;555.224
17:07:08;80871.9;0;0;0.128;80872.1;555.225
17:07:08;80870.4;0.001;0;0;80870.6;555.097
17:07:08;80871.8;0;0;0.083;80872.0;555.098
17:07:08;80870.4;0.001;0;0;80870.6;555.015
17:07:08;80870.5;0;0;0.459;80870.7;555.016
17:07:08;80870.3;0.002;0;0;80870.5;554.557
17:07:08;80869.0;0;0;0.651;80869.2;554.559
17:07:08;80865.9;0;0;0.100;80866.1;553.908
17:07:08;80849.9;0;0;12.798;80850.1;553.808
17:07:08;80849.8;0.003;0;0;80850.0;541.010
17:07:08;80849.9;0;0;0.085;80850.1;541.013
17:07:08;80849.8;0.038;0;0;80850.0;540.928
17:07:08;80849.9;0;0;0.001;80850.1;540.966
17:07:08;80849.8;0.002;0;0;80850.0;540.965
17:07:08;80845.1;0;0;0.276;80845.3;540.967
17:07:08;80845.0;0.012;0;0;80845.2;540.691
17:07:08;80845.1;0;0;1.003;80845.3;540.703
17:07:08;80845.0;0.934;0;0;80845.2;539.700
17:07:07;80845.1;0;0;0.001;80845.3;540.634
17:07:07;80845.0;0.012;0;0;80845.2;540.633
17:07:07;80845.1;0;0;0.012;80845.3;540.645
17:07:07;80845.0;0.969;0;0;80845.2;540.633
17:07:07;80845.1;0;0;0.225;80845.3;541.602
17:07:07;80845.0;0.014;0;0;80845.2;541.377
17:07:07;80845.1;0;0;0.222;80845.3;541.391
17:07:06;80845.0;0.001;0;0;80845.2;541.169
17:07:06;80845.1;0;0;0.042;80845.3;541.170
17:07:06;80844.9;0.001;0;0;80845.1;541.128
17:07:06;80845.1;0;0;0.001;80845.3;541.129
17:07:06;80829.9;0;0;24.749;80830.1;541.128
17:07:06;80829.8;0.420;0;0;80830.0;516.379
17:07:06;80828.0;0;0;0.057;80828.2;516.799
17:07:06;80827.9;0.012;0;0;80828.1;516.742
17:07:06;80828.0;0;0;0.020;80828.2;516.754
17:07:05;80827.9;0.073;0;0;80828.1;516.734
17:07:05;80828.0;0;0;0.022;80828.2;516.807
17:07:05;80827.9;0.004;0;0;80828.1;516.785
17:07:05;80821.7;0;0;0.503;80821.9;516.789
17:07:05;80821.6;0.001;0;0;80821.8;516.286
17:07:05;80819.4;0;0;0.202;80819.6;516.287
17:07:04;80819.3;0.055;0;0;80819.5;516.085
17:07:04;80819.4;0;0;0.001;80819.6;516.140
17:07:04;80819.3;0.002;0;0;80819.5;516.139
17:07:04;80819.4;0;0;0.062;80819.6;516.141
17:07:04;80819.3;0.012;0;0;80819.5;516.079
17:07:04;80819.4;0;0;0.010;80819.6;516.091
17:07:03;80819.3;0.024;0;0;80819.5;516.081
17:07:03;80819.4;0;0;0.105;80819.6;516.105
17:07:02;80819.3;0.168;0;0;80819.5;516.000
17:07:02;80819.4;0;0;0.013;80819.6;516.168
17:07:01;80819.3;0.043;0;0;80819.5;516.155
17:07:01;80814.7;0;0;0.623;80814.9;516.198
17:07:01;80814.6;0.004;0;0;80814.8;515.575
17:07:00;80814.4;0;0;0.252;80814.6;515.579
17:07:00;80814.3;0.017;0;0;80814.5;515.327
17:07:00;80814.1;0;0;0.074;80814.3;515.344
17:07:00;80814.0;0.005;0;0;80814.2;515.270
17:07:00;80811.1;0;0;0.087;80811.3;515.275
17:07:00;80811.0;0.003;0;0;80811.2;515.188
17:07:00;80811.1;0;0;0.006;80811.3;515.191
17:07:00;80811.0;0.032;0;0;80811.2;515.185
17:06:59;80808.0;0;0;0.040;80808.2;515.217
17:06:59;80807.9;0.002;0;0;80808.1;515.177
17:06:58;80799.9;0;0;3.110;80800.1;515.179
17:06:58;80799.8;0.011;0;0;80800.0;512.069
17:06:58;80796.7;0;0;0.821;80796.9;512.080
17:06:57;80796.6;0.109;0;0;80796.8;511.259
17:06:57;80796.7;0;0;0.116;80796.9;511.368
17:06:56;80796.6;0.004;0;0;80796.8;511.252
17:06:55;80796.7;0;0;0.710;80796.9;511.256
17:06:55;80796.6;0.118;0;0;80796.8;510.546
17:06:55;80796.7;0;0;0.003;80796.9;510.664
17:06:55;80796.6;0.002;0;0;80796.8;510.661
17:06:55;80796.7;0;0;0.430;80796.9;510.663
17:06:55;80796.6;0.266;0;0;80796.8;510.233
17:06:54;80796.7;0;0;1.020;80796.9;510.499
17:06:54;80796.6;0.005;0;0;80796.8;509.479
17:06:54;80796.7;0;0;0.030;80796.9;509.484
17:06:54;80797.7;0.068;0;0;80797.9;509.454
17:06:53;80797.8;0;0;0.014;80798.0;509.522
17:06:53;80799.8;0.181;0;0;80800.0;509.508
17:06:53;80799.9;0;0;0.002;80800.1;509.689
17:06:53;80799.8;0.099;0;0;80800.0;509.687
17:06:52;80799.9;0;0;0.351;80800.1;509.786
17:06:52;80799.8;0.210;0;0;80800.0;509.435
17:06:52;80789.2;0;0;1.039;80789.4;509.645
17:06:52;80789.1;0.071;0;0;80789.3;508.606
17:06:51;80785.6;0;0;0.039;80785.8;508.677
17:06:51;80785.5;0.092;0;0;80785.7;508.638
17:06:51;80785.6;0;0;0.031;80785.8;508.730
17:06:51;80785.5;0.010;0;0;80785.7;508.699
17:06:51;80785.6;0;0;0.047;80785.8;508.709
17:06:50;80785.5;0.343;0;0;80785.7;508.662
17:06:50;80785.6;0;0;0.204;80785.8;509.005
17:06:49;80789.1;5.092;0;0;80789.3;508.801
17:06:49;80789.2;0;0;0.050;80789.4;513.893
17:06:49;80789.1;0.003;0;0;80789.3;513.843
17:06:49;80789.2;0;0;0.006;80789.4;513.846
17:06:49;80789.1;0.260;0;0;80789.3;513.840
17:06:49;80789.2;0;0;0.010;80789.4;514.100
17:06:48;80789.1;0.015;0;0;80789.3;514.090
17:06:48;80789.2;0;0;0.004;80789.4;514.105
17:06:48;80789.1;0.006;0;0;80789.3;514.101
17:06:47;80789.2;0;0;0.008;80789.4;514.107
17:06:47;80789.1;0.010;0;0;80789.3;514.099
17:06:47;80773.3;0;0;0.251;80773.5;514.109
17:06:47;80773.2;0.001;0;0;80773.4;513.858
17:06:47;80771.6;0;0;5.374;80771.8;513.859
17:06:47;80771.5;0.009;0;0;80771.7;508.485
17:06:46;80771.6;0;0;0.061;80771.8;508.494
17:06:46;80771.5;0.003;0;0;80771.7;508.433
17:06:46;80771.6;0;0;0.011;80771.8;508.436
17:06:46;80771.5;0.058;0;0;80771.7;508.425
17:06:46;80771.6;0;0;0.109;80771.8;508.483
17:06:46;80771.5;0.031;0;0;80771.7;508.374
17:06:46;80776.9;0.674;0;0;80777.1;508.405
17:06:46;80777.0;0;0;0.076;80777.2;509.079
17:06:45;80777.1;0.001;0;0;80777.3;509.003
17:06:45;80777.2;0;0;0.025;80777.4;509.004
17:06:45;80778.2;0.015;0;0;80778.4;508.979
17:06:45;80778.3;0;0;0.001;80778.5;508.994
17:06:45;80779.6;0.029;0;0;80779.8;508.993
17:06:45;80783.7;0.314;0;0;80783.9;509.022
17:06:45;80783.8;0;0;0.002;80784.0;509.336
17:06:45;80783.7;0.001;0;0;80783.9;509.334
17:06:44;80783.8;0;0;0.251;80784.0;509.335
17:06:44;80784.1;0.006;0;0;80784.3;509.084
17:06:44;80784.3;0.043;0;0;80784.5;509.090
17:06:44;80784.4;0;0;0.737;80784.6;509.133
17:06:44;80784.9;0.164;0;0;80785.1;508.396
17:06:44;80785.0;0;0;0.622;80785.2;508.560
17:06:43;80784.9;0.008;0;0;80785.1;507.938
17:06:43;80785.0;0;0;0.001;80785.2;507.946
17:06:43;80784.9;0.019;0;0;80785.1;507.945
17:06:42;80785.2;1.451;0;0;80785.4;507.964
17:06:42;80785.3;0;0;0.010;80785.5;509.415
17:06:42;80785.2;0.067;0;0;80785.4;509.405
17:06:42;80785.1;0.003;0;0;80785.3;509.472
17:06:42;80785.0;0.210;0;0;80785.2;509.475
17:06:42;80784.9;0.020;0;0;80785.1;509.685
17:06:42;80787.4;0;0;0.003;80787.6;509.705
17:06:42;80787.3;1.058;0;0;80787.5;509.702
17:06:42;80787.4;0;0;0.001;80787.6;510.760
17:06:42;80799.9;13.499;0;0;80800.1;510.759
17:06:42;80800.0;0;0;0.003;80800.2;524.258
17:06:41;80799.9;0.055;0;0;80800.1;524.255
17:06:41;80800.0;0;0;0.001;80800.2;524.310
17:06:41;80801.9;0.006;0;0;80802.1;524.309
17:06:41;80802.0;0;0;0.001;80802.2;524.315
17:06:41;80804.0;0.162;0;0;80804.2;524.314
17:06:40;80804.1;0;0;0.249;80804.3;524.476
17:06:40;80804.0;0.558;0;0;80804.2;524.227
17:06:40;80799.9;0;0;0.437;80800.1;524.785
17:06:40;80799.8;0.001;0;0;80800.0;524.348
17:06:40;80796.7;0;0;0.888;80796.9;524.349
17:06:39;80796.6;0.751;0;0;80796.8;523.461
17:06:39;80796.7;0;0;0.002;80796.9;524.212
17:06:38;80796.6;0.372;0;0;80796.8;524.210
17:06:38;80796.7;0;0;0.003;80796.9;524.582
17:06:38;80796.6;0.015;0;0;80796.8;524.579
17:06:38;80796.7;0;0;0.429;80796.9;524.594
17:06:38;80800.5;0.568;0;0;80800.7;524.165
17:06:37;80800.6;0;0;0.400;80800.8;524.733
17:06:37;80804.0;0.417;0;0;80804.2;524.333
17:06:37;80804.1;0;0;0.035;80804.3;524.750
17:06:37;80804.0;0.090;0;0;80804.2;524.715
17:06:36;80804.1;0;0;0.112;80804.3;524.805
17:06:36;80804.0;0.190;0;0;80804.2;524.693
17:06:36;80804.1;0;0;0.003;80804.3;524.883
17:06:36;80804.0;0.876;0;0;80804.2;524.880
17:06:36;80804.1;0;0;0.037;80804.3;525.756
17:06:35;80804.0;0.131;0;0;80804.2;525.719
17:06:35;80804.1;0;0;0.001;80804.3;525.850
17:06:35;80804.0;0.010;0;0;80804.2;525.849
17:06:35;80804.1;0;0;2.000;80804.3;525.859
17:06:35;80804.0;0.673;0;0;80804.2;523.859
17:06:35;80804.1;0;0;0.255;80804.3;524.532
17:06:34;80804.0;0.024;0;0;80804.2;524.277
17:06:34;80804.1;0;0;1.838;80804.3;524.301
17:06:34;80814.4;0.271;0;0;80814.6;522.463
17:06:33;80814.5;5.080;0;0.001;80814.7;522.734
17:06:33;80814.6;0;0;0.001;80814.8;527.813
17:06:33;80814.5;0.009;0;0;80814.7;527.812
17:06:32;80814.6;0;0;0.268;80814.8;527.821
17:06:32;80814.5;0.007;0;0;80814.7;527.553
17:06:32;80814.6;0;0;0.023;80814.8;527.560
17:06:32;80814.5;0.188;0;0;80814.7;527.537
17:06:31;80814.6;0;0;0.128;80814.8;527.725
17:06:31;80814.5;0.024;0;0;80814.7;527.597
17:06:31;80814.6;0;0;0.066;80814.8;527.621
17:06:31;80814.5;1.083;0;0;80814.7;527.555
17:06:31;80814.6;0;0;0.429;80814.8;528.638
17:06:30;80814.5;0.406;0;0;80814.7;528.209
17:06:30;80814.6;0;0;0.320;80814.8;528.615
17:06:30;80814.5;0.012;0;0;80814.7;528.295
17:06:30;80814.6;0;0;0.272;80814.8;528.307
17:06:30;80814.5;0.003;0;0;80814.7;528.035
17:06:30;80814.6;0;0;0.003;80814.8;528.038
17:06:30;80818.0;2.229;0;0;80818.2;528.035
17:06:29;80818.1;0;0;0.794;80818.3;530.264
17:06:29;80818.0;0.055;0;0;80818.2;529.470
17:06:29;80818.1;0;0;0.024;80818.3;529.525
17:06:29;80818.0;0.048;0;0;80818.2;529.501
17:06:29;80818.1;0;0;0.005;80818.3;529.549
17:06:29;80820.4;0.940;0;0;80820.6;529.544
17:06:29;80820.5;0;0;0.521;80820.7;530.484
17:06:29;80824.5;1.144;0;0;80824.7;529.963
17:06:29;80824.6;0;0;0.264;80824.8;531.107
17:06:29;80830.6;0.904;0;0;80830.8;530.843
17:06:28;80830.7;0;0;0.004;80830.9;531.747
17:06:28;80830.6;0.194;0;0;80830.8;531.743
17:06:28;80830.7;0;0;0.629;80830.9;531.937
17:06:28;80830.6;0.012;0;0;80830.8;531.308
17:06:27;80830.7;0;0;2.033;80830.9;531.320
17:06:27;80830.6;0.003;0;0;80830.8;529.287
17:06:27;80830.7;0;0;0.004;80830.9;529.290
17:06:27;80833.4;0.218;0;0;80833.6;529.286
17:06:27;80833.5;0;0;0.007;80833.7;529.504
17:06:27;80833.4;0.144;0;0;80833.6;529.497
17:06:26;80833.5;0;0;0.507;80833.7;529.641
17:06:26;80833.4;0.108;0;0;80833.6;529.134
17:06:26;80833.5;0;0;1.006;80833.7;529.242
17:06:26;80833.4;0.193;0;0;80833.6;528.236
17:06:26;80833.5;0;0;0.296;80833.7;528.429
17:06:26;80833.4;0.341;0;0;80833.6;528.133
17:06:26;80833.5;0;0;0.028;80833.7;528.474
17:06:25;80833.4;0.112;0;0;80833.6;528.446
17:06:25;80833.5;0;0;0.032;80833.7;528.558
17:06:24;80835.7;0.170;0;0;80835.9;528.526
17:06:24;80835.8;0;0;0.009;80836.0;528.696
17:06:24;80835.7;0.085;0;0;80835.9;528.687
17:06:23;80835.8;0;0;0.534;80836.0;528.772
17:06:23;80835.7;0.009;0;0;80835.9;528.238
17:06:23;80835.8;0;0;0.010;80836.0;528.247
17:06:22;80835.7;0.020;0;0;80835.9;528.237
17:06:22;80835.8;0;0;0.001;80836.0;528.257
17:06:22;80835.7;0.001;0;0;80835.9;528.256
17:06:22;80835.8;0;0;0.021;80836.0;528.257
17:06:22;80835.7;0.038;0;0;80835.9;528.236
17:06:22;80835.8;0;0;0.092;80836.0;528.274
17:06:21;80835.7;0.585;0;0;80835.9;528.182
17:06:21;80835.8;0;0;0.009;80836.0;528.767
17:06:21;80835.7;0.004;0;0;80835.9;528.758
17:06:20;80835.8;0;0;0.004;80836.0;528.762
17:06:20;80837.4;0.080;0;0;80837.6;528.758
17:06:20;80837.5;0;0;0.001;80837.7;528.838
17:06:20;80837.6;0.972;0;0;80837.8;528.837
17:06:20;80837.7;0;0;0.124;80837.9;529.809
17:06:20;80838.7;1.279;0;0;80838.9;529.685
17:06:20;80838.8;0;0;0.001;80839.0;530.964
17:06:20;80839.9;0.023;0;0;80840.1;530.963
17:06:20;80840.0;0;0;0.001;80840.2;530.986
17:06:20;80842.2;0.028;0;0;80842.4;530.985
17:06:20;80842.3;0;0;0.018;80842.5;531.013
17:06:20;80842.2;0.001;0;0;80842.4;530.995
17:06:20;80842.3;0;0;0.001;80842.5;530.996
17:06:20;80843.8;0.799;0;0;80844.0;530.995
17:06:20;80843.9;0;0;0.012;80844.1;531.794
17:06:20;80843.8;0.001;0;0;80844.0;531.782
17:06:19;80843.9;0;0;0.041;80844.1;531.783
17:06:19;80843.8;0.536;0;0;80844.0;531.742
17:06:19;80843.9;0;0;0.090;80844.1;532.278
17:06:19;80843.8;0.008;0;0;80844.0;532.188
17:06:18;80843.9;0;0;0.024;80844.1;532.196
17:06:18;80843.8;0.042;0;0;80844.0;532.172
17:06:18;80843.9;0;0;0.002;80844.1;532.214
17:06:18;80843.8;0.066;0;0;80844.0;532.212
17:06:18;80843.9;0;0;0.387;80844.1;532.278
17:06:17;80843.8;0.002;0;0;80844.0;531.891
17:06:17;80843.9;0;0;0.023;80844.1;531.893
17:06:17;80843.8;0.002;0;0;80844.0;531.870
17:06:17;80843.9;0;0;0.347;80844.1;531.872
17:06:17;80843.8;0.002;0;0;80844.0;531.525
17:06:16;80843.9;0;0;2.307;80844.1;531.527
17:06:16;80843.8;0.053;0;0;80844.0;529.220
17:06:16;80843.9;0;0;0.101;80844.1;529.273
17:06:16;80843.8;0.014;0;0;80844.0;529.172
17:06:15;80843.9;0;0;0.273;80844.1;529.186
17:06:15;80843.8;0.063;0;0;80844.0;528.913
17:06:15;80843.9;0;0;1.010;80844.1;528.976
17:06:15;80843.8;0.014;0;0;80844.0;527.966
17:06:14;80831.3;0;0;3.878;80831.5;527.980
17:06:14;80831.2;0.001;0;0;80831.4;524.102
17:06:14;80824.5;0;0;5.438;80824.7;524.103
17:06:14;80824.4;0.013;0;0;80824.6;518.665
17:06:14;80824.5;0;0;0.068;80824.7;518.678
17:06:14;80824.4;0.022;0;0;80824.6;518.610
17:06:13;80824.5;0;0;0.152;80824.7;518.632
17:06:13;80824.4;0.017;0;0;80824.6;518.480
17:06:12;80823.6;0;0;8.338;80823.8;518.497
17:06:12;80823.5;0.002;0;0;80823.7;510.159
17:06:12;80823.6;0;0;0.005;80823.8;510.161
17:06:12;80814.5;0;0;12.449;80814.7;510.156
17:06:12;80814.4;0.001;0;0;80814.6;497.707
17:06:12;80814.5;0;0;0.401;80814.7;497.708
17:06:12;80814.4;0.015;0;0;80814.6;497.307
17:06:11;80806.8;0;0;3.824;80807.0;497.322
17:06:11;80806.3;0.200;0;0;80806.5;493.498
17:06:11;80802.7;0;0;14.170;80802.9;493.698
17:06:11;80802.6;0.035;0;0;80802.8;479.528
17:06:11;80802.7;0;0;0.006;80802.9;479.563
17:06:10;80802.6;0.007;0;0;80802.8;479.557
17:06:10;80802.7;0;0;0.039;80802.9;479.564
17:06:10;80802.6;0.375;0;0;80802.8;479.525
17:06:10;80794.1;0;0;11.811;80794.3;479.900
17:06:10;80794.0;0.001;0;0;80794.2;468.089
17:06:09;80794.1;0;0;0.023;80794.3;468.090
17:06:08;80794.0;0.124;0;0;80794.2;468.067
17:06:08;80794.1;0;0;0.025;80794.3;468.191
17:06:08;80794.0;0.001;0;0;80794.2;468.166
17:06:08;80794.1;0;0;0.006;80794.3;468.167
17:06:08;80794.0;0.834;0;0;80794.2;468.161
17:06:07;80794.1;0;0;0.164;80794.3;468.995
17:06:07;80794.0;0.001;0;0;80794.2;468.831
17:06:07;80794.1;0;0;0.004;80794.3;468.832
17:06:06;80794.0;0.063;0;0;80794.2;468.828
17:06:06;80794.1;0;0;0.051;80794.3;468.891
17:06:05;80794.0;1.399;0;0;80794.2;468.840
17:06:05;80790.1;0;0;3.293;80790.3;470.239
17:06:05;80790.0;0.034;0;0;80790.2;466.946
17:06:05;80782.4;0;0;5.448;80782.6;466.980
17:06:04;80782.3;0.075;0;0;80782.5;461.532
17:06:04;80781.9;0;0;11.188;80782.1;461.607
17:06:03;80784.2;1.639;0;0;80784.4;450.419
17:06:03;80773.5;0;0;20.506;80773.7;452.058
17:06:03;80773.4;0.002;0;0;80773.6;431.552
17:06:03;80768.5;0;0;0.431;80768.7;431.554
17:06:03;80768.4;0.001;0;0;80768.6;431.123
17:06:03;80768.1;0;0;0.033;80768.3;431.124
17:06:03;80767.5;0.001;0;0;80767.7;431.091
17:06:03;80764.5;0;0;1.453;80764.7;431.092
17:06:02;80764.4;0.047;0;0;80764.6;429.639
17:06:01;80764.5;0;0;0.016;80764.7;429.686
17:06:01;80764.4;1.880;0;0;80764.6;429.670
17:06:01;80764.5;0;0;0.007;80764.7;431.550
17:06:00;80764.4;0.029;0;0;80764.6;431.543
17:06:00;80764.5;0;0;0.189;80764.7;431.572
17:06:00;80764.4;0.001;0;0;80764.6;431.383
17:06:00;80764.5;0;0;0.001;80764.7;431.384
17:06:00;80764.4;0.022;0;0;80764.6;431.383
17:05:59;80764.5;0;0;0.050;80764.7;431.405
17:05:58;80764.4;1.001;0;0;80764.6;431.355
17:05:58;80764.5;0;0;0.006;80764.7;432.356
17:05:58;80764.4;0.070;0;0;80764.6;432.350
17:05:57;80764.5;0;0;0.048;80764.7;432.420
17:05:57;80764.4;0.186;0;0;80764.6;432.372
17:05:57;80764.5;0;0;0.015;80764.7;432.558
17:05:57;80764.4;0.003;0;0;80764.6;432.543
17:05:57;80764.5;0;0;0.006;80764.7;432.546
17:05:56;80775.1;5.070;0;0;80775.3;432.540
17:05:56;80775.2;0;0;0.002;80775.4;437.610
17:05:56;80775.1;0.002;0;0;80775.3;437.608
17:05:56;80775.2;0;0;0.013;80775.4;437.610
17:05:56;80775.1;0.044;0;0;80775.3;437.597
17:05:56;80775.2;0;0;0.005;80775.4;437.641
17:05:54;80775.1;0.054;0;0;80775.3;437.636
17:05:54;80775.2;0;0;0.002;80775.4;437.690
17:05:54;80775.1;0.007;0;0;80775.3;437.688
17:05:53;80775.2;0;0;0.041;80775.4;437.695
17:05:53;80775.1;5.008;0;0;80775.3;437.654
17:05:53;80775.2;0;0;0.228;80775.4;442.662
17:05:52;80775.1;0.003;0;0;80775.3;442.434
17:05:52;80772.0;0;0;2.839;80772.2;442.437
17:05:52;80771.9;2.410;0;0;80772.1;439.598
17:05:52;80772.0;0;0;0.001;80772.2;442.008
17:05:52;80771.9;0.066;0;0;80772.1;442.007
17:05:51;80772.0;0;0;0.050;80772.2;442.073
17:05:51;80771.9;0.001;0;0;80772.1;442.023
17:05:51;80772.0;0;0;0.041;80772.2;442.024
17:05:51;80771.9;0.001;0;0;80772.1;441.983
17:05:51;80772.0;0;0;0.210;80772.2;441.984
17:05:50;80771.9;5.186;0;0;80772.1;441.774
17:05:50;80772.0;0;0;0.020;80772.2;446.960
17:05:49;80771.9;0.100;0;0;80772.1;446.940
17:05:48;80775.2;3.420;0;0;80775.4;447.040
17:05:48;80775.3;0;0;0.045;80775.5;450.460
17:05:47;80775.2;0.016;0;0;80775.4;450.415
17:05:47;80775.3;0;0;1.655;80775.5;450.431
17:05:46;80775.2;0.008;0;0;80775.4;448.776
17:05:46;80775.3;0;0;0.011;80775.5;448.784
17:05:46;80775.2;0.001;0;0;80775.4;448.773
17:05:46;80775.3;0;0;0.001;80775.5;448.774
17:05:45;80775.2;0.052;0;0;80775.4;448.773
17:05:45;80775.3;0;0;0.009;80775.5;448.825
17:05:44;80775.2;0.224;0;0;80775.4;448.816
17:05:44;80775.3;0;0;0.001;80775.5;449.040
17:05:44;80775.2;0.001;0;0;80775.4;449.039
17:05:44;80775.3;0;0;0.127;80775.5;449.040
17:05:44;80775.2;0.062;0;0;80775.4;448.913
17:05:44;80775.3;0;0;0.607;80775.5;448.975
17:05:44;80775.2;0.153;0;0;80775.4;448.368
17:05:43;80775.3;0;0;0.001;80775.5;448.521
17:05:43;80785.3;2.337;0;0;80785.5;448.520
17:05:42;80785.4;0;0;1.197;80785.6;450.857
17:05:42;80785.3;0.039;0;0;80785.5;449.660
17:05:42;80785.4;0;0;0.001;80785.6;449.699
17:05:42;80785.3;1.547;0;0;80785.5;449.698
17:05:42;80785.4;0;0;0.017;80785.6;451.245
17:05:42;80785.3;0.002;0;0;80785.5;451.228
17:05:42;80785.4;0;0;0.150;80785.6;451.230
17:05:41;80785.3;0.192;0;0;80785.5;451.080
17:05:41;80785.4;0;0;0.026;80785.6;451.272
17:05:40;80785.3;0.001;0;0;80785.5;451.246
17:05:40;80785.4;0;0;0.002;80785.6;451.247
17:05:40;80785.3;0.012;0;0;80785.5;451.245
17:05:40;80785.4;0;0;0.123;80785.6;451.257
17:05:39;80785.3;0.046;0;0;80785.5;451.134
17:05:39;80785.4;0;0;0.005;80785.6;451.180
17:05:38;80785.3;0.275;0;0;80785.5;451.175
17:05:37;80785.4;0;0;0.014;80785.6;451.450
17:05:36;80785.3;0.023;0;0;80785.5;451.436
17:05:36;80785.4;0;0;0.568;80785.6;451.459
17:05:36;80785.3;0.006;0;0;80785.5;450.891
17:05:35;80785.4;0;0;0.061;80785.6;450.897
17:05:35;80785.3;0.024;0;0;80785.5;450.836
17:05:35;80785.4;0;0;0.006;80785.6;450.860
17:05:35;80785.3;0.030;0;0;80785.5;450.854
17:05:34;80785.4;0;0;0.056;80785.6;450.884
17:05:34;80785.3;0.006;0;0;80785.5;450.828
17:05:34;80785.4;0;0;0.088;80785.6;450.834
17:05:33;80785.3;0.016;0;0;80785.5;450.746
17:05:33;80785.4;0;0;0.001;80785.6;450.762
17:05:33;80785.3;0.002;0;0;80785.5;450.761
17:05:32;80785.4;0;0;0.064;80785.6;450.763
17:05:31;80785.3;0.042;0;0;80785.5;450.699
17:05:31;80785.4;0;0;0.001;80785.6;450.741
17:05:30;80785.3;0.120;0;0;80785.5;450.740
17:05:30;80785.4;0;0;0.008;80785.6;450.860
17:05:30;80785.3;0.097;0;0;80785.5;450.852
17:05:30;80785.4;0;0;0.086;80785.6;450.949
17:05:29;80785.3;0.005;0;0;80785.5;450.863
17:05:28;80785.4;0;0;0.254;80785.6;450.868
17:05:28;80788.8;0.195;0;0;80789.0;450.614
17:05:28;80788.9;0;0;0.003;80789.1;450.809
17:05:28;80788.8;0.094;0;0;80789.0;450.806
17:05:27;80788.9;0;0;0.010;80789.1;450.900
17:05:27;80788.8;0.179;0;0;80789.0;450.890
17:05:27;80788.9;0;0;0.037;80789.1;451.069
17:05:27;80789.7;0.604;0;0;80789.9;451.032
17:05:26;80789.8;0;0;0.209;80790.0;451.636
17:05:26;80789.7;0.202;0;0;80789.9;451.427
17:05:26;80789.8;0;0;0.020;80790.0;451.629
17:05:26;80789.7;0.185;0;0;80789.9;451.609
17:05:26;80789.8;0;0;0.003;80790.0;451.794
17:05:26;80789.7;0.120;0;0;80789.9;451.791
17:05:25;80789.8;0;0;0.052;80790.0;451.911
17:05:25;80789.7;0.005;0;0;80789.9;451.859
17:05:24;80789.8;0;0;0.155;80790.0;451.864
17:05:24;80789.7;0.233;0;0;80789.9;451.709
17:05:24;80789.8;0;0;0.002;80790.0;451.942
17:05:21;80789.7;0.268;0;0;80789.9;451.940
17:05:21;80789.8;0;0;0.023;80790.0;452.208
17:05:20;80789.7;0.049;0;0;80789.9;452.185
17:05:20;80788.5;0;0;0.015;80788.7;452.234
17:05:20;80788.4;0.001;0;0;80788.6;452.219
17:05:20;80782.2;0;0;1.673;80782.4;452.220
17:05:20;80782.1;0.003;0;0;80782.3;450.547
17:05:20;80782.2;0;0;0.001;80782.4;450.550
17:05:20;80782.1;0.062;0;0;80782.3;450.549
17:05:19;80782.2;0;0;0.030;80782.4;450.611
17:05:18;80782.1;0.093;0;0;80782.3;450.581
17:05:18;80782.2;0;0;1.087;80782.4;450.674
17:05:18;80782.1;0.027;0;0;80782.3;449.587
17:05:18;80782.2;0;0;0.872;80782.4;449.614
17:05:18;80782.1;0.067;0;0;80782.3;448.742
17:05:18;80782.2;0;0;6.247;80782.4;448.809
17:05:18;80782.1;0.011;0;0;80782.3;442.562
17:05:18;80782.2;0;0;1.475;80782.4;442.573
17:05:18;80782.1;0.011;0;0;80782.3;441.098
17:05:18;80782.2;0;0;1.519;80782.4;441.109
17:05:18;80782.1;0.011;0;0;80782.3;439.590
17:05:18;80782.2;0;0;1.149;80782.4;439.601
17:05:18;80782.9;0;0;0.689;80783.1;438.452
17:05:18;80782.1;0.024;0;0;80782.3;437.763
17:05:18;80782.2;0;0;1.037;80782.4;437.787
17:05:18;80782.9;0;0;0.514;80783.1;436.750
17:05:18;80782.8;0.018;0;0;80783.0;436.236
17:05:18;80782.9;0;0;4.852;80783.1;436.254
17:05:18;80784.6;0.012;0;0;80784.8;431.402
17:05:18;80784.7;0;0;0.600;80784.9;431.414
17:05:18;80786.7;0.170;0;0;80786.9;430.814
17:05:18;80786.8;0;0;0.006;80787.0;430.984
17:05:17;80788.8;1.053;0;0;80789.0;430.978
17:05:17;80788.9;0;0;0.246;80789.1;432.031
17:05:16;80788.8;0.011;0;0;80789.0;431.785
17:05:16;80788.9;0;0;0.034;80789.1;431.796
17:05:16;80788.8;0.036;0;0;80789.0;431.762
17:05:15;80788.9;0;0;0.003;80789.1;431.798
17:05:15;80788.8;0.006;0;0;80789.0;431.795
17:05:15;80788.9;0;0;0.039;80789.1;431.801
17:05:15;80788.8;0.021;0;0;80789.0;431.762
17:05:14;80788.9;0;0;0.001;80789.1;431.783
17:05:14;80788.8;0.002;0;0;80789.0;431.782
17:05:14;80788.9;0;0;0.200;80789.1;431.784
17:05:13;80788.8;0.012;0;0;80789.0;431.584
17:05:13;80788.9;0;0;0.003;80789.1;431.596
17:05:13;80788.8;0.160;0;0;80789.0;431.593
17:05:13;80788.9;0;0;0.048;80789.1;431.753
17:05:13;80788.8;0.061;0;0;80789.0;431.705
17:05:12;80788.9;0;0;0.015;80789.1;431.766
17:05:12;80788.8;0.009;0;0;80789.0;431.751
17:05:12;80788.9;0;0;0.009;80789.1;431.760
17:05:12;80788.8;0.002;0;0;80789.0;431.751
17:05:12;80788.9;0;0;0.016;80789.1;431.753
17:05:11;80789.9;0.470;0;0;80790.1;431.737
17:05:11;80790.0;0;0;0.067;80790.2;432.207
17:05:11;80789.9;0.123;0;0;80790.1;432.140
17:05:10;80790.0;0;0;0.157;80790.2;432.263
17:05:10;80789.9;0.102;0;0;80790.1;432.106
17:05:10;80790.0;0;0;0.060;80790.2;432.208
17:05:10;80789.9;0.030;0;0;80790.1;432.148
17:05:10;80790.0;0;0;0.004;80790.2;432.178
17:05:09;80789.9;0.088;0;0;80790.1;432.174
17:05:09;80790.0;0;0;0.001;80790.2;432.262
17:05:09;80789.9;0.001;0;0;80790.1;432.261
17:05:08;80790.0;0;0;5.696;80790.2;432.262
17:05:08;80789.9;0.009;0;0;80790.1;426.566
17:05:08;80790.0;0;0;0.026;80790.2;426.575
17:05:08;80789.9;0.003;0;0;80790.1;426.549
17:05:08;80790.0;0;0;0.440;80790.2;426.552
17:05:08;80789.9;2.905;0;0;80790.1;426.112
17:05:07;80790.0;0;0;0.334;80790.2;429.017
17:05:07;80789.9;0.835;0;0;80790.1;428.683
17:05:07;80790.0;0;0;0.057;80790.2;429.518
17:05:07;80789.9;0.164;0;0;80790.1;429.461
17:05:06;80790.0;0;0;0.005;80790.2;429.625
17:05:06;80794.8;0.275;0;0;80795.0;429.620
17:05:06;80794.9;0;0;0.053;80795.1;429.895
17:05:06;80794.8;0.002;0;0;80795.0;429.842
17:05:05;80794.9;0;0;0.659;80795.1;429.844
17:05:05;80794.8;0.002;0;0;80795.0;429.185
17:05:05;80794.9;0;0;0.003;80795.1;429.187
17:05:04;80794.8;0.053;0;0;80795.0;429.184
17:05:03;80789.6;0;0;3.939;80789.8;429.237
17:05:03;80789.5;0.044;0;0;80789.7;425.298
17:05:03;80789.6;0;0;0.131;80789.8;425.342
17:05:02;80789.5;0.039;0;0;80789.7;425.211
17:05:02;80789.6;0;0;0.107;80789.8;425.250
17:05:02;80789.5;0.004;0;0;80789.7;425.143
17:05:02;80789.6;0;0;0.590;80789.8;425.147
17:05:01;80789.5;0.005;0;0;80789.7;424.557
17:05:01;80789.6;0;0;0.104;80789.8;424.562
17:05:01;80789.5;0.001;0;0;80789.7;424.458
17:05:00;80789.6;0;0;0.188;80789.8;424.459
17:05:00;80789.5;0.020;0;0;80789.7;424.271
17:05:00;80789.6;0;0;0.886;80789.8;424.291
17:05:00;80794.4;0.417;0;0;80794.6;423.405
17:05:00;80794.5;0;0;0.020;80794.7;423.822
17:05:00;80794.4;0.001;0;0;80794.6;423.802
17:04:59;80794.5;0;0;0.003;80794.7;423.803
17:04:59;80794.4;0.005;0;0;80794.6;423.800
17:04:59;80794.5;0;0;0.038;80794.7;423.805
17:04:58;80794.8;0.892;0;0;80795.0;423.767
17:04:58;80794.9;0;0;0.003;80795.1;424.659
17:04:58;80794.8;0.319;0;0;80795.0;424.656
17:04:58;80794.9;0;0;0.002;80795.1;424.975
17:04:58;80794.8;0.002;0;0;80795.0;424.973
17:04:57;80794.9;0;0;0.010;80795.1;424.975
17:04:57;80794.8;0.155;0;0;80795.0;424.965
17:04:57;80794.9;0;0;0.025;80795.1;425.120
17:04:56;80794.8;0.016;0;0;80795.0;425.095
17:04:56;80794.9;0;0;0.002;80795.1;425.111
17:04:56;80794.8;0.020;0;0;80795.0;425.109
17:04:56;80794.9;0;0;0.004;80795.1;425.129
17:04:56;80799.6;1.032;0;0;80799.8;425.125
17:04:56;80799.7;0;0;0.003;80799.9;426.157
17:04:56;80799.6;0.001;0;0;80799.8;426.154
17:04:56;80799.7;0;0;0.020;80799.9;426.155
17:04:56;80799.6;0.001;0;0;80799.8;426.135
17:04:56;80799.7;0;0;0.003;80799.9;426.136
17:04:56;80799.6;0.001;0;0;80799.8;426.133
17:04:56;80799.7;0.023;0;0.001;80799.9;426.134
17:04:56;80799.8;0.279;0;0.002;80800.0;426.156
17:04:56;80799.9;0;0;0.006;80800.1;426.433
17:04:55;80799.8;0.002;0;0;80800.0;426.427
17:04:55;80799.9;0;0;0.113;80800.1;426.429
17:04:55;80799.8;0.053;0;0;80800.0;426.316
17:04:55;80799.9;0;0;0.101;80800.1;426.369
17:04:55;80803.2;0.130;0;0;80803.4;426.268
17:04:55;80803.3;0;0;0.010;80803.5;426.398
17:04:55;80803.2;0.066;0;0;80803.4;426.388
17:04:55;80803.3;0;0;0.001;80803.5;426.454
17:04:55;80803.2;1.239;0;0;80803.4;426.453
17:04:55;80803.3;0;0;0.008;80803.5;427.692
17:04:55;80803.2;0.027;0;0;80803.4;427.684
17:04:54;80803.3;0;0;0.006;80803.5;427.711
17:04:54;80803.2;0.013;0;0;80803.4;427.705
17:04:54;80799.9;0;0;2.044;80800.1;427.718
17:04:54;80799.8;0.001;0;0;80800.0;425.674
17:04:54;80799.9;0;0;0.177;80800.1;425.675
17:04:54;80799.8;0.004;0;0;80800.0;425.498
17:04:53;80799.9;0;0;0.027;80800.1;425.502
17:04:53;80799.8;0.433;0;0;80800.0;425.475
17:04:52;80799.9;0;0;0.030;80800.1;425.908
17:04:52;80799.8;0.002;0;0;80800.0;425.878
17:04:52;80788.9;0;0;0.744;80789.1;425.880
17:04:52;80788.8;0.001;0;0;80789.0;425.136
17:04:52;80788.5;0;0;0.021;80788.7;425.137
17:04:52;80788.4;0.001;0;0;80788.6;425.116
17:04:51;80786.7;0;0;0.380;80786.9;425.117
17:04:51;80786.6;0.055;0;0;80786.8;424.737
17:04:51;80786.7;0;0;0.004;80786.9;424.792
17:04:51;80786.6;0.218;0;0;80786.8;424.788
17:04:51;80786.7;0;0;0.001;80786.9;425.006
17:04:50;80786.6;0.009;0;0;80786.8;425.005
17:04:50;80786.7;0;0;0.017;80786.9;425.014
17:04:50;80786.6;0.001;0;0;80786.8;424.997
17:04:50;80786.7;0;0;0.018;80786.9;424.998
17:04:50;80786.6;1.380;0;0;80786.8;424.980
17:04:49;80786.7;0;0;0.001;80786.9;426.360
17:04:49;80786.6;0.051;0;0;80786.8;426.359
17:04:49;80786.7;0;0;0.108;80786.9;426.410
17:04:48;80786.6;0.022;0;0;80786.8;426.302
17:04:48;80786.7;0;0;0.002;80786.9;426.324
17:04:48;80786.6;0.002;0;0;80786.8;426.322
17:04:48;80786.7;0;0;0.003;80786.9;426.324
17:04:48;80786.6;0.021;0;0;80786.8;426.321
17:04:48;80786.7;0;0;0.094;80786.9;426.342
17:04:48;80786.6;0.002;0;0;80786.8;426.248
17:04:48;80786.7;0;0;0.050;80786.9;426.250
17:04:47;80786.6;0.006;0;0;80786.8;426.200
17:04:47;80786.7;0;0;0.278;80786.9;426.206
17:04:46;80786.6;0.027;0;0;80786.8;425.928
17:04:46;80786.7;0;0;0.587;80786.9;425.955
17:04:46;80786.6;0.001;0;0;80786.8;425.368
17:04:46;80786.7;0;0;0.042;80786.9;425.369
17:04:46;80786.6;0.150;0;0;80786.8;425.327
17:04:46;80786.7;0;0;0.043;80786.9;425.477
17:04:46;80786.6;0.055;0;0;80786.8;425.434
17:04:46;80786.7;0;0;0.008;80786.9;425.489
17:04:45;80786.6;0.011;0;0;80786.8;425.481
17:04:45;80786.7;0;0;0.114;80786.9;425.492
17:04:45;80786.6;0.019;0;0;80786.8;425.378
17:04:44;80786.7;0;0;0.061;80786.9;425.397
17:04:43;80786.6;0.004;0;0;80786.8;425.336
17:04:43;80786.7;0;0;0.005;80786.9;425.340
17:04:43;80786.6;0.020;0;0;80786.8;425.335
17:04:43;80786.7;0;0;0.178;80786.9;425.355
17:04:43;80786.6;0.010;0;0;80786.8;425.177
17:04:42;80786.7;0;0;0.012;80786.9;425.187
17:04:42;80786.6;0.107;0;0;80786.8;425.175
17:04:42;80786.7;0;0;0.003;80786.9;425.282
17:04:42;80786.6;0.024;0;0;80786.8;425.279
17:04:42;80786.7;0;0;0.012;80786.9;425.303
17:04:42;80786.6;0.002;0;0;80786.8;425.291
17:04:41;80779.9;0;0;1.743;80780.1;425.293
17:04:41;80779.8;0.001;0;0;80780.0;423.550
17:04:41;80779.9;0;0;0.003;80780.1;423.551
17:04:41;80779.8;0.002;0;0;80780.0;423.548
17:04:41;80779.9;0;0;0.008;80780.1;423.550
17:04:40;80779.8;0.143;0;0;80780.0;423.542
17:04:40;80779.9;0;0;0.002;80780.1;423.685
17:04:39;80779.8;0.001;0;0;80780.0;423.683
17:04:39;80771.5;0;0;3.361;80771.7;423.684
17:04:39;80771.4;0.041;0;0;80771.6;420.323
17:04:39;80771.5;0;0;0.401;80771.7;420.364
17:04:38;80771.4;0.075;0;0;80771.6;419.963
17:04:38;80771.5;0;0;0.506;80771.7;420.038
17:04:38;80771.4;0.350;0;0;80771.6;419.532
17:04:38;80771.5;0;0;0.001;80771.7;419.882
17:04:37;80778.1;0.988;0;0;80778.3;419.881
17:04:37;80778.2;0;0;0.001;80778.4;420.869
17:04:37;80778.1;0.001;0;0;80778.3;420.868
17:04:37;80778.2;0;0;0.748;80778.4;420.869
17:04:37;80780.6;0.028;0;0;80780.8;420.121
17:04:37;80780.7;0;0;0.020;80780.9;420.149
17:04:37;80782.0;0.080;0;0;80782.2;420.129
17:04:37;80782.1;0;0;0.403;80782.3;420.209
17:04:36;80783.2;0.015;0;0;80783.4;419.806
17:04:36;80783.3;0;0;0.048;80783.5;419.821
17:04:36;80789.5;0.154;0;0;80789.7;419.773
17:04:36;80789.6;0.024;0;0.015;80789.8;419.927
17:04:36;80789.7;0;0;0.002;80789.9;419.936
17:04:36;80793.1;2.515;0;0;80793.3;419.934
17:04:36;80797.4;3.553;0;0;80797.6;422.449
17:04:36;80797.5;0;0;0.042;80797.7;426.002
17:04:36;80797.4;0.002;0;0;80797.6;425.960
17:04:36;80789.6;0;0;8.664;80789.8;425.962
17:04:35;80789.5;0.011;0;0;80789.7;417.298
17:04:35;80789.6;0;0;0.007;80789.8;417.309
17:04:35;80789.5;0.123;0;0;80789.7;417.302
17:04:35;80789.6;0;0;0.041;80789.8;417.425
17:04:35;80789.5;0.764;0;0;80789.7;417.384
17:04:34;80789.6;0;0;0.006;80789.8;418.148
17:04:34;80789.5;0.001;0;0;80789.7;418.142
17:04:33;80789.6;0;0;0.002;80789.8;418.143
17:04:33;80789.5;0.145;0;0;80789.7;418.141
17:04:33;80789.6;0;0;0.014;80789.8;418.286
17:04:33;80794.8;0.061;0;0;80795.0;418.272
17:04:33;80794.9;0;0;0.002;80795.1;418.333
17:04:33;80794.8;0.007;0;0;80795.0;418.331
17:04:33;80794.9;0;0;0.061;80795.1;418.338
17:04:32;80794.8;0.157;0;0;80795.0;418.277
17:04:32;80794.9;0;0;0.016;80795.1;418.434
17:04:32;80794.8;0.018;0;0;80795.0;418.418
17:04:31;80782.9;0;0;1.286;80783.1;418.436
17:04:30;80782.8;0.092;0;0;80783.0;417.150
17:04:30;80782.9;0;0;0.025;80783.1;417.242
17:04:29;80787.0;0.297;0;0;80787.2;417.217
17:04:29;80787.1;0;0;0.002;80787.3;417.514
17:04:29;80787.8;0.050;0;0;80788.0;417.512
17:04:28;80787.9;0;0;0.001;80788.1;417.562
17:04:28;80787.8;0.074;0;0;80788.0;417.561
17:04:28;80772.3;0;0;0.809;80772.5;417.635
17:04:28;80772.2;0.111;0;0;80772.4;416.826
17:04:28;80772.3;0;0;0.100;80772.5;416.937
17:04:27;80772.2;0.014;0;0;80772.4;416.837
17:04:27;80772.3;0;0;0.004;80772.5;416.851
17:04:27;80776.2;1.123;0;0;80776.4;416.847
17:04:27;80776.3;0;0;0.026;80776.5;417.970
17:04:26;80776.2;0.195;0;0;80776.4;417.944
17:04:26;80776.3;0;0;0.106;80776.5;418.139
17:04:26;80776.2;0.042;0;0;80776.4;418.033
17:04:25;80776.3;0;0;0.778;80776.5;418.075
17:04:25;80776.2;0.001;0;0;80776.4;417.297
17:04:25;80776.3;0;0;0.054;80776.5;417.298
17:04:25;80777.7;0.066;0;0;80777.9;417.244
17:04:25;80777.8;0;0;0.314;80778.0;417.310
17:04:25;80788.8;0.342;0;0;80789.0;416.996
17:04:25;80788.9;0;0;0.002;80789.1;417.338
17:04:24;80788.8;0.006;0;0;80789.0;417.336
17:04:24;80788.9;0;0;0.197;80789.1;417.342
17:04:24;80788.8;0.032;0;0;80789.0;417.145
17:04:23;80788.9;0;0;0.002;80789.1;417.177
17:04:23;80788.8;0.003;0;0;80789.0;417.175
17:04:23;80788.9;0;0;0.012;80789.1;417.178
17:04:23;80788.8;0.002;0;0;80789.0;417.166
17:04:23;80788.9;0;0;0.093;80789.1;417.168
17:04:22;80788.8;0.442;0;0;80789.0;417.075
17:04:22;80788.9;0;0;0.010;80789.1;417.517
17:04:21;80788.8;0.110;0;0;80789.0;417.507
17:04:21;80788.9;0;0;0.018;80789.1;417.617
17:04:21;80788.8;1.180;0;0;80789.0;417.599
17:04:20;80788.9;0;0;0.003;80789.1;418.779
17:04:20;80788.8;0.016;0;0;80789.0;418.776
17:04:20;80788.9;0;0;0.003;80789.1;418.792
17:04:20;80788.8;0.001;0;0;80789.0;418.789
17:04:20;80788.9;0;0;0.001;80789.1;418.790
17:04:20;80788.8;0.049;0;0;80789.0;418.789
17:04:19;80788.9;0;0;0.003;80789.1;418.838
17:04:19;80788.8;0.137;0;0;80789.0;418.835
17:04:19;80788.9;0;0;0.171;80789.1;418.972
17:04:19;80788.8;0.013;0;0;80789.0;418.801
17:04:19;80788.9;0;0;0.019;80789.1;418.814
17:04:18;80788.8;0.002;0;0;80789.0;418.795
17:04:18;80788.9;0;0;0.013;80789.1;418.797
17:04:18;80788.8;0.167;0;0;80789.0;418.784
17:04:17;80788.9;0;0;0.128;80789.1;418.951
17:04:17;80791.7;0.010;0;0;80791.9;418.823
17:04:17;80791.8;0.908;0;0.004;80792.0;418.833
17:04:17;80791.9;0;0;0.093;80792.1;419.737
17:04:17;80791.8;0.051;0;0;80792.0;419.644
17:04:17;80791.9;0;0;0.475;80792.1;419.695
17:04:17;80791.8;0.003;0;0;80792.0;419.220
17:04:17;80791.9;0;0;0.009;80792.1;419.223
17:04:17;80791.8;0.004;0;0;80792.0;419.214
17:04:17;80791.9;0;0;0.061;80792.1;419.218
17:04:17;80791.8;0.001;0;0;80792.0;419.157
17:04:17;80787.3;0;0;0.133;80787.5;419.158
17:04:17;80777.8;0;0;11.226;80778.0;419.025
17:04:17;80777.6;0.001;0;0;80777.8;407.799
17:04:17;80774.9;0;0;0.022;80775.1;407.800
17:04:17;80774.8;0.001;0;0;80775.0;407.778
17:04:17;80774.2;0;0;0.129;80774.4;407.779
17:04:17;80774.1;0.002;0;0;80774.3;407.650
17:04:17;80770.2;0;0;3.112;80770.4;407.652
17:04:16;80770.1;0.005;0;0;80770.3;404.540
17:04:16;80770.2;0;0;0.039;80770.4;404.545
17:04:16;80770.1;0.122;0;0;80770.3;404.506
17:04:15;80770.2;0;0;0.197;80770.4;404.628
17:04:15;80773.7;0.367;0;0;80773.9;404.431
17:04:15;80773.8;0;0;0.010;80774.0;404.798
17:04:15;80773.7;2.041;0;0;80773.9;404.788
17:04:15;80773.8;0;0;0.623;80774.0;406.829
17:04:15;80773.7;0.006;0;0;80773.9;406.206
17:04:15;80773.8;0;0;0.013;80774.0;406.212
17:04:15;80776.0;0.637;0;0;80776.2;406.199
17:04:15;80778.2;2.847;0;0;80778.4;406.836
17:04:15;80778.7;0;0;0.037;80778.9;409.683
17:04:14;80783.1;1.039;0;0;80783.3;409.646
17:04:14;80784.5;0.226;0;0;80784.7;410.685
17:04:14;80784.7;0.067;0;0;80784.9;410.911
17:04:14;80785.2;0;0;0.002;80785.4;410.978
17:04:14;80803.8;22.022;0;0;80804.0;410.976
17:04:13;80803.9;0;0;0.079;80804.1;432.998
17:04:13;80803.8;0.123;0;0;80804.0;432.919
17:04:11;80803.9;0;0;1.124;80804.1;433.042
17:04:10;80803.8;0.243;0;0;80804.0;431.918
17:04:10;80803.9;0;0;0.013;80804.1;432.161
17:04:10;80803.8;0.001;0;0;80804.0;432.148
17:04:09;80803.9;0;0;0.223;80804.1;432.149
17:04:09;80803.8;0.019;0;0;80804.0;431.926
17:04:09;80803.9;0;0;0.093;80804.1;431.945
17:04:08;80803.8;0.053;0;0;80804.0;431.852
17:04:08;80803.9;0;0;0.026;80804.1;431.905
17:04:08;80803.8;0.010;0;0;80804.0;431.879
17:04:08;80803.9;0;0;1.058;80804.1;431.889
17:04:08;80803.8;0.002;0;0;80804.0;430.831
17:04:07;80803.9;0;0;0.003;80804.1;430.833
17:04:07;80803.8;0.012;0;0;80804.0;430.830
17:04:07;80803.9;0;0;0.149;80804.1;430.842
17:04:06;80803.8;0.197;0;0;80804.0;430.693
17:04:06;80803.9;0;0;0.001;80804.1;430.890
17:04:06;80803.8;0.281;0;0;80804.0;430.889
17:04:05;80803.9;0;0;1.105;80804.1;431.170
17:04:05;80803.8;0.001;0;0;80804.0;430.065
17:04:05;80803.9;0;0;0.146;80804.1;430.066
17:04:04;80803.8;0.002;0;0;80804.0;429.920
17:04:04;80803.9;0;0;0.201;80804.1;429.922
17:04:04;80803.8;1.281;0;0;80804.0;429.721
17:04:04;80803.9;0;0;3.729;80804.1;431.002
17:04:03;80803.8;0.027;0;0;80804.0;427.273
17:04:03;80803.9;0;0;0.001;80804.1;427.300
17:04:03;80803.8;0.100;0;0;80804.0;427.299
17:04:03;80800.9;0;0;0.149;80801.1;427.399
17:04:03;80800.8;0.026;0;0;80801.0;427.250
17:04:03;80797.9;0;0;0.168;80798.1;427.276
17:04:03;80797.8;0.007;0;0;80798.0;427.108
17:04:03;80788.1;0;0;2.821;80788.3;427.115
17:04:03;80788.0;0.003;0;0;80788.2;424.294
17:04:02;80787.8;0;0;0.376;80788.0;424.297
17:04:02;80787.7;0.123;0;0;80787.9;423.921
17:04:02;80783.5;0;0;2.182;80783.7;424.044
17:04:02;80783.4;0.017;0;0;80783.6;421.862
17:04:01;80783.5;0;0;0.015;80783.7;421.879
17:04:01;80783.4;0.464;0;0;80783.6;421.864
17:04:01;80778.5;0;0;0.464;80778.7;422.328
17:04:01;80778.4;0.001;0;0;80778.6;421.864
17:04:00;80778.5;0;0;0.006;80778.7;421.865
17:04:00;80778.4;0.004;0;0;80778.6;421.859
17:04:00;80778.5;0;0;1.690;80778.7;421.863
17:04:00;80778.4;0.316;0;0;80778.6;420.173
17:04:00;80778.5;0;0;0.005;80778.7;420.489
17:04:00;80778.4;0.001;0;0;80778.6;420.484
17:04:00;80778.5;0;0;0.002;80778.7;420.485
17:04:00;80789.8;5.332;0;0;80790.0;420.483
17:03:59;80789.9;0;0;0.410;80790.1;425.815
17:03:59;80789.8;0.302;0;0;80790.0;425.405
17:03:59;80789.9;0;0;0.100;80790.1;425.707
17:03:58;80789.8;0.059;0;0;80790.0;425.607
17:03:58;80777.5;0;0;0.996;80777.7;425.666
17:03:57;80777.4;0.002;0;0;80777.6;424.670
17:03:57;80777.5;0;0;0.030;80777.7;424.672
17:03:57;80777.4;0.001;0;0;80777.6;424.642
17:03:56;80771.9;0;0;5.021;80772.1;424.643
17:03:56;80772.5;0.046;0;0;80772.7;419.622
17:03:56;80772.7;0;0;0.014;80772.9;419.668
17:03:56;80777.4;0.181;0;0;80777.6;419.654
17:03:56;80777.5;0;0;0.001;80777.7;419.835
17:03:56;80777.4;0.299;0;0;80777.6;419.834
17:03:56;80777.5;0;0;0.811;80777.7;420.133
17:03:55;80777.4;0.051;0;0;80777.6;419.322
17:03:55;80777.5;0;0;0.017;80777.7;419.373
17:03:55;80777.4;0.007;0;0;80777.6;419.356
17:03:54;80777.5;0;0;0.044;80777.7;419.363
17:03:54;80777.4;0.004;0;0;80777.6;419.319
17:03:54;80777.5;0;0;0.052;80777.7;419.323
17:03:54;80777.4;0.197;0;0;80777.6;419.271
17:03:54;80777.5;0;0;0.004;80777.7;419.468
17:03:53;80777.4;2.253;0;0;80777.6;419.464
17:03:53;80777.5;0;0;0.065;80777.7;421.717
17:03:53;80777.4;0.024;0;0;80777.6;421.652
17:03:53;80775.0;0;0;0.935;80775.2;421.676
17:03:53;80774.9;0.001;0;0;80775.1;420.741
17:03:53;80775.0;0;0;0.001;80775.2;420.742
17:03:52;80774.9;0.164;0;0;80775.1;420.741
17:03:52;80775.0;0;0;0.228;80775.2;420.905
17:03:52;80774.9;0.064;0;0;80775.1;420.677
17:03:51;80775.0;0;0;0.038;80775.2;420.741
17:03:51;80774.9;0.027;0;0;80775.1;420.703
17:03:51;80775.0;0;0;1.456;80775.2;420.730
17:03:51;80774.9;0.117;0;0;80775.1;419.274
17:03:51;80775.0;0;0;0.001;80775.2;419.391
17:03:51;80774.9;0.005;0;0;80775.1;419.390
17:03:50;80775.0;0;0;0.657;80775.2;419.395
17:03:50;80776.2;0.047;0;0;80776.4;418.738
17:03:50;80776.3;0;0;0.001;80776.5;418.785
17:03:50;80777.4;0.392;0;0;80777.6;418.784
17:03:50;80777.5;0;0;0.006;80777.7;419.176
17:03:49;80777.4;0.004;0;0;80777.6;419.170
17:03:49;80777.5;0;0;0.142;80777.7;419.174
17:03:49;80777.4;1.020;0;0;80777.6;419.032
17:03:49;80777.5;0;0;0.001;80777.7;420.052
17:03:49;80777.4;0.017;0;0;80777.6;420.051
17:03:49;80777.5;0;0;0.100;80777.7;420.068
17:03:49;80777.4;0.100;0;0;80777.6;419.968
17:03:49;80777.5;0;0;0.003;80777.7;420.068
17:03:48;80777.4;0.002;0;0;80777.6;420.065
17:03:48;80777.5;0;0;0.002;80777.7;420.067
17:03:47;80781.0;0.982;0;0;80781.2;420.065
17:03:47;80781.1;0;0;0.001;80781.3;421.047
17:03:47;80781.0;0.025;0;0;80781.2;421.046
17:03:47;80781.1;0;0;0.113;80781.3;421.071
17:03:47;80781.0;0.308;0;0;80781.2;420.958
17:03:47;80781.1;0;0;0.001;80781.3;421.266
17:03:46;80781.0;0.013;0;0;80781.2;421.265
17:03:46;80781.1;0;0;0.100;80781.3;421.278
17:03:46;80781.0;0.003;0;0;80781.2;421.178
17:03:46;80781.1;0;0;0.228;80781.3;421.181
17:03:46;80781.0;0.018;0;0;80781.2;420.953
17:03:46;80781.1;0;0;0.300;80781.3;420.971
17:03:46;80781.0;0.002;0;0;80781.2;420.671
17:03:46;80781.1;0;0;0.004;80781.3;420.673
17:03:46;80781.0;0.048;0;0;80781.2;420.669
17:03:46;80781.1;0;0;0.040;80781.3;420.717
17:03:45;80781.0;0.013;0;0;80781.2;420.677
17:03:45;80777.5;0;0;0.222;80777.7;420.690
17:03:45;80777.4;0.051;0;0;80777.6;420.468
17:03:45;80777.5;0;0;0.244;80777.7;420.519
17:03:45;80777.4;0.003;0;0;80777.6;420.275
17:03:45;80777.5;0;0;0.004;80777.7;420.278
17:03:45;80777.4;0.050;0;0;80777.6;420.274
17:03:45;80777.5;0;0;0.036;80777.7;420.324
17:03:45;80777.4;0.007;0;0;80777.6;420.288
17:03:44;80777.5;0;0;1.788;80777.7;420.295
17:03:44;80777.4;0.017;0;0;80777.6;418.507
17:03:44;80777.5;0;0;0.123;80777.7;418.524
17:03:44;80779.0;0.041;0;0;80779.2;418.401
17:03:44;80779.1;0;0;0.002;80779.3;418.442
17:03:44;80793.8;4.020;0;0;80794.0;418.440
17:03:43;80793.9;0;0;2.764;80794.1;422.460
17:03:43;80793.8;0.030;0;0;80794.0;419.696
17:03:43;80793.9;0;0;0.143;80794.1;419.726
17:03:43;80793.8;0.030;0;0;80794.0;419.583
17:03:42;80793.9;0;0;0.015;80794.1;419.613
17:03:42;80796.0;0.230;0;0;80796.2;419.598
17:03:42;80796.1;0;0;0.001;80796.3;419.828
17:03:42;80796.0;0.092;0;0;80796.2;419.827
17:03:41;80796.1;0;0;1.388;80796.3;419.919
17:03:41;80796.0;0.009;0;0;80796.2;418.531
17:03:41;80796.1;0;0;0.204;80796.3;418.540
17:03:41;80796.0;0.005;0;0;80796.2;418.336
17:03:41;80796.1;0;0;0.006;80796.3;418.341
17:03:41;80796.0;0.001;0;0;80796.2;418.335
17:03:41;80796.1;0;0;0.001;80796.3;418.336
17:03:41;80797.4;0.067;0;0;80797.6;418.335
17:03:41;80797.5;0;0;0.001;80797.7;418.402
17:03:41;80797.4;0.025;0;0;80797.6;418.401
17:03:41;80797.5;0;0;0.003;80797.7;418.426
17:03:41;80800.7;0.032;0;0;80800.9;418.423
17:03:41;80800.8;0;0;0.001;80801.0;418.455
17:03:41;80803.0;0.495;0;0;80803.2;418.454
17:03:41;80803.1;0;0;0.005;80803.3;418.949
17:03:41;80803.0;3.163;0;0;80803.2;418.944
17:03:41;80803.2;0;0;2.051;80803.4;422.107
17:03:41;80796.9;0.003;0;0;80797.1;420.056
17:03:40;80793.9;0;0;10.045;80794.1;420.059
17:03:40;80793.8;0.031;0;0;80794.0;410.014
17:03:39;80787.5;0;0;0.190;80787.7;410.045
17:03:39;80787.4;0.269;0;0;80787.6;409.855
17:03:39;80787.5;0;0;0.278;80787.7;410.124
17:03:38;80787.4;0.632;0;0;80787.6;409.846
17:03:38;80787.5;0;0;0.062;80787.7;410.478
17:03:38;80787.4;0.048;0;0;80787.6;410.416
17:03:38;80787.5;0;0;0.082;80787.7;410.464
17:03:38;80791.1;0.393;0;0;80791.3;410.382
17:03:38;80791.2;0;0;0.007;80791.4;410.775
17:03:38;80791.1;0.002;0;0;80791.3;410.768
17:03:38;80791.2;0;0;0.061;80791.4;410.770
17:03:37;80791.1;0.186;0;0;80791.3;410.709
17:03:37;80791.2;0;0;0.012;80791.4;410.895
17:03:37;80791.1;0.015;0;0;80791.3;410.883
17:03:37;80791.2;0;0;0.051;80791.4;410.898
17:03:37;80791.1;0.054;0;0;80791.3;410.847
17:03:36;80791.2;0;0;0.013;80791.4;410.901
17:03:36;80791.1;0.037;0;0;80791.3;410.888
17:03:35;80791.2;0;0;0.143;80791.4;410.925
17:03:35;80791.1;0.006;0;0;80791.3;410.782
17:03:35;80777.4;0;0;2.650;80777.6;410.788
17:03:34;80777.3;0.053;0;0;80777.5;408.138
17:03:34;80777.4;0;0;0.016;80777.6;408.191
17:03:34;80777.3;0.179;0;0;80777.5;408.175
17:03:34;80777.4;0;0;1.374;80777.6;408.354
17:03:34;80777.3;0.125;0;0;80777.5;406.980
17:03:33;80771.2;0;0;0.364;80771.4;407.105
17:03:33;80771.1;0.018;0;0;80771.3;406.741
17:03:33;80771.2;0;0;0.001;80771.4;406.759
17:03:33;80771.1;0.252;0;0;80771.3;406.758
17:03:33;80767.3;0;0;1.986;80767.5;407.010
17:03:32;80767.2;0.482;0;0;80767.4;405.024
17:03:32;80767.3;0;0;0.001;80767.5;405.506
17:03:32;80767.2;0.014;0;0;80767.4;405.505
17:03:32;80763.0;0;0;0.849;80763.2;405.519
17:03:32;80762.9;0.141;0;0;80763.1;404.670
17:03:31;80759.9;0;0;0.130;80760.1;404.811
17:03:31;80759.8;0.001;0;0.047;80760.0;404.681
17:03:31;80759.7;0.012;0;0;80759.9;404.635
17:03:31;80755.1;0;0;0.110;80755.3;404.647
17:03:31;80755.0;0.002;0;0;80755.2;404.537
17:03:31;80751.3;0;0;0.092;80751.5;404.539
17:03:31;80751.2;0.003;0;0;80751.4;404.447
17:03:31;80751.3;0;0;0.062;80751.5;404.450
17:03:30;80751.2;0.020;0;0;80751.4;404.388
17:03:30;80751.3;0;0;0.002;80751.5;404.408
17:03:30;80751.2;0.068;0;0;80751.4;404.406
17:03:30;80751.3;0;0;0.031;80751.5;404.474
17:03:30;80751.2;0.001;0;0;80751.4;404.443
17:03:30;80745.3;0;0;0.404;80745.5;404.444
17:03:29;80745.2;0.146;0;0;80745.4;404.040
17:03:29;80745.3;0;0;0.013;80745.5;404.186
17:03:29;80745.2;0.068;0;0;80745.4;404.173
17:03:29;80745.3;0;0;0.001;80745.5;404.241
17:03:28;80745.2;1.005;0;0;80745.4;404.240
17:03:28;80745.3;0;0;0.095;80745.5;405.245
17:03:27;80751.3;0.739;0;0;80751.5;405.150
17:03:27;80751.4;0;0;0.002;80751.6;405.889
17:03:27;80751.3;0.005;0;0;80751.5;405.887
17:03:27;80751.4;0;0;0.004;80751.6;405.892
17:03:27;80752.2;0.035;0;0;80752.4;405.888
17:03:26;80752.3;0;0;0.303;80752.5;405.923
17:03:26;80752.2;0.027;0;0;80752.4;405.620
17:03:26;80752.3;0;0;0.010;80752.5;405.647
17:03:26;80752.2;0.011;0;0;80752.4;405.637
17:03:26;80752.3;0;0;0.017;80752.5;405.648
17:03:26;80757.3;2.936;0;0;80757.5;405.631
17:03:26;80757.4;0;0;0.004;80757.6;408.567
17:03:26;80757.3;0.138;0;0;80757.5;408.563
17:03:26;80757.4;0;0;0.135;80757.6;408.701
17:03:26;80757.3;0.018;0;0;80757.5;408.566
17:03:26;80757.4;0;0;0.255;80757.6;408.584
17:03:25;80757.3;0.119;0;0;80757.5;408.329
17:03:25;80757.4;0;0;0.002;80757.6;408.448
17:03:24;80757.3;0.357;0;0;80757.5;408.446
17:03:24;80757.4;0;0;0.160;80757.6;408.803
17:03:24;80757.3;0.037;0;0;80757.5;408.643
17:03:23;80757.4;0;0;0.121;80757.6;408.680
17:03:23;80757.3;0.002;0;0;80757.5;408.559
17:03:23;80757.4;0;0;0.010;80757.6;408.561
17:03:23;80757.3;0.001;0;0;80757.5;408.551
17:03:22;80755.7;0;0;0.153;80755.9;408.552
17:03:22;80755.6;0.108;0;0;80755.8;408.399
17:03:22;80755.7;0;0;0.102;80755.9;408.507
17:03:21;80755.6;0.010;0;0;80755.8;408.405
17:03:21;80755.7;0;0;0.024;80755.9;408.415
17:03:21;80755.6;0.083;0;0;80755.8;408.391
17:03:21;80755.7;0;0;0.049;80755.9;408.474
17:03:20;80755.6;0.056;0;0;80755.8;408.425
17:03:20;80754.9;0;0;0.056;80755.1;408.481
17:03:20;80754.8;0.001;0;0;80755.0;408.425
17:03:20;80752.3;0;0;0.234;80752.5;408.426
17:03:20;80752.2;0.043;0;0;80752.4;408.192
17:03:20;80752.3;0;0;0.006;80752.5;408.235
17:03:19;80752.2;0.033;0;0;80752.4;408.229
17:03:19;80752.3;0;0;0.085;80752.5;408.262
17:03:19;80752.2;0.002;0;0;80752.4;408.177
17:03:19;80752.3;0;0;0.002;80752.5;408.179
17:03:19;80752.2;0.361;0;0;80752.4;408.177
17:03:18;80748.0;0;0;0.124;80748.2;408.538
17:03:18;80747.9;0.123;0;0;80748.1;408.414
17:03:18;80742.9;0;0;3.428;80743.1;408.537
17:03:18;80742.8;0.051;0;0;80743.0;405.109
17:03:18;80742.9;0;0;0.001;80743.1;405.160
17:03:18;80742.8;0.006;0;0;80743.0;405.159
17:03:18;80742.9;0;0;0.032;80743.1;405.165
17:03:18;80742.8;0.001;0;0;80743.0;405.133
17:03:18;80742.9;0;0;0.011;80743.1;405.134
17:03:18;80742.8;0.019;0;0;80743.0;405.123
17:03:17;80742.9;0;0;0.001;80743.1;405.142
17:03:17;80742.8;0.003;0;0;80743.0;405.141
17:03:17;80735.5;0;0;2.091;80735.7;405.144
17:03:17;80735.4;0.015;0;0;80735.6;403.053
17:03:17;80733.1;0;0;0.711;80733.3;403.068
17:03:17;80733.0;0.008;0;0;80733.2;402.357
17:03:17;80733.1;0;0;0.015;80733.3;402.365
17:03:17;80733.0;1.404;0;0;80733.2;402.350
17:03:16;80731.7;0;0;0.308;80731.9;403.754
17:03:16;80731.5;0.001;0;0;80731.7;403.446
17:03:16;80731.1;0;0;0.006;80731.3;403.447
17:03:16;80730.8;0.002;0;0;80731.0;403.441
17:03:16;80728.9;0;0;0.080;80729.1;403.443
17:03:16;80728.8;0.124;0;0;80729.0;403.363
17:03:16;80728.9;0;0;0.030;80729.1;403.487
17:03:16;80728.8;0.062;0;0;80729.0;403.457
17:03:16;80727.9;0;0;0.209;80728.1;403.519
17:03:16;80727.8;0.001;0;0;80728.0;403.310
17:03:15;80721.7;0;0;0.512;80721.9;403.311
17:03:15;80721.6;0.500;0;0;80721.8;402.799
17:03:15;80721.7;0;0;0.112;80721.9;403.299
17:03:14;80721.6;0.009;0;0;80721.8;403.187
17:03:14;80721.7;0;0;0.029;80721.9;403.196
17:03:14;80721.6;0.027;0;0;80721.8;403.167
17:03:14;80721.7;0;0;0.034;80721.9;403.194
17:03:14;80721.6;0.111;0;0;80721.8;403.160
17:03:13;80721.7;0;0;0.002;80721.9;403.271
17:03:13;80721.6;0.119;0;0;80721.8;403.269
17:03:13;80721.7;0;0;0.022;80721.9;403.388
17:03:13;80721.6;0.004;0;0;80721.8;403.366
17:03:13;80721.7;0;0;0.002;80721.9;403.370
17:03:12;80721.6;0.190;0;0;80721.8;403.368
17:03:12;80721.7;0;0;0.009;80721.9;403.558
17:03:12;80721.6;0.165;0;0;80721.8;403.549
17:03:12;80721.7;0;0;0.012;80721.9;403.714
17:03:11;80721.6;0.152;0;0;80721.8;403.702
17:03:11;80721.7;0;0;0.006;80721.9;403.854
17:03:11;80721.6;0.521;0;0;80721.8;403.848
17:03:11;80721.7;0;0;0.620;80721.9;404.369
17:03:10;80721.6;0.133;0;0;80721.8;403.749
17:03:10;80721.7;0;0;0.007;80721.9;403.882
17:03:10;80721.6;0.089;0;0;80721.8;403.875
17:03:10;80721.7;0;0;0.187;80721.9;403.964
17:03:09;80721.6;0.142;0;0;80721.8;403.777
17:03:09;80721.7;0;0;0.064;80721.9;403.919
17:03:09;80721.6;0.214;0;0;80721.8;403.855
17:03:09;80721.7;0;0;0.006;80721.9;404.069
17:03:09;80733.7;2.241;0;0;80733.9;404.063
17:03:08;80733.8;0;0;0.028;80734.0;406.304
17:03:08;80733.7;0.051;0;0;80733.9;406.276
17:03:08;80733.8;0;0;0.001;80734.0;406.327
17:03:08;80733.7;0.095;0;0;80733.9;406.326
17:03:07;80733.8;0;0;0.004;80734.0;406.421
17:03:07;80733.7;0.229;0;0;80733.9;406.417
17:03:07;80733.8;0;0;1.454;80734.0;406.646
17:03:07;80741.1;0.843;0;0;80741.3;405.192
17:03:07;80741.2;0;0;0.010;80741.4;406.035
17:03:06;80741.5;0.521;0;0;80741.7;406.025
17:03:06;80741.6;0;0;0.441;80741.8;406.546
17:03:06;80741.5;0.179;0;0;80741.7;406.105
17:03:06;80741.6;0;0;0.026;80741.8;406.284
17:03:06;80741.8;0.061;0;0;80742.0;406.258
17:03:06;80741.9;0;0;0.030;80742.1;406.319
17:03:06;80743.7;2.004;0;0;80743.9;406.289
17:03:05;80743.8;0;0;0.070;80744.0;408.293
17:03:05;80743.7;0.002;0;0;80743.9;408.223
17:03:05;80743.8;0;0;0.062;80744.0;408.225
17:03:05;80743.7;0.018;0;0;80743.9;408.163
17:03:05;80743.8;0;0;0.055;80744.0;408.181
17:03:04;80743.7;0.013;0;0;80743.9;408.126
17:03:04;80743.8;0;0;0.028;80744.0;408.139
17:03:04;80743.7;0.014;0;0;80743.9;408.111
17:03:04;80743.8;0;0;0.001;80744.0;408.125
17:03:04;80743.7;0.302;0;0;80743.9;408.124
17:03:04;80741.9;0;0;0.176;80742.1;408.426
17:03:03;80741.8;0.159;0;0;80742.0;408.250
17:03:03;80741.9;0;0;0.186;80742.1;408.409
17:03:03;80741.8;0.004;0;0;80742.0;408.223
17:03:03;80741.9;0;0;0.980;80742.1;408.227
17:03:03;80743.7;0.023;0;0;80743.9;407.247
17:03:03;80743.8;0;0;0.030;80744.0;407.270
17:03:03;80743.7;0.077;0;0;80743.9;407.240
17:03:03;80743.8;0;0;0.002;80744.0;407.317
17:03:02;80751.3;3.620;0;0;80751.5;407.315
17:03:02;80751.4;0;0;0.013;80751.6;410.935
17:03:02;80751.3;0.001;0;0;80751.5;410.922
17:03:02;80751.4;0;0;0.001;80751.6;410.923
17:03:02;80751.3;0.059;0;0;80751.5;410.922
17:03:02;80751.4;0;0;0.009;80751.6;410.981
17:03:02;80751.3;0.324;0;0;80751.5;410.972
17:03:02;80745.8;0;0;0.246;80746.0;411.296
17:03:02;80745.7;0.022;0;0;80745.9;411.050
17:03:02;80745.8;0;0;0.385;80746.0;411.072
17:03:02;80745.7;0.001;0;0.011;80745.9;410.687
17:03:02;80745.6;0.001;0;0;80745.8;410.677
17:03:02;80741.8;0;0;0.361;80742.0;410.678
17:03:02;80741.7;0.001;0;0;80741.9;410.317
17:03:02;80741.8;0;0;0.008;80742.0;410.318
17:03:01;80741.7;0.051;0;0;80741.9;410.310
17:03:01;80741.8;0;0;0.150;80742.0;410.361
17:03:01;80741.7;0.363;0;0;80741.9;410.211
17:03:01;80741.8;0;0;1.021;80742.0;410.574
17:03:00;80741.7;0.031;0;0;80741.9;409.553
17:03:00;80741.8;0;0;0.027;80742.0;409.584
17:03:00;80746.9;0.324;0;0;80747.1;409.557
17:03:00;80747.0;0;0;0.035;80747.2;409.881
17:03:00;80746.9;0.010;0;0;80747.1;409.846
17:03:00;80747.0;0;0;0.011;80747.2;409.856
17:03:00;80746.9;0.067;0;0;80747.1;409.845
17:03:00;80747.0;0;0;0.001;80747.2;409.912
17:03:00;80746.9;0.001;0;0;80747.1;409.911
17:03:00;80747.0;0;0;0.026;80747.2;409.912
17:03:00;80746.9;0.001;0;0;80747.1;409.886
17:03:00;80744.2;0;0;0.209;80744.4;409.887
17:03:00;80744.1;0.001;0;0;80744.3;409.678
17:03:00;80740.8;0;0;0.030;80741.0;409.679
17:03:00;80739.8;0.001;0;0;80740.0;409.649
17:03:00;80739.4;0;0;0.030;80739.6;409.650
17:03:00;80739.3;0.002;0;0;80739.5;409.620
17:03:00;80739.2;0;0;0.003;80739.4;409.622
17:03:00;80738.9;0.001;0;0;80739.1;409.619
17:03:00;80733.7;0;0;1.055;80733.9;409.620
17:02:59;80733.6;0.259;0;0;80733.8;408.565
17:02:59;80733.7;0;0;0.063;80733.9;408.824
17:02:59;80733.6;0.028;0;0;80733.8;408.761
17:02:59;80733.7;0;0;0.005;80733.9;408.789
17:02:59;80733.6;0.025;0;0;80733.8;408.784
17:02:59;80733.7;0;0;0.012;80733.9;408.809
17:02:59;80733.6;0.008;0;0;80733.8;408.797
17:02:59;80731.3;0;0;0.489;80731.5;408.805
17:02:59;80731.2;0.001;0;0;80731.4;408.316
17:02:59;80723.5;0;0;4.379;80723.7;408.317
17:02:58;80724.9;0.145;0;0;80725.1;403.938
17:02:58;80725.0;0;0;0.039;80725.2;404.083
17:02:58;80724.9;0.020;0;0;80725.1;404.044
17:02:58;80725.0;0;0;0.650;80725.2;404.064
17:02:58;80724.9;0.015;0;0;80725.1;403.414
17:02:58;80725.0;0;0;0.019;80725.2;403.429
17:02:58;80724.9;0.123;0;0;80725.1;403.410
17:02:58;80725.0;0;0;0.002;80725.2;403.533
17:02:58;80724.9;1.100;0;0;80725.1;403.531
17:02:58;80725.0;0;0;0.001;80725.2;404.631
17:02:58;80724.9;0.006;0;0;80725.1;404.630
17:02:58;80725.0;0;0;0.003;80725.2;404.636
17:02:58;80724.9;0.060;0;0;80725.1;404.633
17:02:58;80725.0;0;0;0.021;80725.2;404.693
17:02:57;80736.4;0.903;0;0;80736.6;404.672
17:02:57;80736.5;0.013;0;0.047;80736.7;405.575
17:02:57;80736.6;0;0;0.006;80736.8;405.541
17:02:57;80738.2;0.414;0;0;80738.4;405.535
17:02:57;80738.3;0;0;0.023;80738.5;405.949
17:02:57;80739.3;1.793;0;0;80739.5;405.926
17:02:57;80739.4;0;0;0.006;80739.6;407.719
17:02:57;80739.3;0.001;0;0;80739.5;407.713
17:02:56;80739.6;0;0;0.006;80739.8;407.714
17:02:56;80756.9;6.806;0;0;80757.1;407.708
17:02:56;80757.0;0;0;0.010;80757.2;414.514
17:02:56;80756.9;1.116;0;0;80757.1;414.504
17:02:55;80757.0;0;0;0.006;80757.2;415.620
17:02:55;80756.9;0.009;0;0;80757.1;415.614
17:02:55;80757.0;0;0;0.079;80757.2;415.623
17:02:55;80758.7;1.878;0;0;80758.9;415.544
17:02:55;80758.8;0;0;0.049;80759.0;417.422
17:02:55;80762.7;2.362;0;0;80762.9;417.373
17:02:55;80762.8;0;0;0.001;80763.0;419.735
17:02:55;80764.3;3.729;0;0;80764.5;419.734
17:02:54;80764.4;0.692;0;0.005;80764.6;423.463
17:02:54;80764.5;0;0;0.002;80764.7;424.150
17:02:54;80764.4;0.075;0;0;80764.6;424.148
17:02:54;80768.8;3.000;0;0;80769.0;424.223
17:02:54;80768.9;0;0;0.001;80769.1;427.223
17:02:54;80768.8;0.090;0;0;80769.0;427.222
17:02:54;80768.9;0;0;0.003;80769.1;427.312
17:02:54;80768.8;0.029;0;0;80769.0;427.309
17:02:54;80768.9;0;0;0.003;80769.1;427.338
17:02:53;80768.8;0.051;0;0;80769.0;427.335
17:02:53;80768.9;0;0;1.000;80769.1;427.386
17:02:53;80768.8;0.300;0;0;80769.0;426.386
17:02:53;80768.9;0;0;0.002;80769.1;426.686
17:02:53;80768.8;0.005;0;0;80769.0;426.684
17:02:53;80768.7;0.021;0;0;80768.9;426.689
17:02:53;80773.8;2.837;0;0;80774.0;426.710
17:02:53;80773.9;0;0;0.002;80774.1;429.547
17:02:53;80773.8;0.052;0;0;80774.0;429.545
17:02:53;80773.9;0;0;0.017;80774.1;429.597
17:02:53;80773.8;0.074;0;0;80774.0;429.580
17:02:53;80773.9;0;0;0.050;80774.1;429.654
17:02:53;80773.8;0.355;0;0;80774.0;429.604
17:02:53;80773.9;0;0;0.050;80774.1;429.959
17:02:53;80775.6;0.133;0;0;80775.8;429.909
17:02:53;80775.7;0;0;0.002;80775.9;430.042
17:02:53;80776.7;0.151;0;0;80776.9;430.040
17:02:52;80776.8;0;0;0.015;80777.0;430.191
17:02:52;80776.7;0.004;0;0;80776.9;430.176
17:02:52;80776.8;0;0;0.003;80777.0;430.180
17:02:52;80779.2;0.246;0;0;80779.4;430.177
17:02:52;80779.3;0;0;0.002;80779.5;430.423
17:02:52;80784.2;0.417;0;0;80784.4;430.421
17:02:52;80784.3;0;0;0.062;80784.5;430.838
17:02:51;80792.9;7.841;0;0;80793.1;430.776
17:02:51;80793.0;0;0;0.007;80793.2;438.617
17:02:51;80797.3;0.289;0;0;80797.5;438.610
17:02:51;80797.4;0;0;0.009;80797.6;438.899
17:02:51;80799.9;4.429;0;0;80800.1;438.890
17:02:51;80800.0;0;0;0.002;80800.2;443.319
17:02:51;80799.9;0.084;0;0;80800.1;443.317
17:02:51;80800.0;0;0;0.127;80800.2;443.401
17:02:51;80804.6;0.885;0;0;80804.8;443.274
17:02:50;80804.7;0;0;0.031;80804.9;444.159
17:02:50;80804.6;0.072;0;0;80804.8;444.128
17:02:50;80804.7;0;0;0.005;80804.9;444.200
17:02:50;80804.6;0.055;0;0;80804.8;444.195
17:02:50;80804.7;0;0;0.032;80804.9;444.250
17:02:50;80804.6;0.012;0;0;80804.8;444.218
17:02:49;80804.7;0;0;0.044;80804.9;444.230
17:02:49;80804.6;0.001;0;0;80804.8;444.186
17:02:49;80804.7;0;0;0.098;80804.9;444.187
17:02:49;80804.6;0.012;0;0;80804.8;444.089
17:02:49;80804.7;0;0;0.771;80804.9;444.101
17:02:49;80804.6;0.224;0;0;80804.8;443.330
17:02:49;80804.7;0;0;0.024;80804.9;443.554
17:02:49;80804.6;0.190;0;0;80804.8;443.530
17:02:49;80804.7;0;0;0.002;80804.9;443.720
17:02:49;80804.6;0.002;0;0;80804.8;443.718
17:02:49;80804.7;0;0;0.558;80804.9;443.720
17:02:49;80804.6;0.002;0;0;80804.8;443.162
17:02:48;80804.7;0;0;0.280;80804.9;443.164
17:02:48;80804.6;0.015;0;0;80804.8;442.884
17:02:48;80804.7;0;0;0.364;80804.9;442.899
17:02:48;80804.6;0.021;0;0;80804.8;442.535
17:02:48;80804.7;0;0;0.020;80804.9;442.556
17:02:48;80813.8;0.445;0;0;80814.0;442.536
17:02:48;80813.9;0;0;0.005;80814.1;442.981
17:02:48;80814.5;0.034;0;0;80814.7;442.976
17:02:48;80814.6;0;0;0.002;80814.8;443.010
17:02:48;80816.7;0.445;0;0;80816.9;443.008
17:02:48;80816.8;0;0;0.009;80817.0;443.453
17:02:48;80818.0;5.258;0;0;80818.2;443.444
17:02:47;80818.1;0;0;0.018;80818.3;448.702
17:02:47;80818.0;0.020;0;0;80818.2;448.684
17:02:47;80818.1;0;0;0.417;80818.3;448.704
17:02:47;80818.0;0.131;0;0;80818.2;448.287
17:02:47;80818.1;0;0;0.022;80818.3;448.418
17:02:47;80818.0;0.002;0;0;80818.2;448.396
17:02:47;80818.1;0;0;1.187;80818.3;448.398
17:02:46;80818.2;0.535;0;0;80818.4;447.211
17:02:46;80818.3;0;0;0.028;80818.5;447.746
17:02:46;80818.2;0.018;0;0;80818.4;447.718
17:02:46;80818.3;0;0;0.001;80818.5;447.736
17:02:46;80819.8;0.021;0;0;80820.0;447.735
17:02:46;80819.9;0;0;0.004;80820.1;447.756
17:02:46;80821.6;0.062;0;0;80821.8;447.752
17:02:46;80821.7;0;0;0.002;80821.9;447.814
17:02:46;80837.0;3.467;0;0;80837.2;447.812
17:02:46;80837.1;0;0;1.507;80837.3;451.279
17:02:46;80837.0;0.034;0;0;80837.2;449.772
17:02:46;80837.1;0;0;0.256;80837.3;449.806
17:02:46;80837.0;0.001;0;0;80837.2;449.550
17:02:46;80837.1;0;0;0.032;80837.3;449.551
17:02:46;80837.0;0.101;0;0;80837.2;449.519
17:02:45;80837.1;0;0;0.008;80837.3;449.620
17:02:45;80840.6;0.124;0;0;80840.8;449.612
17:02:45;80840.7;0;0;0.001;80840.9;449.736
17:02:45;80840.6;0.050;0;0;80840.8;449.735
17:02:45;80840.7;0;0;0.001;80840.9;449.785
17:02:45;80845.3;0.119;0;0;80845.5;449.784
17:02:45;80845.4;0;0;0.014;80845.6;449.903
17:02:45;80849.6;0.067;0;0;80849.8;449.889
17:02:45;80849.7;0;0;0.003;80849.9;449.956
17:02:45;80849.6;0.002;0;0;80849.8;449.953
17:02:45;80845.4;0;0;4.076;80845.6;449.955
17:02:45;80845.3;0.052;0;0;80845.5;445.879
17:02:45;80844.7;0;0;0.192;80844.9;445.931
17:02:45;80844.6;0.002;0;0;80844.8;445.739
17:02:45;80841.3;0;0;0.026;80841.5;445.741
17:02:45;80837.1;0;0;4.794;80837.3;445.715
17:02:44;80837.0;0.014;0;0;80837.2;440.921
17:02:44;80837.1;0;0;0.071;80837.3;440.935
17:02:44;80837.0;0.010;0;0;80837.2;440.864
17:02:44;80837.1;0;0;0.007;80837.3;440.874
17:02:44;80837.0;0.019;0;0;80837.2;440.867
17:02:44;80837.1;0;0;0.010;80837.3;440.886
17:02:44;80837.0;0.260;0;0;80837.2;440.876
17:02:44;80837.1;0;0;0.001;80837.3;441.136
17:02:43;80837.0;0.522;0;0;80837.2;441.135
17:02:43;80837.1;0;0;0.150;80837.3;441.657
17:02:43;80837.0;0.003;0;0;80837.2;441.507
17:02:43;80837.1;0;0;0.010;80837.3;441.510
17:02:43;80837.0;0.001;0;0;80837.2;441.500
17:02:43;80837.1;0;0;0.029;80837.3;441.501
17:02:43;80837.0;0.001;0;0;80837.2;441.472
17:02:43;80837.1;0;0;1.058;80837.3;441.473
17:02:43;80837.0;0.156;0;0;80837.2;440.415
17:02:42;80837.1;0;0;0.105;80837.3;440.571
17:02:42;80837.0;0.001;0;0;80837.2;440.466
17:02:42;80837.1;0;0;0.017;80837.3;440.467
17:02:42;80837.0;0.002;0;0;80837.2;440.450
17:02:42;80837.1;0;0;0.064;80837.3;440.452
17:02:42;80837.0;0.001;0;0;80837.2;440.388
17:02:41;80837.1;0;0;0.001;80837.3;440.389
17:02:41;80837.0;0.172;0;0;80837.2;440.388
17:02:41;80837.1;0;0;8.240;80837.3;440.560
17:02:41;80848.8;4.385;0;0;80849.0;432.320
17:02:40;80848.9;0;0;0.061;80849.1;436.705
17:02:40;80848.8;0.012;0;0;80849.0;436.644
17:02:40;80845.4;0;0;0.471;80845.6;436.656
17:02:40;80845.3;0.020;0;0;80845.5;436.185
17:02:39;80845.4;0;0;0.543;80845.6;436.205
17:02:39;80845.3;0.008;0;0;80845.5;435.662
17:02:39;80845.4;0;0;0.089;80845.6;435.670
17:02:39;80852.5;2.052;0;0;80852.7;435.581
17:02:39;80852.6;0;0;0.024;80852.8;437.633
17:02:39;80852.5;0.059;0;0;80852.7;437.609
17:02:39;80852.6;0;0;0.002;80852.8;437.668
17:02:39;80857.6;0.036;0;0;80857.8;437.666
17:02:39;80857.7;0;0;0.001;80857.9;437.702
17:02:39;80859.6;0.335;0;0;80859.8;437.701
17:02:39;80859.5;0.004;0;0;80859.7;438.036
17:02:39;80857.6;0.200;0;0;80857.8;438.040
17:02:39;80844.6;0;0;3.872;80844.8;438.240
17:02:39;80844.5;0.001;0;0;80844.7;434.368
17:02:39;80844.6;0;0;0.014;80844.8;434.369
17:02:38;80844.5;3.409;0;0;80844.7;434.355
17:02:38;80841.4;0;0;0.951;80841.6;437.764
17:02:38;80841.3;0.002;0;0;80841.5;436.813
17:02:38;80837.1;0;0;0.146;80837.3;436.815
17:02:38;80837.0;0.177;0;0;80837.2;436.669
17:02:38;80837.1;0;0;0.060;80837.3;436.846
17:02:38;80841.3;0.523;0;0;80841.5;436.786
17:02:38;80841.4;0;0;0.021;80841.6;437.309
17:02:37;80841.3;0.035;0;0;80841.5;437.288
17:02:37;80841.4;0;0;0.153;80841.6;437.323
17:02:37;80841.3;0.002;0;0;80841.5;437.170
17:02:37;80837.1;0;0;0.227;80837.3;437.172
17:02:37;80840.0;0.371;0;0;80840.2;436.945
17:02:37;80840.1;0;0;0.047;80840.3;437.316
17:02:37;80841.3;0.231;0;0;80841.5;437.269
17:02:37;80841.4;0;0;1.046;80841.6;437.500
17:02:37;80841.3;0.025;0;0;80841.5;436.454
17:02:37;80841.4;0;0;0.001;80841.6;436.479
17:02:37;80841.3;0.002;0;0;80841.5;436.478
17:02:37;80841.4;0;0;0.016;80841.6;436.480
17:02:37;80841.3;0.001;0;0;80841.5;436.464
17:02:36;80841.4;0;0;0.001;80841.6;436.465
17:02:36;80841.3;0.007;0;0;80841.5;436.464
17:02:36;80841.4;0;0;0.007;80841.6;436.471
17:02:36;80841.3;0.024;0;0;80841.5;436.464
17:02:36;80841.4;0;0;0.036;80841.6;436.488
17:02:36;80841.3;0.084;0;0;80841.5;436.452
17:02:36;80841.4;0;0;0.006;80841.6;436.536
17:02:36;80842.4;0.082;0;0;80842.6;436.530
17:02:36;80842.5;0;0;0.258;80842.7;436.612
17:02:36;80842.7;0.004;0;0;80842.9;436.354
17:02:36;80843.0;0;0;0.011;80843.2;436.358
17:02:36;80849.4;0.106;0;0;80849.6;436.347
17:02:36;80849.5;0;0;0.006;80849.7;436.453
17:02:36;80849.8;0.379;0;0;80850.0;436.447
17:02:36;80849.9;0;0;0.001;80850.1;436.826
17:02:36;80849.8;0.030;0;0;80850.0;436.825
17:02:36;80849.9;0;0;0.002;80850.1;436.855
17:02:36;80849.8;0.018;0;0;80850.0;436.853
17:02:36;80849.9;0;0;0.001;80850.1;436.871
17:02:36;80853.2;0.066;0;0;80853.4;436.870
17:02:36;80853.3;0;0;0.009;80853.5;436.936
17:02:35;80853.2;0.201;0;0;80853.4;436.927
17:02:35;80853.3;0;0;0.001;80853.5;437.128
17:02:35;80853.2;1.113;0;0;80853.4;437.127
17:02:35;80853.3;0;0;0.372;80853.5;438.240
17:02:35;80853.2;0.017;0;0;80853.4;437.868
17:02:35;80853.3;0;0;0.339;80853.5;437.885
17:02:35;80853.2;0.001;0;0;80853.4;437.546
17:02:35;80853.3;0;0;0.014;80853.5;437.547
17:02:35;80853.2;0.069;0;0;80853.4;437.533
17:02:34;80853.3;0;0;0.932;80853.5;437.602
17:02:34;80853.2;0.078;0;0;80853.4;436.670
17:02:34;80853.3;0;0;0.010;80853.5;436.748
17:02:34;80853.2;0.007;0;0;80853.4;436.738
17:02:34;80853.3;0;0;0.355;80853.5;436.745
17:02:34;80853.2;0.074;0;0;80853.4;436.390
17:02:34;80853.3;0;0;0.018;80853.5;436.464
17:02:34;80853.2;0.054;0;0;80853.4;436.446
17:02:34;80853.3;0;0;0.189;80853.5;436.500
17:02:33;80853.2;0.005;0;0;80853.4;436.311
17:02:33;80853.3;0;0;0.089;80853.5;436.316
17:02:33;80853.2;0.033;0;0;80853.4;436.227
17:02:33;80853.3;0;0;0.003;80853.5;436.260
17:02:33;80853.2;0.089;0;0;80853.4;436.257
17:02:33;80853.3;0;0;0.086;80853.5;436.346
17:02:33;80853.2;0.002;0;0;80853.4;436.260
17:02:33;80849.8;0;0;0.049;80850.0;436.262
17:02:32;80849.7;0.009;0;0;80849.9;436.213
17:02:32;80849.8;0;0;0.179;80850.0;436.222
17:02:32;80849.7;0.004;0;0;80849.9;436.043
17:02:32;80849.8;0;0;1.449;80850.0;436.047
17:02:32;80849.7;0.411;0;0;80849.9;434.598
17:02:31;80849.8;0;0;0.144;80850.0;435.009
17:02:31;80849.7;0.111;0;0;80849.9;434.865
17:02:31;80849.8;0;0;4.047;80850.0;434.976
17:02:31;80849.7;1.206;0;0;80849.9;430.929
17:02:31;80849.8;0;0;0.005;80850.0;432.135
17:02:31;80849.7;0.014;0;0;80849.9;432.130
17:02:31;80849.8;0;0;0.001;80850.0;432.144
17:02:31;80849.7;0.124;0;0;80849.9;432.143
17:02:31;80849.8;0;0;0.006;80850.0;432.267
17:02:31;80849.7;0.055;0;0;80849.9;432.261
17:02:31;80849.8;0;0;0.005;80850.0;432.316
17:02:31;80849.7;0.001;0;0;80849.9;432.311
17:02:31;80849.8;0;0;0.026;80850.0;432.312
17:02:31;80849.7;0.002;0;0;80849.9;432.286
17:02:30;80849.8;0;0;0.170;80850.0;432.288
17:02:30;80849.7;0.001;0;0;80849.9;432.118
17:02:30;80849.8;0;0;0.080;80850.0;432.119
17:02:30;80849.7;0.272;0;0;80849.9;432.039
17:02:30;80849.8;0;0;0.035;80850.0;432.311
17:02:30;80849.7;0.029;0;0;80849.9;432.276
17:02:30;80841.4;0;0;27.491;80841.6;432.305
17:02:30;80841.3;0.487;0;0;80841.5;404.814
17:02:30;80841.4;0;0;0.003;80841.6;405.301
17:02:30;80841.3;0.402;0;0;80841.5;405.298
17:02:30;80841.4;0;0;0.012;80841.6;405.700
17:02:29;80841.3;0.151;0;0;80841.5;405.688
17:02:29;80840.0;0;0;0.218;80840.2;405.839
17:02:29;80839.9;0.001;0;0;80840.1;405.621
17:02:29;80840.0;0;0;0.005;80840.2;405.622
17:02:29;80839.9;9.900;0;0;80840.1;405.617
17:02:29;80840.0;0;0;0.005;80840.2;415.517
17:02:29;80844.7;0.640;0;0;80844.9;415.512
17:02:28;80840.0;0;0;5.438;80840.2;416.152
17:02:28;80844.6;0.520;0;0;80844.8;410.714
17:02:28;80844.7;0;0;0.113;80844.9;411.234
17:02:28;80848.7;0.426;0;0;80848.9;411.121
17:02:28;80848.8;0;0;0.276;80849.0;411.547
17:02:28;80852.7;1.138;0;0;80852.9;411.271
17:02:28;80852.8;0;0;0.533;80853.0;412.409
17:02:28;80852.7;0.012;0;0;80852.9;411.876
17:02:27;80852.8;0;0;0.100;80853.0;411.888
17:02:27;80852.7;0.551;0;0;80852.9;411.788
17:02:27;80852.8;0;0;0.125;80853.0;412.339
17:02:27;80852.7;0.076;0;0;80852.9;412.214
17:02:27;80852.8;0;0;0.076;80853.0;412.290
17:02:27;80852.7;0.002;0;0;80852.9;412.214
17:02:27;80852.8;0;0;0.012;80853.0;412.216
17:02:27;80852.7;0.001;0;0;80852.9;412.204
17:02:27;80852.8;0;0;0.353;80853.0;412.205
17:02:27;80855.9;0.161;0;0;80856.1;411.852
17:02:27;80856.0;0;0;0.312;80856.2;412.013
17:02:27;80856.8;0.022;0;0;80857.0;411.701
17:02:27;80856.9;0;0;0.001;80857.1;411.723
17:02:27;80860.6;0.053;0;0;80860.8;411.722
17:02:27;80860.7;0;0;0.891;80860.9;411.775
17:02:27;80865.8;3.133;0;0;80866.0;410.884
17:02:27;80865.9;0;0;0.002;80866.1;414.017
17:02:27;80865.8;0.003;0;0;80866.0;414.015
17:02:26;80865.9;0;0;2.373;80866.1;414.018
17:02:26;80865.8;0.008;0;0;80866.0;411.645
17:02:26;80865.9;0;0;0.182;80866.1;411.653
17:02:26;80865.8;0.015;0;0;80866.0;411.471
17:02:26;80865.2;0;0;0.807;80865.4;411.486
17:02:26;80865.1;0.012;0;0;80865.3;410.679
17:02:26;80864.2;0;0;1.159;80864.4;410.691
17:02:26;80864.1;0.296;0;0;80864.3;409.532
17:02:25;80864.2;0;0;0.916;80864.4;409.828
17:02:25;80864.1;0.001;0;0;80864.3;408.912
17:02:25;80864.2;0;0;0.049;80864.4;408.913
17:02:25;80864.1;0.013;0;0;80864.3;408.864
17:02:25;80864.2;0;0;0.190;80864.4;408.877
17:02:25;80864.1;0.500;0;0;80864.3;408.687
17:02:25;80864.2;0;0;1.407;80864.4;409.187
17:02:25;80864.1;0.061;0;0;80864.3;407.780
17:02:25;80864.2;0;0;0.233;80864.4;407.841
17:02:25;80864.1;0.124;0;0;80864.3;407.608
17:02:25;80863.5;0;0;0.041;80863.7;407.732
17:02:25;80863.4;0.001;0;0;80863.6;407.691
17:02:25;80863.5;0;0;0.048;80863.7;407.692
17:02:25;80863.4;0.010;0;0;80863.6;407.644
17:02:25;80859.6;0;0;0.442;80859.8;407.654
17:02:24;80864.1;0.578;0;0;80864.3;407.212
17:02:24;80864.2;0;0;2.096;80864.4;407.790
17:02:24;80864.1;1.000;0;0;80864.3;405.694
17:02:24;80864.2;0;0;0.010;80864.4;406.694
17:02:24;80864.1;0.002;0;0;80864.3;406.684
17:02:24;80864.2;0;0;0.019;80864.4;406.686
17:02:24;80864.1;0.137;0;0;80864.3;406.667
17:02:24;80864.2;0;0;0.002;80864.4;406.804
17:02:24;80864.3;0;0;0.002;80864.5;406.802
17:02:24;80871.8;3.168;0;0;80872.0;406.800
17:02:23;80871.9;0;0;0.220;80872.1;409.968
17:02:23;80871.8;0.002;0;0;80872.0;409.748
17:02:23;80871.9;0;0;0.148;80872.1;409.750
17:02:23;80871.8;0.025;0;0;80872.0;409.602
17:02:23;80871.9;0;0;0.004;80872.1;409.627
17:02:23;80871.8;0.002;0;0;80872.0;409.623
17:02:23;80871.9;0;0;0.605;80872.1;409.625
17:02:23;80871.3;0.017;0;0;80871.5;409.020
17:02:23;80871.9;0;0;0.034;80872.1;409.037
17:02:23;80871.2;0.545;0;0;80871.4;409.003
17:02:23;80864.2;0;0;3.535;80864.4;409.548
17:02:23;80864.1;0.002;0;0;80864.3;406.013
17:02:23;80860.6;0;0;0.820;80860.8;406.015
17:02:23;80860.5;0.082;0;0;80860.7;405.195
17:02:22;80860.6;0;0;0.207;80860.8;405.277
17:02:22;80864.1;1.002;0;0;80864.3;405.070
17:02:22;80864.2;0;0;0.022;80864.4;406.072
17:02:22;80864.1;0.081;0;0;80864.3;406.050
17:02:22;80864.2;0;0;0.370;80864.4;406.131
17:02:22;80864.1;0.022;0;0;80864.3;405.761
17:02:22;80864.2;0;0;0.105;80864.4;405.783
17:02:22;80864.1;0.005;0;0;80864.3;405.678
17:02:22;80864.2;0;0;0.003;80864.4;405.683
17:02:22;80864.1;0.002;0;0;80864.3;405.680
17:02:22;80864.2;0;0;0.006;80864.4;405.682
17:02:22;80864.1;0.001;0;0;80864.3;405.676
17:02:22;80864.2;0;0;0.089;80864.4;405.677
17:02:22;80864.1;0.002;0;0;80864.3;405.588
17:02:22;80864.2;0;0;0.022;80864.4;405.590
17:02:22;80864.1;0.112;0;0;80864.3;405.568
17:02:22;80864.2;0;0;0.470;80864.4;405.680
17:02:22;80864.1;0.003;0;0;80864.3;405.210
17:02:22;80864.2;0;0;0.025;80864.4;405.213
17:02:22;80864.1;0.002;0;0;80864.3;405.188
17:02:21;80864.2;0;0;0.200;80864.4;405.190
17:02:21;80864.8;0.023;0;0;80865.0;404.990
17:02:21;80864.9;0;0;0.001;80865.1;405.013
17:02:21;80869.7;0.142;0;0;80869.9;405.012
17:02:21;80869.8;0;0;0.002;80870.0;405.154
17:02:21;80869.7;0.006;0;0;80869.9;405.152
17:02:21;80869.8;0;0;0.033;80870.0;405.158
17:02:21;80868.6;0.035;0;0;80868.8;405.125
17:02:21;80868.7;0;0;0.274;80868.9;405.160
17:02:21;80866.4;0.002;0;0;80866.6;404.886
17:02:21;80867.9;0;0;1.076;80868.1;404.888
17:02:21;80865.8;0.009;0;0;80866.0;403.812
17:02:21;80862.4;0;0;2.914;80862.6;403.821
17:02:21;80862.3;0.043;0;0;80862.5;400.907
17:02:21;80860.4;0;0;2.586;80860.6;400.950
17:02:21;80860.3;0.025;0;0;80860.5;398.364
17:02:21;80860.0;0;0;2.044;80860.2;398.389
17:02:21;80859.9;0.004;0;0;80860.1;396.345
17:02:21;80860.0;0;0;0.002;80860.2;396.349
17:02:21;80859.9;0.031;0;0;80860.1;396.347
17:02:21;80856.2;0;0;1.417;80856.4;396.378
17:02:21;80856.1;0.037;0;0;80856.3;394.961
17:02:21;80855.9;0;0;0.170;80856.1;394.998
17:02:21;80855.8;0.284;0;0;80856.0;394.828
17:02:21;80847.8;0;0;0.771;80848.0;395.112
17:02:20;80847.7;0.006;0;0;80847.9;394.341
17:02:20;80847.8;0;0;0.002;80848.0;394.347
17:02:20;80847.7;0.083;0;0;80847.9;394.345
17:02:20;80840.9;0;0;0.364;80841.1;394.428
17:02:20;80840.8;0.183;0;0.029;80841.0;394.064
17:02:20;80840.7;0.003;0;0;80840.9;394.218
17:02:20;80837.1;0;0;2.458;80837.3;394.221
17:02:19;80837.0;0.022;0;0;80837.2;391.763
17:02:19;80837.1;0;0;0.440;80837.3;391.785
17:02:19;80837.0;0.006;0;0;80837.2;391.345
17:02:19;80837.1;0;0;0.009;80837.3;391.351
17:02:19;80837.0;1.504;0;0;80837.2;391.342
17:02:19;80837.1;0;0;0.003;80837.3;392.846
17:02:19;80837.0;0.098;0;0;80837.2;392.843
17:02:19;80837.1;0;0;0.003;80837.3;392.941
17:02:18;80837.0;0.050;0;0.166;80837.2;392.938
17:02:18;80836.9;0.155;0;0;80837.1;392.822
17:02:18;80832.9;0;0;0.833;80833.1;392.977
17:02:18;80832.8;0.030;0;0;80833.0;392.144
17:02:18;80833.5;0;0;0.001;80833.7;392.174
17:02:18;80837.0;0.737;0;0;80837.2;392.173
17:02:17;80837.1;0;0;0.071;80837.3;392.910
17:02:17;80837.0;0.039;0;0;80837.2;392.839
17:02:17;80837.1;0;0;0.006;80837.3;392.878
17:02:17;80837.0;0.013;0;0;80837.2;392.872
17:02:17;80837.1;0;0;0.145;80837.3;392.885
17:02:17;80837.0;0.066;0;0;80837.2;392.740
17:02:17;80837.1;0;0;0.001;80837.3;392.806
17:02:17;80837.0;0.029;0;0;80837.2;392.805
17:02:16;80837.1;0;0;1.228;80837.3;392.834
17:02:16;80837.0;0.002;0;0;80837.2;391.606
17:02:16;80837.1;0;0;0.025;80837.3;391.608
17:02:16;80837.0;0.001;0;0;80837.2;391.583
17:02:16;80837.1;0;0;0.002;80837.3;391.584
17:02:16;80837.0;0.014;0;0;80837.2;391.582
17:02:16;80832.1;0;0;0.393;80832.3;391.596
17:02:16;80833.7;0.040;0;0;80833.9;391.203
17:02:16;80833.8;0;0;0.001;80834.0;391.243
17:02:15;80837.0;0.240;0;0;80837.2;391.242
17:02:15;80837.1;0;0;0.001;80837.3;391.482
17:02:15;80840.8;0.257;0;0;80841.0;391.481
17:02:15;80840.9;0;0;0.001;80841.1;391.738
17:02:15;80843.2;0.060;0;0;80843.4;391.737
17:02:15;80843.3;0;0;0.004;80843.5;391.797
17:02:15;80847.4;0.081;0;0;80847.6;391.793
17:02:15;80847.5;0;0;0.001;80847.7;391.874
17:02:15;80859.4;2.602;0;0;80859.6;391.873
17:02:15;80859.5;0;0;0.063;80859.7;394.475
17:02:15;80848.6;0.007;0;0;80848.8;394.412
17:02:15;80859.5;0;0;0.376;80859.7;394.419
17:02:15;80847.6;0.100;0;0;80847.8;394.043
17:02:15;80845.8;0.008;0;0;80846.0;394.143
17:02:15;80840.9;0;0;37.054;80841.1;394.151
17:02:15;80840.8;0.699;0;0;80841.0;357.097
17:02:15;80840.9;0;0;0.576;80841.1;357.796
17:02:15;80840.8;0.025;0;0;80841.0;357.220
17:02:14;80836.7;0;0;0.393;80836.9;357.245
17:02:14;80836.6;0.002;0;0;80836.8;356.852
17:02:14;80832.7;0;0;0.300;80832.9;356.854
17:02:14;80832.6;0.198;0;0;80832.8;356.554
17:02:14;80832.7;0;0;0.059;80832.9;356.752
17:02:14;80832.6;0.002;0;0;80832.8;356.693
17:02:14;80827.6;0;0;0.550;80827.8;356.695
17:02:14;80827.5;0.075;0;0;80827.7;356.145
17:02:14;80827.6;0;0;0.012;80827.8;356.220
17:02:14;80827.5;0.001;0;0;80827.7;356.208
17:02:14;80827.6;0;0;0.001;80827.8;356.209
17:02:14;80827.5;0.010;0;0;80827.7;356.208
17:02:13;80827.6;0;0;0.053;80827.8;356.218
17:02:13;80827.5;0.300;0;0;80827.7;356.165
17:02:13;80822.5;0;0;0.759;80822.7;356.465
17:02:13;80822.4;0.215;0;0;80822.6;355.706
17:02:13;80822.5;0;0;10.267;80822.7;355.921
17:02:13;80827.6;0.233;0;0;80827.8;345.654
17:02:12;80827.7;0;0;0.356;80827.9;345.887
17:02:12;80827.6;0.995;0;0;80827.8;345.531
17:02:12;80827.7;0;0;0.008;80827.9;346.526
17:02:12;80827.6;0.027;0;0;80827.8;346.518
17:02:12;80827.7;0;0;0.009;80827.9;346.545
17:02:12;80827.6;0.042;0;0;80827.8;346.536
17:02:12;80827.7;0;0;0.092;80827.9;346.578
17:02:12;80827.6;0.002;0;0;80827.8;346.486
17:02:12;80817.3;0;0;3.122;80817.5;346.488
17:02:11;80817.2;0.213;0;0;80817.4;343.366
17:02:11;80817.3;0;0;2.145;80817.5;343.579
17:02:11;80817.2;0.023;0;0;80817.4;341.434
17:02:11;80817.3;0;0;0.020;80817.5;341.457
17:02:11;80817.2;0.046;0;0;80817.4;341.437
17:02:11;80817.3;0;0;0.036;80817.5;341.483
17:02:10;80817.2;0.004;0;0;80817.4;341.447
17:02:10;80817.3;0;0;0.019;80817.5;341.451
17:02:10;80821.4;0.345;0;0;80821.6;341.432
17:02:10;80821.5;0;0;0.011;80821.7;341.777
17:02:10;80821.4;0.042;0;0;80821.6;341.766
17:02:10;80821.6;0;0;0.002;80821.8;341.808
17:02:10;80834.7;1.357;0;0;80834.9;341.806
17:02:10;80834.8;0;0;0.127;80835.0;343.163
17:02:10;80838.6;0.221;0;0;80838.8;343.036
17:02:10;80838.7;0;0;0.002;80838.9;343.257
17:02:10;80838.6;0.001;0;0;80838.8;343.255
17:02:10;80838.7;0;0;0.080;80838.9;343.256
17:02:10;80838.6;0.037;0;0;80838.8;343.176
17:02:09;80838.7;0;0;0.009;80838.9;343.213
17:02:09;80838.6;0.041;0;0;80838.8;343.204
17:02:09;80838.7;0;0;0.049;80838.9;343.245
17:02:09;80838.6;0.018;0;0;80838.8;343.196
17:02:09;80838.7;0;0;0.018;80838.9;343.214
17:02:09;80838.6;0.001;0;0;80838.8;343.196
17:02:09;80838.7;0;0;0.004;80838.9;343.197
17:02:09;80838.6;0.004;0;0;80838.8;343.193
17:02:09;80838.7;0;0;0.215;80838.9;343.197
17:02:09;80838.6;0.005;0;0;80838.8;342.982
17:02:09;80838.7;0;0;0.008;80838.9;342.987
17:02:09;80838.6;1.305;0;0;80838.8;342.979
17:02:09;80838.7;0;0;0.006;80838.9;344.284
17:02:09;80838.6;0.039;0;0;80838.8;344.278
17:02:09;80838.7;0;0;0.137;80838.9;344.317
17:02:09;80838.6;0.002;0;0;80838.8;344.180
17:02:08;80838.7;0;0;0.188;80838.9;344.182
17:02:08;80838.6;0.012;0;0;80838.8;343.994
17:02:08;80838.7;0;0;0.012;80838.9;344.006
17:02:08;80838.6;0.014;0;0;80838.8;343.994
17:02:08;80838.7;0;0;0.016;80838.9;344.008
17:02:08;80838.6;0.001;0;0;80838.8;343.992
17:02:08;80838.7;0;0;0.024;80838.9;343.993
17:02:08;80838.6;0.017;0;0;80838.8;343.969
17:02:08;80838.7;0;0;0.001;80838.9;343.986
17:02:08;80838.6;0.017;0;0;80838.8;343.985
17:02:08;80838.7;0;0;0.032;80838.9;344.002
17:02:08;80838.6;0.016;0;0;80838.8;343.970
17:02:08;80838.7;0;0;0.005;80838.9;343.986
17:02:08;80838.6;0.005;0;0;80838.8;343.981
17:02:08;80838.7;0;0;0.090;80838.9;343.986
17:02:08;80839.5;0.012;0;0;80839.7;343.896
17:02:08;80839.6;0;0;0.001;80839.8;343.908
17:02:08;80843.5;1.148;0;0;80843.7;343.907
17:02:08;80843.6;0;0;0.009;80843.8;345.055
17:02:08;80843.5;2.481;0;0;80843.7;345.046
17:02:08;80843.6;0;0;0.110;80843.8;347.527
17:02:08;80843.5;0.003;0;0;80843.7;347.417
17:02:08;80843.6;0;0;0.099;80843.8;347.420
17:02:08;80843.5;0.040;0;0;80843.7;347.321
17:02:08;80843.6;0;0;0.001;80843.8;347.361
17:02:08;80850.3;0.449;0;0;80850.5;347.360
17:02:08;80854.8;13.671;0;0;80855.0;347.809
17:02:07;80854.9;0;0;1.507;80855.1;361.480
17:02:07;80854.8;0.276;0;0;80855.0;359.973
17:02:07;80854.9;0;0;0.189;80855.1;360.249
17:02:07;80853.4;0.003;0;0;80853.6;360.060
17:02:07;80851.8;0;0;1.033;80852.0;360.063
17:02:07;80851.5;0.001;0;0;80851.7;359.030
17:02:07;80850.8;0;0;0.418;80851.0;359.031
17:02:07;80850.7;0.001;0;0;80850.9;358.613
17:02:07;80849.9;0;0;0.178;80850.1;358.614
17:02:07;80849.8;0.012;0;0;80850.0;358.436
17:02:07;80849.9;0;0;0.020;80850.1;358.448
17:02:07;80849.8;0.440;0;0;80850.0;358.428
17:02:07;80849.9;0;0;0.055;80850.1;358.868
17:02:07;80849.8;0.002;0;0;80850.0;358.813
17:02:07;80849.9;0;0;2.612;80850.1;358.815
17:02:07;80849.8;1.073;0;0;80850.0;356.203
17:02:07;80849.9;0;0;1.069;80850.1;357.276
17:02:07;80849.8;0.079;0;0;80850.0;356.207
17:02:07;80849.9;0;0;0.004;80850.1;356.286
17:02:07;80849.8;0.011;0;0;80850.0;356.282
17:02:07;80849.9;0;0;0.047;80850.1;356.293
17:02:07;80849.8;0.006;0;0;80850.0;356.246
17:02:07;80849.9;0;0;0.576;80850.1;356.252
17:02:07;80849.8;0.195;0;0;80850.0;355.676
17:02:07;80849.9;0;0;0.012;80850.1;355.871
17:02:07;80849.8;0.032;0;0;80850.0;355.859
17:02:07;80849.9;0;0;0.002;80850.1;355.891
17:02:07;80849.8;0.014;0;0;80850.0;355.889
17:02:07;80849.9;0;0;2.267;80850.1;355.903
17:02:07;80849.8;0.001;0;0;80850.0;353.636
17:02:07;80849.9;0;0;0.103;80850.1;353.637
17:02:07;80849.8;0.006;0;0;80850.0;353.534
17:02:07;80849.9;0;0;0.010;80850.1;353.540
17:02:07;80849.8;0.064;0;0;80850.0;353.530
17:02:07;80849.9;0;0;0.143;80850.1;353.594
17:02:07;80849.8;0.015;0;0;80850.0;353.451
17:02:07;80849.9;0;0;0.623;80850.1;353.466
17:02:07;80849.8;0.164;0;0;80850.0;352.843
17:02:07;80849.9;0;0;0.012;80850.1;353.007
17:02:07;80849.8;0.042;0;0;80850.0;352.995
17:02:07;80849.9;0;0;0.131;80850.1;353.037
17:02:07;80849.8;0.011;0;0;80850.0;352.906
17:02:07;80849.9;0;0;0.500;80850.1;352.917
17:02:07;80849.8;0.003;0;0;80850.0;352.417
17:02:07;80849.9;0;0;0.002;80850.1;352.420
17:02:07;80849.8;0.007;0;0;80850.0;352.418
17:02:07;80849.9;0;0;0.264;80850.1;352.425
17:02:07;80848.9;0.034;0;0;80849.1;352.161
17:02:07;80846.1;0;0;0.960;80846.3;352.195
17:02:07;80846.0;0.002;0;0;80846.2;351.235
17:02:07;80845.7;0;0;1.371;80845.9;351.237
17:02:07;80844.5;0.017;0;0;80844.7;349.866
17:02:07;80845.4;0;0;0.041;80845.6;349.883
17:02:07;80844.5;0.001;0;0;80844.7;349.842
17:02:07;80844.2;0;0;0.944;80844.4;349.843
17:02:07;80843.6;0.012;0;0;80843.8;348.899
17:02:07;80836.9;0;0;6.891;80837.1;348.911
17:02:07;80836.8;1.237;0;0;80837.0;342.020
17:02:07;80833.9;0;0;2.367;80834.1;343.257
17:02:07;80833.8;0.004;0;0;80834.0;340.890
17:02:06;80829.6;0;0;0.226;80829.8;340.894
17:02:06;80829.5;0.357;0;0;80829.7;340.668
17:02:06;80829.6;0;0;0.003;80829.8;341.025
17:02:06;80829.5;0.003;0;0;80829.7;341.022
17:02:05;80813.9;0;0;5.376;80814.1;341.025
17:02:05;80813.8;0.001;0;0;80814.0;335.649
17:02:05;80813.9;0;0;0.066;80814.1;335.650
17:02:05;80813.8;0.305;0;0;80814.0;335.584
17:02:04;80813.9;0;0;0.021;80814.1;335.889
17:02:04;80813.8;0.893;0;0;80814.0;335.868
17:02:04;80813.9;0;0;0.040;80814.1;336.761
17:02:04;80813.8;0.117;0;0;80814.0;336.721
17:02:04;80813.9;0;0;0.007;80814.1;336.838
17:02:04;80813.8;0.002;0;0;80814.0;336.831
17:02:04;80813.9;0;0;0.118;80814.1;336.833
17:02:04;80813.8;0.009;0;0;80814.0;336.715
17:02:04;80813.9;0;0;0.001;80814.1;336.724
17:02:04;80813.8;0.003;0;0;80814.0;336.723
17:02:04;80813.9;0;0;0.074;80814.1;336.726
17:02:04;80813.8;0.197;0;0;80814.0;336.652
17:02:03;80813.9;0;0;0.145;80814.1;336.849
17:02:03;80813.8;0.034;0;0;80814.0;336.704
17:02:03;80813.9;0;0;0.074;80814.1;336.738
17:02:03;80813.8;0.001;0;0;80814.0;336.664
17:02:03;80813.9;0;0;0.026;80814.1;336.665
17:02:03;80813.8;0.115;0;0;80814.0;336.639
17:02:03;80813.9;0;0;0.004;80814.1;336.754
17:02:03;80813.8;0.012;0;0;80814.0;336.750
17:02:03;80813.9;0;0;0.003;80814.1;336.762
17:02:03;80813.8;0.002;0;0;80814.0;336.759
17:02:03;80808.4;0;0;2.635;80808.6;336.761
17:02:03;80808.3;0.088;0;0;80808.5;334.126
17:02:03;80808.4;0;0;0.010;80808.6;334.214
17:02:03;80808.3;0.001;0;0;80808.5;334.204
17:02:02;80805.5;0;0;0.466;80805.7;334.205
17:02:02;80805.4;0.700;0;0;80805.6;333.739
17:02:02;80805.5;0;0;0.190;80805.7;334.439
17:02:02;80805.4;0.089;0;0;80805.6;334.249
17:02:02;80805.5;0;0;0.006;80805.7;334.338
17:02:02;80809.3;2.109;0;0;80809.5;334.332
17:02:02;80809.4;0;0;0.084;80809.6;336.441
17:02:02;80809.3;0.005;0;0;80809.5;336.357
17:02:02;80809.4;0;0;0.118;80809.6;336.362
17:02:02;80809.3;0.012;0;0;80809.5;336.244
17:02:02;80809.4;0;0;0.171;80809.6;336.256
17:02:01;80814.3;0.525;0;0;80814.5;336.085
17:02:01;80814.4;0;0;0.061;80814.6;336.610
17:02:01;80814.3;0.099;0;0;80814.5;336.549
17:02:01;80814.4;0;0;0.002;80814.6;336.648
17:02:01;80820.1;0.385;0;0;80820.3;336.646
17:02:01;80820.2;0;0;0.001;80820.4;337.031
17:02:01;80820.1;0.031;0;0;80820.3;337.030
17:02:01;80820.2;0;0;0.010;80820.4;337.061
17:02:01;80823.3;0.102;0;0;80823.5;337.051
17:02:01;80823.4;0;0;0.003;80823.6;337.153
17:02:01;80823.3;1.465;0;0;80823.5;337.150
17:02:01;80823.4;0;0;0.125;80823.6;338.615
17:02:01;80823.3;0.004;0;0;80823.5;338.490
17:02:01;80823.4;0;0;0.002;80823.6;338.494
17:02:01;80823.3;0.501;0;0;80823.5;338.492
17:02:01;80823.4;0;0;0.405;80823.6;338.993
17:02:01;80823.3;0.002;0;0;80823.5;338.588
17:02:01;80823.4;0;0;0.139;80823.6;338.590
17:02:01;80823.3;0.001;0;0;80823.5;338.451
17:02:01;80823.4;0;0;1.253;80823.6;338.452
17:02:01;80829.8;0.743;0;0;80830.0;337.199
17:02:01;80829.9;0;0;0.056;80830.1;337.942
17:02:01;80829.8;0.001;0;0;80830.0;337.886
17:02:00;80829.9;0;0;0.001;80830.1;337.887
17:02:00;80830.7;0.012;0;0;80830.9;337.886
17:02:00;80830.8;0;0;0.001;80831.0;337.898
17:02:00;80834.9;0.043;0;0;80835.1;337.897
17:02:00;80835.0;0;0;0.001;80835.2;337.940
17:02:00;80836.3;0.163;0;0;80836.5;337.939
17:02:00;80836.4;0;0;0.005;80836.6;338.102
17:02:00;80836.3;0.092;0;0;80836.5;338.097
17:02:00;80836.4;0;0;0.153;80836.6;338.189
17:02:00;80836.3;0.001;0;0;80836.5;338.036
17:02:00;80836.4;0;0;0.001;80836.6;338.037
17:02:00;80835.8;0.345;0;0;80836.0;338.036
17:02:00;80833.9;0;0;8.801;80834.1;338.381
17:02:00;80833.8;0.006;0;0;80834.0;329.580
17:02:00;80832.9;0;0;2.782;80833.1;329.586
17:02:00;80832.8;0.035;0;0;80833.0;326.804
17:02:00;80829.9;0;0;4.492;80830.1;326.839
17:02:00;80829.8;0.006;0;0;80830.0;322.347
17:01:59;80824.9;0;0;3.879;80825.1;322.353
17:01:59;80824.8;0.033;0;0;80825.0;318.474
17:01:59;80824.9;0;0;0.001;80825.1;318.507
17:01:59;80824.8;0.001;0;0;80825.0;318.506
17:01:59;80823.3;0;0;0.156;80823.5;318.507
17:01:59;80823.2;0.014;0;0;80823.4;318.351
17:01:59;80819.9;0;0;0.810;80820.1;318.365
17:01:59;80819.8;0.003;0;0;80820.0;317.555
17:01:58;80819.9;0;0;0.162;80820.1;317.558
17:01:58;80819.8;0.610;0;0;80820.0;317.396
17:01:58;80819.9;0;0;0.019;80820.1;318.006
17:01:58;80819.8;0.047;0;0;80820.0;317.987
17:01:58;80819.9;0;0;0.094;80820.1;318.034
17:01:58;80819.8;0.137;0;0;80820.0;317.940
17:01:58;80818.9;0;0;0.097;80819.1;318.077
17:01:58;80818.8;0.001;0;0;80819.0;317.980
17:01:57;80816.5;0;0;0.608;80816.7;317.981
17:01:57;80816.4;0.036;0;0;80816.6;317.373
17:01:57;80816.5;0;0;0.525;80816.7;317.409
17:01:57;80816.4;0.008;0;0;80816.6;316.884
17:01:57;80816.5;0;0;0.008;80816.7;316.892
17:01:57;80816.4;0.019;0;0;80816.6;316.884
17:01:57;80816.5;0;0;0.021;80816.7;316.903
17:01:57;80816.4;0.014;0;0;80816.6;316.882
17:01:57;80813.9;0;0;0.020;80814.1;316.896
17:01:57;80813.8;0.002;0;0;80814.0;316.876
17:01:57;80803.7;0;0;1.523;80803.9;316.878
17:01:57;80803.6;0.061;0;0;80803.8;315.355
17:01:56;80803.7;0;0;0.001;80803.9;315.416
17:01:56;80803.6;0.048;0;0;80803.8;315.415
17:01:56;80800.0;0;0;0.910;80800.2;315.463
17:01:56;80799.9;0.143;0;0;80800.1;314.553
17:01:56;80800.0;0;0;0.098;80800.2;314.696
17:01:56;80799.9;0.018;0;0;80800.1;314.598
17:01:56;80800.0;0;0;0.163;80800.2;314.616
17:01:56;80799.9;0.100;0;0;80800.1;314.453
17:01:56;80800.0;0;0;0.003;80800.2;314.553
17:01:56;80803.6;0.636;0;0;80803.8;314.550
17:01:56;80803.7;0;0;0.008;80803.9;315.186
17:01:56;80803.6;0.001;0;0;80803.8;315.178
17:01:56;80803.7;0;0;2.047;80803.9;315.179
17:01:55;80806.6;0.456;0;0;80806.8;313.132
17:01:55;80806.7;0;0;0.030;80806.9;313.588
17:01:55;80806.6;0.377;0;0;80806.8;313.558
17:01:55;80806.7;0;0;0.013;80806.9;313.935
17:01:55;80806.6;0.108;0;0;80806.8;313.922
17:01:55;80806.7;0;0;0.006;80806.9;314.030
17:01:55;80806.6;0.001;0;0;80806.8;314.024
17:01:55;80806.7;0;0;0.277;80806.9;314.025
17:01:55;80806.6;0.095;0;0;80806.8;313.748
17:01:55;80806.7;0;0;0.001;80806.9;313.843
17:01:55;80806.6;0.024;0;0;80806.8;313.842
17:01:55;80806.7;0;0;0.022;80806.9;313.866
17:01:55;80806.6;0.001;0;0;80806.8;313.844
17:01:55;80806.7;0;0;0.009;80806.9;313.845
17:01:55;80806.6;0.002;0;0;80806.8;313.836
17:01:54;80806.7;0;0;0.008;80806.9;313.838
17:01:54;80806.6;0.001;0;0;80806.8;313.830
17:01:54;80806.7;0;0;0.012;80806.9;313.831
17:01:54;80806.6;0.003;0;0;80806.8;313.819
17:01:54;80806.7;0;0;1.139;80806.9;313.822
17:01:54;80806.6;0.001;0;0;80806.8;312.683
17:01:54;80806.7;0;0;0.003;80806.9;312.684
17:01:54;80806.9;0.003;0;0;80807.1;312.681
17:01:54;80807.3;0;0;0.002;80807.5;312.684
17:01:54;80807.4;0;0;0.055;80807.6;312.682
17:01:54;80808.9;0.087;0;0;80809.1;312.627
17:01:54;80809.1;0;0;0.001;80809.3;312.714
17:01:54;80810.6;0.310;0;0;80810.8;312.713
17:01:54;80811.8;0;0;0.001;80812.0;313.023
17:01:54;80810.7;0.090;0;0;80810.9;313.022
17:01:54;80813.6;0;0;0.001;80813.8;313.112
17:01:54;80820.5;6.457;0;0;80820.7;313.111
17:01:54;80820.6;0;0;0.414;80820.8;319.568
17:01:54;80820.5;0.205;0;0;80820.7;319.154
17:01:53;80815.6;0;0;3.473;80815.8;319.359
17:01:53;80815.5;0.010;0;0;80815.7;315.886
17:01:53;80815.6;0;0;0.164;80815.8;315.896
17:01:53;80815.5;0.003;0;0;80815.7;315.732
17:01:53;80815.6;0;0;0.133;80815.8;315.735
17:01:53;80815.5;0.010;0;0;80815.7;315.602
17:01:53;80815.6;0;0;0.101;80815.8;315.612
17:01:53;80815.5;0.005;0;0;80815.7;315.511
17:01:53;80815.6;0;0;0.001;80815.8;315.516
17:01:53;80815.5;0.076;0;0;80815.7;315.515
17:01:53;80815.6;0;0;0.036;80815.8;315.591
17:01:53;80815.5;0.003;0;0;80815.7;315.555
17:01:52;80815.6;0;0;1.174;80815.8;315.558
17:01:52;80815.5;0.001;0;0;80815.7;314.384
17:01:52;80815.6;0;0;0.205;80815.8;314.385
17:01:52;80816.6;0.150;0;0;80816.8;314.180
17:01:52;80816.7;0;0;0.001;80816.9;314.330
17:01:52;80818.9;0.002;0;0;80819.1;314.329
17:01:52;80819.4;0;0;0.001;80819.6;314.331
17:01:52;80821.1;0.355;0;0;80821.3;314.330
17:01:52;80821.2;0;0;0.002;80821.4;314.685
17:01:52;80821.1;0.089;0;0;80821.3;314.683
17:01:52;80821.2;0;0;0.064;80821.4;314.772
17:01:52;80821.1;0.003;0;0;80821.3;314.708
17:01:52;80821.2;0;0;0.002;80821.4;314.711
17:01:52;80821.1;0.012;0;0;80821.3;314.709
17:01:52;80821.2;0;0;0.031;80821.4;314.721
17:01:52;80821.1;0.023;0;0;80821.3;314.690
17:01:52;80821.2;0;0;8.166;80821.4;314.713
17:01:52;80821.1;0.002;0;0;80821.3;306.547
17:01:52;80815.4;0;0;1.667;80815.6;306.549
17:01:52;80815.3;0.002;0;0;80815.5;304.882
17:01:51;80815.4;0;0;0.226;80815.6;304.884
17:01:51;80815.3;0.012;0;0;80815.5;304.658
17:01:51;80815.2;0;0;0.022;80815.4;304.670
17:01:51;80815.0;0.600;0;0;80815.2;304.648
17:01:51;80815.1;0;0;2.307;80815.3;305.248
17:01:51;80815.0;0.001;0;0;80815.2;302.941
17:01:51;80810.9;0;0;0.294;80811.1;302.942
17:01:51;80810.8;0.001;0;0;80811.0;302.648
17:01:51;80810.7;0;0;1.348;80810.9;302.649
17:01:51;80810.6;0.001;0;0;80810.8;301.301
17:01:51;80810.7;0;0;0.016;80810.9;301.302
17:01:51;80810.6;0.002;0;0;80810.8;301.286
17:01:50;80810.7;0;0;0.153;80810.9;301.288
17:01:50;80810.6;0.001;0;0;80810.8;301.135
17:01:50;80810.7;0;0;0.021;80810.9;301.136
17:01:50;80810.6;0.002;0;0;80810.8;301.115
17:01:50;80810.7;0;0;0.002;80810.9;301.117
17:01:50;80810.6;0.003;0;0;80810.8;301.115
17:01:50;80810.7;0;0;0.013;80810.9;301.118
17:01:50;80810.6;0.101;0;0;80810.8;301.105
17:01:50;80810.7;0;0;0.092;80810.9;301.206
17:01:50;80810.6;0.015;0;0;80810.8;301.114
17:01:49;80810.7;0;0;0.130;80810.9;301.129
17:01:49;80810.6;0.036;0;0;80810.8;300.999
17:01:49;80810.7;0;0;0.002;80810.9;301.035
17:01:49;80810.6;0.002;0;0;80810.8;301.033
17:01:49;80805.6;0;0;2.738;80805.8;301.035
17:01:49;80805.5;0.001;0;0;80805.7;298.297
17:01:49;80805.6;0;0;0.702;80805.8;298.298
17:01:49;80805.5;0.006;0;0;80805.7;297.596
17:01:49;80805.6;0;0;0.039;80805.8;297.602
17:01:48;80805.5;0.649;0;0;80805.7;297.563
17:01:48;80805.6;0;0;0.001;80805.8;298.212
17:01:48;80807.8;1.393;0;0;80808.0;298.211
17:01:48;80807.9;0;0;0.001;80808.1;299.604
17:01:48;80809.4;0.004;0;0;80809.6;299.603
17:01:48;80809.5;0;0;0.001;80809.7;299.607
17:01:48;80810.6;0.687;0;0;80810.8;299.606
17:01:48;80810.7;0;0;0.049;80810.9;300.293
17:01:48;80810.6;0.002;0;0;80810.8;300.244
17:01:48;80810.7;0;0;0.028;80810.9;300.246
17:01:48;80810.6;0.002;0;0;80810.8;300.218
17:01:48;80805.6;0;0;1.010;80805.8;300.220
17:01:48;80805.5;0.006;0;0.559;80805.7;299.210
17:01:48;80805.4;0.001;0;0;80805.6;298.657
17:01:48;80805.5;0;0;0.296;80805.7;298.658
17:01:47;80805.4;0.011;0;0;80805.6;298.362
17:01:47;80805.5;0;0;0.059;80805.7;298.373
17:01:47;80805.1;0.002;0;0;80805.3;298.314
17:01:47;80795.8;0;0;1.963;80796.0;298.316
17:01:47;80795.7;0.001;0;0;80795.9;296.353
17:01:46;80795.8;0;0;0.108;80796.0;296.354
17:01:46;80795.7;0.002;0;0;80795.9;296.246
17:01:46;80795.8;0;0;0.530;80796.0;296.248
17:01:46;80795.7;0.001;0;0;80795.9;295.718
17:01:46;80795.8;0;0;0.001;80796.0;295.719
17:01:46;80795.7;0.004;0;0;80795.9;295.718
17:01:46;80791.4;0;0;1.545;80791.6;295.722
17:01:46;80791.3;0.001;0;0;80791.5;294.177
17:01:46;80791.4;0;0;0.003;80791.6;294.178
17:01:46;80791.3;0.239;0;0;80791.5;294.175
17:01:45;80791.4;0;0;1.990;80791.6;294.414
17:01:45;80791.3;0.035;0;0;80791.5;292.424
17:01:45;80790.4;0;0;0.003;80790.6;292.459
17:01:45;80790.3;0.001;0;0;80790.5;292.456
17:01:45;80786.7;0;0;0.027;80786.9;292.457
17:01:45;80776.2;0;0;4.859;80776.4;292.430
17:01:45;80776.1;0.006;0;0;80776.3;287.571
17:01:45;80776.2;0;0;0.086;80776.4;287.577
17:01:45;80776.1;0.001;0;0;80776.3;287.491
17:01:45;80776.2;0;0;0.065;80776.4;287.492
17:01:44;80776.1;0.013;0;0;80776.3;287.427
17:01:44;80776.2;0;0;0.010;80776.4;287.440
17:01:44;80776.1;0.001;0;0;80776.3;287.430
17:01:44;80776.2;0;0;0.038;80776.4;287.431
17:01:44;80776.1;0.001;0;0;80776.3;287.393
17:01:44;80776.2;0;0;0.346;80776.4;287.394
17:01:44;80776.1;0.001;0;0;80776.3;287.048
17:01:44;80776.2;0;0;0.025;80776.4;287.049
17:01:43;80776.1;0.169;0;0;80776.3;287.024
17:01:43;80776.2;0;0;0.004;80776.4;287.193
17:01:43;80776.1;0.003;0;0;80776.3;287.189
17:01:43;80776.2;0;0;0.032;80776.4;287.192
17:01:43;80776.1;0.066;0;0;80776.3;287.160
17:01:43;80776.2;0;0;0.002;80776.4;287.226
17:01:43;80776.1;0.684;0;0;80776.3;287.224
17:01:43;80770.6;0;0;1.577;80770.8;287.908
17:01:43;80770.5;0.016;0;0;80770.7;286.331
17:01:43;80770.6;0;0;0.012;80770.8;286.347
17:01:43;80770.5;0.328;0;0;80770.7;286.335
17:01:42;80764.7;0;0;4.003;80764.9;286.663
17:01:42;80764.6;0.005;0;0;80764.8;282.660
17:01:42;80764.7;0;0;0.049;80764.9;282.665
17:01:42;80764.6;0.028;0;0;80764.8;282.616
17:01:42;80764.7;0;0;0.001;80764.9;282.644
17:01:42;80764.6;0.003;0;0;80764.8;282.643
17:01:42;80764.7;0;0;0.985;80764.9;282.646
17:01:42;80764.6;0.003;0;0;80764.8;281.661
17:01:42;80764.7;0;0;0.002;80764.9;281.664
17:01:41;80764.6;0.015;0;0;80764.8;281.662
17:01:41;80764.7;0;0;0.018;80764.9;281.677
17:01:41;80764.6;0.140;0;0;80764.8;281.659
17:01:41;80764.7;0;0;0.001;80764.9;281.799
17:01:41;80766.0;0.363;0;0;80766.2;281.798
17:01:41;80766.1;0;0;0.034;80766.3;282.161
17:01:41;80766.0;0.008;0;0;80766.2;282.127
17:01:41;80766.1;0;0;0.005;80766.3;282.135
17:01:41;80766.0;0.009;0;0;80766.2;282.130
17:01:41;80766.1;0;0;5.926;80766.3;282.139
17:01:41;80766.0;0.065;0;0;80766.2;276.213
17:01:41;80766.1;0;0;0.187;80766.3;276.278
17:01:41;80766.0;0.018;0;0;80766.2;276.091
17:01:41;80766.1;0;0;0.072;80766.3;276.109
17:01:41;80766.0;0.002;0;0;80766.2;276.037
17:01:41;80766.1;0;0;0.005;80766.3;276.039
17:01:41;80766.0;0.025;0;0;80766.2;276.034
17:01:41;80768.3;0;0;0.248;80768.5;276.059
17:01:41;80769.0;0.452;0;0;80769.2;275.811
17:01:41;80769.1;0;0;0.100;80769.3;276.263
17:01:41;80769.0;0.236;0;0;80769.2;276.163
17:01:41;80769.1;0;0;0.049;80769.3;276.399
17:01:41;80769.0;0.016;0;0;80769.2;276.350
17:01:41;80769.1;0;0;0.013;80769.3;276.366
17:01:41;80770.7;0.086;0;0;80770.9;276.353
17:01:41;80770.9;0;0;0.002;80771.1;276.439
17:01:41;80770.8;0.020;0;0;80771.0;276.437
17:01:41;80770.9;0;0;0.026;80771.1;276.457
17:01:41;80770.8;0.020;0;0;80771.0;276.431
17:01:41;80770.9;0;0;0.047;80771.1;276.451
17:01:41;80771.0;0.143;0;0;80771.2;276.404
17:01:41;80771.1;0;0;0.001;80771.3;276.547
17:01:41;80771.0;0.009;0;0;80771.2;276.546
17:01:41;80771.1;0;0;0.036;80771.3;276.555
17:01:41;80771.0;0.004;0;0;80771.2;276.519
17:01:41;80771.1;0;0;0.010;80771.3;276.523
17:01:41;80771.0;0.017;0;0;80771.2;276.513
17:01:41;80771.1;0;0;0.029;80771.3;276.530
17:01:41;80771.0;0.048;0;0;80771.2;276.501
17:01:41;80771.1;0;0;0.040;80771.3;276.549
17:01:41;80771.0;0.074;0;0;80771.2;276.509
17:01:41;80771.1;0;0;0.005;80771.3;276.583
17:01:41;80773.8;0.170;0;0;80774.0;276.578
17:01:41;80773.9;0;0;0.198;80774.1;276.748
17:01:41;80774.9;0.188;0;0;80775.1;276.550
17:01:41;80775.0;0;0;0.003;80775.2;276.738
17:01:41;80776.6;0.061;0;0;80776.8;276.735
17:01:40;80776.7;0;0;0.074;80776.9;276.796
17:01:40;80778.6;0.415;0;0;80778.8;276.722
17:01:40;80778.7;0;0;0.248;80778.9;277.137
17:01:40;80778.6;0.036;0;0;80778.8;276.889
17:01:40;80778.7;0;0;0.223;80778.9;276.925
17:01:40;80778.6;0.013;0;0;80778.8;276.702
17:01:40;80778.7;0;0;0.504;80778.9;276.715
17:01:40;80781.9;0.291;0;0;80782.1;276.211
17:01:40;80783.2;0.022;0;0;80783.4;276.502
17:01:40;80783.3;0;0;0.002;80783.5;276.524
17:01:40;80787.9;0.457;0;0;80788.1;276.522
17:01:40;80788.0;0;0;0.008;80788.2;276.979
17:01:40;80791.5;0.160;0;0;80791.7;276.971
17:01:40;80791.6;0;0;0.001;80791.8;277.131
17:01:40;80792.3;1.218;0;0;80792.5;277.130
17:01:40;80792.4;0;0;0.024;80792.6;278.348
17:01:40;80795.7;0.308;0;0;80795.9;278.324
17:01:40;80795.8;0;0;0.053;80796.0;278.632
17:01:40;80798.3;0.618;0;0;80798.5;278.579
17:01:40;80798.4;0;0;0.001;80798.6;279.197
17:01:40;80798.3;0.276;0;0;80798.5;279.196
17:01:40;80798.4;0;0;0.034;80798.6;279.472
17:01:40;80798.3;0.123;0;0;80798.5;279.438
17:01:40;80798.4;0;0;0.027;80798.6;279.561
17:01:40;80799.9;0.025;0;0;80800.1;279.534
17:01:40;80800.0;0;0;0.034;80800.2;279.559
17:01:40;80800.2;0.004;0;0;80800.4;279.525
17:01:40;80800.6;0;0;0.034;80800.8;279.529
17:01:40;80800.8;0;0;0.087;80801.0;279.495
17:01:40;80802.0;0.002;0;0;80802.2;279.408
17:01:40;80801.4;0.053;0;0;80801.6;279.410
17:01:40;80802.1;0;0;2.660;80802.3;279.463
17:01:40;80807.6;0.499;0;0;80807.8;276.803
17:01:40;80807.8;0;0;0.001;80808.0;277.302
17:01:40;80809.8;0.052;0;0;80810.0;277.301
17:01:40;80809.9;0;0;0.018;80810.1;277.353
17:01:40;80811.1;0;0;0.048;80811.3;277.335
17:01:40;80812.5;0.349;0;0;80812.7;277.287
17:01:40;80812.6;0;0;0.041;80812.8;277.636
17:01:40;80812.4;0.002;0;0;80812.6;277.595
17:01:40;80812.6;0;0;0.027;80812.8;277.597
17:01:40;80815.0;1.531;0;0;80815.2;277.570
17:01:40;80815.1;0;0;0.001;80815.3;279.101
17:01:40;80815.0;0.049;0;0;80815.2;279.100
17:01:39;80815.1;0;0;0.013;80815.3;279.149
17:01:39;80815.0;0.103;0;0;80815.2;279.136
17:01:39;80812.3;0;0;3.465;80812.5;279.239
17:01:39;80812.2;0;0;1.295;80812.4;275.774
17:01:39;80811.9;0.057;0;0;80812.1;274.479
17:01:39;80812.8;0;0;0.352;80813.0;274.536
17:01:39;80811.3;0.026;0;0;80811.5;274.184
17:01:39;80811.5;0;0;2.270;80811.7;274.210
17:01:39;80811.3;0.055;0;0;80811.5;271.940
17:01:39;80811.8;0;0;0.189;80812.0;271.995
17:01:39;80811.3;0.094;0;0;80811.5;271.806
17:01:39;80811.8;0;0;0.013;80812.0;271.900
17:01:39;80811.3;0.009;0;0;80811.5;271.887
17:01:39;80811.8;0;0;0.016;80812.0;271.896
17:01:39;80811.3;0.158;0;0;80811.5;271.880
17:01:39;80811.8;0;0;0.835;80812.0;272.038
17:01:39;80811.3;0.003;0;0;80811.5;271.203
17:01:39;80811.9;0;0;0.010;80812.1;271.206
17:01:39;80811.2;0.074;0;0;80811.4;271.196
17:01:39;80826.8;0;0;0.048;80827.0;271.270
17:01:39;80805.6;0.011;0;0;80805.8;271.222
17:01:39;80826.8;0;0;0.032;80827.0;271.233
17:01:39;80805.8;0.010;0;0;80806.0;271.201
17:01:39;80826.8;0;0;0.009;80827.0;271.211
17:01:39;80802.8;0.156;0;0;80803.0;271.202
17:01:39;80822.9;0;0;0.114;80823.1;271.358
17:01:39;80802.8;0.007;0;0;80803.0;271.244
17:01:39;80826.8;0;0;0.004;80827.0;271.251
17:01:39;80802.8;0.010;0;0;80803.0;271.247
17:01:39;80826.8;0;0;0.066;80827.0;271.257
17:01:39;80802.5;0.001;0;0;80802.7;271.191
17:01:39;80826.8;0;0;1.146;80827.0;271.192
17:01:39;80803.1;0.081;0;0;80803.3;270.046
17:01:39;80807.8;0;0;1.607;80808.0;270.127
17:01:39;80802.2;0.003;0;0;80802.4;268.520
17:01:39;80807.3;0;0;0.062;80807.5;268.523
17:01:39;80802.2;0.001;0;0;80802.4;268.461
17:01:39;80811.8;0;0;9.902;80812.0;268.462
17:01:39;80824.4;0;0;0.052;80824.6;258.560
17:01:39;80799.7;0.530;0;0;80799.9;258.508
17:01:39;80824.4;0;0;0.057;80824.6;259.038
17:01:39;80799.7;0.008;0;0;80799.9;258.981
17:01:39;80824.4;0;0;0.161;80824.6;258.989
17:01:39;80799.6;0.049;0;0;80799.8;258.828
17:01:39;80821.7;0;0;1.710;80821.9;258.877
17:01:39;80799.6;0.020;0;0;80799.8;257.167
17:01:39;80821.7;0;0;0.434;80821.9;257.187
17:01:39;80798.8;0.300;0;0;80799.0;256.753
17:01:39;80821.7;0;0;0.024;80821.9;257.053
17:01:39;80798.8;0.002;0;0;80799.0;257.029
17:01:39;80799.9;0;0;4.232;80800.1;257.031
17:01:39;80798.8;0.001;0;0;80799.0;252.799
17:01:39;80799.9;0;0;0.090;80800.1;252.800
17:01:39;80799.6;0.580;0;0;80799.8;252.710
17:01:39;80799.9;0;0;0.056;80800.1;253.290
17:01:39;80811.4;0;0;2.314;80811.6;253.234
17:01:39;80799.6;0.082;0;0;80799.8;250.920
17:01:39;80819.5;0;0;0.473;80819.7;251.002
17:01:39;80799.6;0.001;0;0;80799.8;250.529
17:01:39;80799.9;0;0;3.579;80800.1;250.530
17:01:39;80816.3;0;0;0.057;80816.5;246.951
17:01:39;80799.6;0.012;0;0;80799.8;246.894
17:01:39;80815.7;0;0;2.531;80815.9;246.906
17:01:39;80799.6;0.054;0;0;80799.8;244.375
17:01:39;80799.9;0;0;2.545;80800.1;244.429
17:01:39;80812.8;0;0;0.197;80813.0;241.884
17:01:39;80799.6;0.005;0;0;80799.8;241.687
17:01:39;80812.8;0;0;0.040;80813.0;241.692
17:01:39;80799.9;0.032;0;0;80800.1;241.652
17:01:39;80812.8;0;0;0.044;80813.0;241.684
17:01:39;80799.6;0.004;0;0;80799.8;241.640
17:01:39;80799.9;0;0;0.050;80800.1;241.644
17:01:39;80812.3;0;0;0.051;80812.5;241.594
17:01:39;80799.6;0.425;0;0;80799.8;241.543
17:01:39;80812.2;0;0;0.129;80812.4;241.968
17:01:39;80799.6;0.065;0;0;80799.8;241.839
17:01:39;80812.2;0;0;0.438;80812.4;241.904
17:01:39;80799.6;0.001;0;0;80799.8;241.466
17:01:39;80812.0;0;0;0.252;80812.2;241.467
17:01:39;80799.8;3.200;0;0;80800.0;241.215
17:01:39;80812.0;0;0;0.702;80812.2;244.415
17:01:39;80799.8;0.020;0;0;80800.0;243.713
17:01:39;80812.0;0;0;0.032;80812.2;243.733
17:01:39;80799.8;0.008;0;0;80800.0;243.701
17:01:39;80799.9;0;0;31.162;80800.1;243.709
17:01:39;80799.8;0.031;0;0;80800.0;212.547
17:01:39;80799.9;0;0;0.909;80800.1;212.578
17:01:39;80799.8;0.155;0;0;80800.0;211.669
17:01:39;80799.9;0;0;0.017;80800.1;211.824
17:01:39;80799.8;0.074;0;0;80800.0;211.807
17:01:39;80799.9;0;0;0.139;80800.1;211.881
17:01:39;80799.8;0.202;0;0;80800.0;211.742
17:01:39;80799.9;0;0;0.631;80800.1;211.944
17:01:39;80799.8;0.708;0;0;80800.0;211.313
17:01:39;80799.9;0;0;0.007;80800.1;212.021
17:01:39;80799.8;0.001;0;0;80800.0;212.014
17:01:39;80799.9;0;0;0.062;80800.1;212.015
17:01:39;80799.8;0.037;0;0;80800.0;211.953
17:01:39;80799.9;0;0;5.591;80800.1;211.990
17:01:39;80799.8;1.061;0;0;80800.0;206.399
17:01:39;80799.9;0;0;0.015;80800.1;207.460
17:01:39;80799.8;0.101;0;0;80800.0;207.445
17:01:39;80799.9;0;0;0.329;80800.1;207.546
17:01:39;80799.8;1.108;0;0;80800.0;207.217
17:01:39;80799.9;0;0;2.024;80800.1;208.325
17:01:39;80799.8;0.001;0;0;80800.0;206.301
17:01:39;80799.9;0;0;0.262;80800.1;206.302
17:01:39;80799.8;0.009;0;0;80800.0;206.040
17:01:39;80799.9;0;0;0.030;80800.1;206.049
17:01:39;80799.8;0.363;0;0;80800.0;206.019
17:01:39;80799.9;0;0;9.627;80800.1;206.382
17:01:39;80799.8;0.225;0;0;80800.0;196.755
17:01:39;80799.9;0;0;0.164;80800.1;196.980
17:01:39;80799.8;0.001;0;0;80800.0;196.816
17:01:39;80799.9;0;0;1.336;80800.1;196.817
17:01:39;80799.8;0.032;0;0;80800.0;195.481
17:01:39;80799.7;0;0;0.455;80799.9;195.513
17:01:39;80799.9;0;0;0.740;80800.1;195.058
17:01:39;80795.0;0.003;0;0;80795.2;194.318
17:01:39;80793.8;0.006;0;0;80794.0;194.321
17:01:39;80795.2;0;0;12.143;80795.4;194.327
17:01:39;80798.0;0;0;0.514;80798.2;182.184
17:01:39;80792.8;1.147;0;0;80793.0;181.670
17:01:39;80789.9;0;0;3.561;80790.1;182.817
17:01:39;80788.8;0.026;0;0;80789.0;179.256
17:01:39;80786.4;0;0;1.738;80786.6;179.282
17:01:39;80786.3;0.008;0;0;80786.5;177.544
17:01:39;80784.2;0;0;4.397;80784.4;177.552
17:01:39;80784.1;0.001;0;0;80784.3;173.155
17:01:39;80784.2;0;0;0.048;80784.4;173.156
17:01:39;80784.1;0.029;0;0;80784.3;173.108
17:01:39;80784.2;0;0;0.126;80784.4;173.137
17:01:39;80784.1;0.002;0;0;80784.3;173.011
17:01:39;80784.2;0;0;0.002;80784.4;173.013
17:01:39;80784.1;0.017;0;0;80784.3;173.011
17:01:39;80784.2;0;0;0.217;80784.4;173.028
17:01:39;80784.1;0.005;0;0;80784.3;172.811
17:01:39;80778.6;0;0;0.104;80778.8;172.816
17:01:39;80778.5;0.010;0;0;80778.7;172.712
17:01:39;80778.6;0;0;0.001;80778.8;172.722
17:01:39;80778.5;0.001;0;0;80778.7;172.721
17:01:39;80778.6;0;0;0.050;80778.8;172.722
17:01:39;80778.5;0.002;0;0;80778.7;172.672
17:01:39;80778.6;0;0;0.045;80778.8;172.674
17:01:39;80778.5;0.002;0;0;80778.7;172.629
17:01:39;80778.6;0;0;0.101;80778.8;172.631
17:01:39;80778.5;0.096;0;0;80778.7;172.530
17:01:39;80778.6;0;0;3.664;80778.8;172.626
17:01:39;80778.5;0.003;0;0;80778.7;168.962
17:01:39;80778.6;0;0;0.058;80778.8;168.965
17:01:39;80778.5;0.002;0;0;80778.7;168.907
17:01:38;80770.9;0;0;4.514;80771.1;168.909
17:01:38;80770.8;7.620;0;0;80771.0;164.395
17:01:38;80770.9;0;0;0.002;80771.1;172.015
17:01:38;80770.8;4.207;0;0;80771.0;172.013
17:01:38;80770.9;0;0;0.001;80771.1;176.220
17:01:38;80783.8;8.208;0;0;80784.0;176.219
17:01:38;80783.9;0;0;0.001;80784.1;184.427
17:01:38;80783.8;0.055;0;0;80784.0;184.426
17:01:38;80783.9;0;0;0.223;80784.1;184.481
17:01:38;80783.7;0.227;0;0;80783.9;184.258
17:01:38;80783.8;0;0;0.073;80784.0;184.485
17:01:38;80783.7;0.003;0;0;80783.9;184.412
17:01:38;80782.9;0;0;0.723;80783.1;184.415
17:01:38;80780.5;0.915;0;0;80780.7;183.692
17:01:38;80782.9;0;0;0.029;80783.1;184.607
17:01:38;80780.5;0.002;0;0;80780.7;184.578
17:01:38;80782.1;0;0;1.001;80782.3;184.580
17:01:38;80779.9;0.024;0;0;80780.1;183.579
17:01:38;80780.0;0;0;0.132;80780.2;183.603
17:01:38;80779.9;0.008;0;0;80780.1;183.471
17:01:38;80778.1;0;0;0.405;80778.3;183.479
17:01:38;80778.0;0.300;0;0;80778.2;183.074
17:01:38;80777.4;0;0;0.339;80777.6;183.374
17:01:38;80777.3;0.007;0;0;80777.5;183.035
17:01:38;80777.4;0;0;0.160;80777.6;183.042
17:01:38;80777.3;0.115;0;0;80777.5;182.882
17:01:38;80776.5;0;0;0.591;80776.7;182.997
17:01:38;80776.4;0.001;0;0;80776.6;182.406
17:01:38;80776.5;0;0;0.032;80776.7;182.407
17:01:38;80776.4;0.063;0;0;80776.6;182.375
17:01:38;80776.5;0;0;0.076;80776.7;182.438
17:01:38;80776.4;0.001;0;0;80776.6;182.362
17:01:38;80776.5;0;0;0.006;80776.7;182.363
17:01:38;80776.4;0.010;0;0;80776.6;182.357
17:01:38;80776.5;0;0;0.127;80776.7;182.367
17:01:38;80775.6;0.155;0;0;80775.8;182.240
17:01:38;80775.7;0;0;0.777;80775.9;182.395
17:01:38;80775.6;0.008;0;0;80775.8;181.618
17:01:38;80775.7;0;0;0.481;80775.9;181.626
17:01:38;80775.6;0.200;0;0;80775.8;181.145
17:01:38;80775.7;0;0;0.008;80775.9;181.345
17:01:38;80775.6;0.006;0;0;80775.8;181.337
17:01:38;80771.5;0;0;0.306;80771.7;181.343
17:01:38;80769.8;0.002;0;0;80770.0;181.037
17:01:38;80770.5;0;0;0.640;80770.7;181.039
17:01:38;80772.2;0;0;0.408;80772.4;180.399
17:01:38;80769.9;0;0;5.775;80770.1;179.991
17:01:38;80768.4;0.020;0;0;80768.6;174.216
17:01:38;80769.9;0;0;0.105;80770.1;174.236
17:01:38;80765.8;0.084;0;0;80766.0;174.131
17:01:38;80768.6;0;0;0.908;80768.8;174.215
17:01:38;80765.2;0.009;0;0;80765.4;173.307
17:01:38;80765.6;0;0;1.318;80765.8;173.316
17:01:38;80764.0;0.048;0;0;80764.2;171.998
17:01:38;80764.1;0;0;2.423;80764.3;172.046
17:01:38;80764.0;0.010;0;0;80764.2;169.623
17:01:38;80762.1;0;0;2.396;80762.3;169.633
17:01:38;80762.0;0.002;0;0;80762.2;167.237
17:01:38;80761.5;0;0;12.834;80761.7;167.239
17:01:38;80761.3;0.002;0;0;80761.5;154.405
17:01:38;80759.8;0.019;0;0;80760.0;154.407
17:01:38;80759.9;0;0;5.820;80760.1;154.426
17:01:38;80759.8;0.001;0;0;80760.0;148.606
17:01:38;80759.0;0;0;0.034;80759.2;148.607
17:01:38;80758.9;0.010;0;0;80759.1;148.573
17:01:38;80749.9;0;0;6.227;80750.1;148.583
17:01:38;80749.8;0.085;0;0;80750.0;142.356
17:01:37;80749.9;0;0;0.025;80750.1;142.441
17:01:37;80749.8;0.172;0;0;80750.0;142.416
17:01:37;80749.9;0;0;0.104;80750.1;142.588
17:01:36;80749.8;0.048;0;0;80750.0;142.484
17:01:35;80749.9;0;0;0.062;80750.1;142.532
17:01:35;80749.8;0.154;0;0;80750.0;142.470
17:01:35;80749.9;0;0;0.090;80750.1;142.624
17:01:34;80747.2;0;0;3.504;80747.4;142.534
17:01:34;80747.1;0.003;0;0;80747.3;139.030
17:01:34;80747.2;0;0;0.131;80747.4;139.033
17:01:34;80747.1;0.052;0;0;80747.3;138.902
17:01:34;80747.2;0;0;0.075;80747.4;138.954
17:01:33;80747.1;0.003;0;0;80747.3;138.879
17:01:32;80747.2;0;0;0.450;80747.4;138.882
17:01:32;80747.1;0.008;0;0;80747.3;138.432
17:01:32;80747.2;0;0;0.029;80747.4;138.440
17:01:32;80747.1;0.526;0;0;80747.3;138.411
17:01:32;80747.2;0;0;0.002;80747.4;138.937
17:01:32;80747.1;0.044;0;0;80747.3;138.935
17:01:31;80747.2;0;0;0.006;80747.4;138.979
17:01:31;80747.1;0.200;0;0;80747.3;138.973
17:01:31;80747.2;0;0;0.004;80747.4;139.173
17:01:31;80747.1;0.005;0;0;80747.3;139.169
17:01:30;80747.2;0;0;0.074;80747.4;139.174
17:01:30;80747.1;0.046;0;0;80747.3;139.100
17:01:29;80747.2;0;0;0.021;80747.4;139.146
17:01:29;80747.1;0.002;0;0;80747.3;139.125
17:01:29;80740.6;0;0;0.820;80740.8;139.127
17:01:29;80740.5;0.256;0;0;80740.7;138.307
17:01:29;80740.6;0;0;0.012;80740.8;138.563
17:01:29;80740.5;0.008;0;0;80740.7;138.551
17:01:28;80740.6;0;0;0.462;80740.8;138.559
17:01:28;80740.5;0.123;0;0;80740.7;138.097
17:01:28;80740.6;0;0;0.014;80740.8;138.220
17:01:27;80740.5;0.003;0;0;80740.7;138.206
17:01:27;80740.6;0;0;0.051;80740.8;138.209
17:01:27;80740.5;0.042;0;0;80740.7;138.158
17:01:27;80740.6;0;0;0.040;80740.8;138.200
17:01:27;80740.5;0.036;0;0;80740.7;138.160
17:01:27;80740.6;0;0;1.004;80740.8;138.196
17:01:26;80740.5;0.066;0;0;80740.7;137.192
17:01:26;80740.6;0;0;0.127;80740.8;137.258
17:01:26;80740.5;0.005;0;0;80740.7;137.131
17:01:26;80740.6;0;0;0.002;80740.8;137.136
17:01:26;80740.7;0.003;0;0;80740.9;137.134
17:01:26;80740.8;0;0;0.001;80741.0;137.137
17:01:26;80743.8;0.021;0;0;80744.0;137.136
17:01:26;80744.0;0;0;0.001;80744.2;137.157
17:01:26;80747.2;0.934;0;0;80747.4;137.156
17:01:26;80747.3;0;0;0.064;80747.5;138.090
17:01:26;80747.2;1.424;0;0;80747.4;138.026
17:01:26;80747.3;0;0;0.631;80747.5;139.450
17:01:25;80747.2;0.004;0;0;80747.4;138.819
17:01:25;80747.3;0;0;0.025;80747.5;138.823
17:01:25;80747.2;0.002;0;0;80747.4;138.798
17:01:25;80747.3;0;0;0.068;80747.5;138.800
17:01:25;80747.2;0.023;0;0;80747.4;138.732
17:01:25;80747.3;0;0;0.415;80747.5;138.755
17:01:24;80747.2;1.371;0;0;80747.4;138.340
17:01:24;80747.3;0;0;0.028;80747.5;139.711
17:01:24;80747.2;0.021;0;0;80747.4;139.683
17:01:24;80741.9;0;0;0.307;80742.1;139.704
17:01:24;80741.7;0.001;0;0;80741.9;139.397
17:01:23;80738.9;0;0;2.486;80739.1;139.398
17:01:23;80738.8;0.001;0;0;80739.0;136.912
17:01:23;80736.5;0;0;0.087;80736.7;136.913
17:01:23;80736.4;0.001;0;0;80736.6;136.826
17:01:23;80736.5;0;0;0.022;80736.7;136.827
17:01:23;80736.4;0.300;0;0;80736.6;136.805
17:01:22;80735.1;0;0;0.497;80735.3;137.105
17:01:22;80735.0;0.011;0;0;80735.2;136.608
17:01:22;80735.1;0;0;0.004;80735.3;136.619
17:01:22;80735.0;0.282;0;0;80735.2;136.615
17:01:21;80735.1;0;0;1.544;80735.3;136.897
17:01:21;80735.0;0.011;0;0;80735.2;135.353
17:01:21;80735.1;0;0;0.003;80735.3;135.364
17:01:20;80735.0;0.015;0;0;80735.2;135.361
17:01:20;80735.1;0;0;0.037;80735.3;135.376
17:01:20;80735.0;3.069;0;0;80735.2;135.339
17:01:20;80735.1;0;0;0.144;80735.3;138.408
17:01:19;80735.0;0.123;0;0;80735.2;138.264
17:01:19;80735.1;0;0;0.135;80735.3;138.387
17:01:19;80735.0;0.008;0;0;80735.2;138.252
17:01:19;80735.1;0;0;0.077;80735.3;138.260
17:01:19;80735.0;0.090;0;0;80735.2;138.183
17:01:19;80735.1;0;0;0.112;80735.3;138.273
17:01:19;80735.0;0.002;0;0;80735.2;138.161
17:01:19;80735.1;0;0;0.004;80735.3;138.163
17:01:18;80735.0;0.465;0;0;80735.2;138.159
17:01:18;80735.1;0;0;0.001;80735.3;138.624
17:01:18;80735.0;0.015;0;0;80735.2;138.623
17:01:18;80735.1;0;0;1.005;80735.3;138.638
17:01:18;80735.0;0.336;0;0;80735.2;137.633
17:01:18;80735.1;0;0;1.265;80735.3;137.969
17:01:18;80735.0;0.033;0;0;80735.2;136.704
17:01:18;80735.1;0;0;0.006;80735.3;136.737
17:01:18;80735.0;0.040;0;0;80735.2;136.731
17:01:18;80735.1;0;0;0.002;80735.3;136.771
17:01:17;80735.0;0.059;0;0;80735.2;136.769
17:01:17;80735.1;0;0;0.100;80735.3;136.828
17:01:16;80735.0;0.409;0;0;80735.2;136.728
17:01:16;80735.1;0;0;0.343;80735.3;137.137
17:01:16;80735.0;0.005;0;0;80735.2;136.794
17:01:16;80728.4;0;0;1.859;80728.6;136.799
17:01:16;80728.3;0.006;0;0;80728.5;134.940
17:01:16;80719.9;0;0;13.878;80720.1;134.946
17:01:16;80719.8;0.139;0;0;80720.0;121.068
17:01:15;80719.9;0;0;0.002;80720.1;121.207
17:01:15;80724.3;0.201;0;0;80724.5;121.205
17:01:15;80724.4;0;0;0.008;80724.6;121.406
17:01:15;80729.9;0.831;0;0;80730.1;121.398
17:01:15;80730.0;0;0;0.026;80730.2;122.229
17:01:14;80731.6;0.208;0;0;80731.8;122.203
17:01:14;80731.7;0;0;0.002;80731.9;122.411
17:01:14;80736.1;0.104;0;0;80736.3;122.409
17:01:14;80736.2;0;0;0.054;80736.4;122.513
17:01:14;80739.8;0.474;0;0;80740.0;122.459
17:01:13;80739.9;0;0;0.122;80740.1;122.933
17:01:13;80739.8;0.020;0;0;80740.0;122.811
17:01:13;80739.9;0;0;0.002;80740.1;122.831
17:01:13;80739.8;0.001;0;0;80740.0;122.829
17:01:13;80739.9;0;0;0.012;80740.1;122.830
17:01:12;80739.8;0.131;0;0;80740.0;122.818
17:01:12;80739.9;0;0;0.041;80740.1;122.949
17:01:12;80739.8;0.401;0;0;80740.0;122.908
17:01:11;80739.9;0;0;0.043;80740.1;123.309
17:01:11;80741.2;0.063;0;0;80741.4;123.266
17:01:11;80741.3;0;0;0.008;80741.5;123.329
17:01:11;80741.2;0.010;0;0;80741.4;123.321
17:01:11;80741.3;0;0;0.001;80741.5;123.331
17:01:11;80743.9;0.061;0;0;80744.1;123.330
17:01:11;80744.0;0;0;0.209;80744.2;123.391
17:01:11;80746.5;0.108;0;0;80746.7;123.182
17:01:11;80746.6;0;0;0.032;80746.8;123.290
17:01:10;80749.8;2.960;0;0;80750.0;123.258
17:01:10;80749.9;0;0;0.006;80750.1;126.218
17:01:10;80749.8;0.006;0;0;80750.0;126.212
17:01:10;80749.9;0;0;0.859;80750.1;126.218
17:01:10;80749.8;0.001;0;0;80750.0;125.359
17:01:09;80749.9;0;0;0.003;80750.1;125.360
17:01:09;80749.8;0.027;0;0;80750.0;125.357
17:01:09;80749.9;0;0;0.030;80750.1;125.384
17:01:09;80749.8;4.370;0;0;80750.0;125.354
17:01:08;80749.9;0;0;0.447;80750.1;129.724
17:01:08;80749.8;0.001;0;0;80750.0;129.277
17:01:07;80749.9;0;0;0.002;80750.1;129.278
17:01:07;80749.8;0.001;0;0;80750.0;129.276
17:01:07;80749.9;0;0;0.013;80750.1;129.277
17:01:07;80749.8;0.001;0;0;80750.0;129.264
17:01:07;80749.9;0;0;0.002;80750.1;129.265
17:01:07;80749.8;0.026;0;0;80750.0;129.263
17:01:07;80749.9;0;0;1.006;80750.1;129.289
17:01:06;80749.8;0.002;0;0;80750.0;128.283
17:01:06;80749.9;0;0;0.051;80750.1;128.285
17:01:06;80749.8;0.015;0;0;80750.0;128.234
17:01:06;80749.9;0;0;0.106;80750.1;128.249
17:01:06;80749.8;0.001;0;0;80750.0;128.143
17:01:06;80749.9;0;0;0.027;80750.1;128.144
17:01:06;80749.8;0.030;0;0;80750.0;128.117
17:01:06;80749.9;0;0;0.588;80750.1;128.147
17:01:05;80749.8;0.144;0;0;80750.0;127.559
17:01:05;80749.9;0;0;0.005;80750.1;127.703
17:01:05;80749.8;0.001;0;0;80750.0;127.698
17:01:05;80749.9;0;0;0.011;80750.1;127.699
17:01:05;80749.8;0.050;0;0;80750.0;127.688
17:01:05;80749.9;0;0;0.650;80750.1;127.738
17:01:05;80749.8;0.018;0;0;80750.0;127.088
17:01:05;80749.9;0;0;0.115;80750.1;127.106
17:01:05;80749.8;0.011;0;0;80750.0;126.991
17:01:05;80749.9;0;0;0.014;80750.1;127.002
17:01:05;80749.8;4.964;0;0;80750.0;126.988
17:01:05;80749.9;0;0;0.139;80750.1;131.952
17:01:05;80749.8;0.025;0;0;80750.0;131.813
17:01:05;80749.9;0;0;0.034;80750.1;131.838
17:01:05;80749.8;0.001;0;0;80750.0;131.804
17:01:05;80748.0;0;0;0.505;80748.2;131.805
17:01:05;80747.9;0.001;0;0;80748.1;131.300
17:01:05;80745.9;0;0;1.511;80746.1;131.301
17:01:04;80745.8;0.041;0;0;80746.0;129.790
17:01:04;80745.9;0;0;0.024;80746.1;129.831
17:01:03;80745.8;2.030;0;0;80746.0;129.807
17:01:03;80745.9;0;0;0.001;80746.1;131.837
17:01:03;80745.8;0.002;0;0;80746.0;131.836
17:01:03;80742.1;0;0;2.140;80742.3;131.838
17:01:03;80741.9;0.050;0;0;80742.1;129.698
17:01:03;80739.1;0;0;6.388;80739.3;129.748
17:01:03;80739.0;0.062;0;0;80739.2;123.360
17:01:02;80739.1;0;0;0.148;80739.3;123.422
17:01:02;80739.0;0.001;0;0;80739.2;123.274
17:01:02;80739.1;0;0;0.606;80739.3;123.275
17:01:02;80739.0;0.674;0;0;80739.2;122.669
17:01:02;80739.1;0;0;0.003;80739.3;123.343
17:01:02;80739.0;0.026;0;0;80739.2;123.340
17:01:02;80739.1;0;0;0.050;80739.3;123.366
17:01:02;80739.0;0.001;0;0;80739.2;123.316
17:01:01;80739.1;0;0;0.011;80739.3;123.317
17:01:01;80739.0;0.185;0;0;80739.2;123.306
17:01:01;80739.1;0;0;0.003;80739.3;123.491
17:01:01;80739.0;0.007;0;0;80739.2;123.488
17:01:01;80739.1;0;0;0.132;80739.3;123.495
17:01:01;80739.0;0.170;0;0;80739.2;123.363
17:01:01;80739.1;0;0;0.015;80739.3;123.533
17:01:01;80739.0;0.001;0;0;80739.2;123.518
17:01:01;80739.1;0;0;0.064;80739.3;123.519
17:01:01;80739.0;0.011;0;0;80739.2;123.455
17:01:01;80739.1;0;0;0.846;80739.3;123.466
17:01:00;80739.0;0.115;0;0;80739.2;122.620
17:01:00;80739.1;0;0;0.134;80739.3;122.735
17:01:00;80739.0;0.053;0;0;80739.2;122.601
17:01:00;80739.1;0;0;1.467;80739.3;122.654
17:01:00;80739.0;0.012;0;0;80739.2;121.187
17:00:59;80739.1;0;0;0.065;80739.3;121.199
17:00:59;80739.0;0.001;0;0;80739.2;121.134
17:00:59;80739.1;0;0;0.043;80739.3;121.135
17:00:59;80739.0;0.017;0;0;80739.2;121.092
17:00:59;80739.1;0;0;0.086;80739.3;121.109
17:00:58;80739.0;0.011;0;0;80739.2;121.023
17:00:58;80739.1;0;0;0.046;80739.3;121.034
17:00:58;80739.0;0.003;0;0;80739.2;120.988
17:00:58;80739.1;0;0;0.001;80739.3;120.991
17:00:58;80739.0;0.002;0;0;80739.2;120.990
17:00:57;80739.1;0;0;0.037;80739.3;120.992
17:00:57;80739.0;0.044;0;0;80739.2;120.955
17:00:56;80739.1;0;0;1.006;80739.3;120.999
17:00:56;80739.0;0.002;0;0;80739.2;119.993
17:00:56;80739.1;0;0;0.039;80739.3;119.995
17:00:56;80737.0;0.004;0;0.468;80737.2;119.956
17:00:55;80729.3;0;0;2.299;80729.5;119.492
17:00:55;80729.2;0.017;0;0;80729.4;117.193
17:00:55;80729.3;0;0;0.061;80729.5;117.210
17:00:55;80729.2;0.012;0;0;80729.4;117.149
17:00:55;80729.3;0;0;0.255;80729.5;117.161
17:00:55;80729.2;0.022;0;0;80729.4;116.906
17:00:55;80729.0;0;0;0.008;80729.2;116.928
17:00:54;80728.6;0.024;0;0;80728.8;116.920
17:00:54;80722.4;0;0;0.459;80722.6;116.944
17:00:54;80722.3;0.001;0;0;80722.5;116.485
17:00:54;80720.2;0;0;0.041;80720.4;116.486
17:00:54;80720.1;0.037;0;0;80720.3;116.445
17:00:53;80714.5;0;0;0.520;80714.7;116.482
17:00:53;80714.4;0.001;0;0;80714.6;115.962
17:00:53;80707.3;0;0;2.951;80707.5;115.963
17:00:53;80707.2;0.012;0;0;80707.4;113.012
17:00:53;80707.3;0;0;0.001;80707.5;113.024
17:00:52;80707.2;0.032;0;0.238;80707.4;113.023
17:00:52;80707.1;2.030;0;0;80707.3;112.817
17:00:51;80707.2;0;0;0.120;80707.4;114.847
17:00:51;80707.1;0.001;0;0;80707.3;114.727
17:00:51;80707.2;0;0;0.507;80707.4;114.728
17:00:51;80707.1;2.000;0;0;80707.3;114.221
17:00:50;80707.2;0;0;0.039;80707.4;116.221
17:00:50;80707.1;0.011;0;0;80707.3;116.182
17:00:50;80707.2;0;0;0.571;80707.4;116.193
17:00:50;80707.1;0.013;0;0;80707.3;115.622
17:00:49;80707.2;0;0;0.423;80707.4;115.635
17:00:49;80707.1;0.024;0;0;80707.3;115.212
17:00:49;80699.9;0;0;3.440;80700.1;115.236
17:00:48;80699.8;0.032;0;0;80700.0;111.796
17:00:47;80692.9;0;0;1.910;80693.1;111.828
17:00:45;80689.9;0;0;1.741;80690.1;109.918
17:00:45;80689.8;0.008;0;0;80690.0;108.177
17:00:45;80689.9;0;0;0.016;80690.1;108.185
17:00:44;80689.8;0.029;0;0;80690.0;108.169
17:00:43;80689.9;0;0;1.200;80690.1;108.198
17:00:43;80689.8;0.133;0;0;80690.0;106.998
17:00:43;80689.9;0;0;0.002;80690.1;107.131
17:00:42;80689.8;0.002;0;0;80690.0;107.129
17:00:42;80689.9;0;0;0.156;80690.1;107.131
17:00:41;80689.8;0.010;0;0;80690.0;106.975
17:00:41;80684.6;0;0;0.378;80684.8;106.985
17:00:40;80684.5;0.012;0;0;80684.7;106.607
17:00:40;80684.6;0;0;0.277;80684.8;106.619
17:00:40;80684.5;0.002;0;0;80684.7;106.342
17:00:40;80684.6;0;0;0.142;80684.8;106.344
17:00:40;80684.5;0.029;0;0;80684.7;106.202
17:00:39;80684.6;0;0;0.100;80684.8;106.231
17:00:39;80684.5;0.123;0;0;80684.7;106.131
17:00:39;80684.6;0;0;0.163;80684.8;106.254
17:00:39;80684.5;0.006;0;0;80684.7;106.091
17:00:38;80684.6;0;0;0.009;80684.8;106.097
17:00:38;80684.5;0.002;0;0;80684.7;106.088
17:00:38;80684.6;0;0;0.150;80684.8;106.090
17:00:38;80684.5;0.001;0;0;80684.7;105.940
17:00:38;80684.6;0;0;0.030;80684.8;105.941
17:00:37;80684.5;0.006;0;0;80684.7;105.911
17:00:37;80684.6;0;0;0.131;80684.8;105.917
17:00:37;80684.5;0.007;0;0;80684.7;105.786
17:00:36;80684.6;0;0;0.050;80684.8;105.793
17:00:36;80684.5;0.012;0;0;80684.7;105.743
17:00:36;80684.6;0;0;0.047;80684.8;105.755
17:00:35;80684.5;0.035;0;0;80684.7;105.708
17:00:35;80684.6;0;0;0.137;80684.8;105.743
17:00:34;80684.5;0.067;0;0;80684.7;105.606
17:00:34;80684.6;0;0;0.086;80684.8;105.673
17:00:34;80684.5;0.004;0;0;80684.7;105.587
17:00:34;80684.6;0;0;0.001;80684.8;105.591
17:00:33;80684.5;0.002;0;0;80684.7;105.590
17:00:33;80684.6;0;0;0.060;80684.8;105.592
17:00:33;80684.5;0.012;0;0;80684.7;105.532
17:00:33;80684.6;0;0;0.004;80684.8;105.544
17:00:32;80684.5;0.002;0;0;80684.7;105.540
17:00:32;80684.6;0;0;0.001;80684.8;105.542
17:00:32;80684.5;0.002;0;0;80684.7;105.541
17:00:32;80684.6;0;0;0.001;80684.8;105.543
17:00:32;80684.5;0.001;0;0;80684.7;105.542
17:00:31;80684.6;0;0;0.232;80684.8;105.543
17:00:30;80684.5;0.015;0;0;80684.7;105.311
17:00:30;80684.6;0;0;1.205;80684.8;105.326
17:00:30;80684.5;0.510;0;0;80684.7;104.121
17:00:30;80684.6;0;0;0.033;80684.8;104.631
17:00:30;80684.5;0.001;0;0;80684.7;104.598
17:00:30;80684.6;0;0;0.472;80684.8;104.599
17:00:30;80684.5;0.018;0;0;80684.7;104.127
17:00:30;80684.6;0;0;0.005;80684.8;104.145
17:00:29;80684.5;0.028;0;0;80684.7;104.140
17:00:29;80684.6;0;0;0.002;80684.8;104.168
17:00:29;80684.5;1.170;0;0;80684.7;104.166
17:00:29;80684.6;0;0;0.012;80684.8;105.336
17:00:28;80684.5;0.009;0;0;80684.7;105.324
17:00:28;80677.2;0;0;0.666;80677.4;105.333
17:00:28;80677.1;0.105;0;0;80677.3;104.667
17:00:28;80676.6;0;0;0.104;80676.8;104.772
17:00:28;80676.2;0.105;0;0;80676.4;104.668
17:00:28;80671.2;0;0;1.511;80671.4;104.773
17:00:28;80671.1;0.001;0;0;80671.3;103.262
17:00:28;80666.9;0;0;0.401;80667.1;103.263
17:00:28;80666.8;0.145;0;0;80667.0;102.862
17:00:27;80666.9;0;0;0.381;80667.1;103.007
17:00:27;80666.8;0.001;0;0;80667.0;102.626
17:00:26;80666.9;0;0;0.020;80667.1;102.627
17:00:26;80666.8;0.098;0;0;80667.0;102.607
17:00:26;80666.9;0;0;0.061;80667.1;102.705
17:00:26;80666.8;0.151;0;0;80667.0;102.644
17:00:24;80666.9;0;0;0.152;80667.1;102.795
17:00:24;80666.8;0.001;0;0;80667.0;102.643
17:00:23;80666.9;0;0;0.003;80667.1;102.644
17:00:23;80666.8;0.001;0;0;80667.0;102.641
17:00:23;80666.9;0;0;0.069;80667.1;102.642
17:00:23;80666.8;0.007;0;0;80667.0;102.573
17:00:21;80666.9;0;0;0.232;80667.1;102.580
17:00:20;80666.8;0.039;0;0;80667.0;102.348
17:00:20;80666.9;0;0;0.002;80667.1;102.387
17:00:20;80666.8;0.247;0;0;80667.0;102.385
17:00:20;80666.9;0;0;0.045;80667.1;102.632
17:00:20;80666.8;0.001;0;0;80667.0;102.587
17:00:20;80666.9;0;0;0.003;80667.1;102.588
17:00:19;80666.8;0.117;0;0;80667.0;102.585
17:00:19;80666.9;0;0;0.004;80667.1;102.702
17:00:18;80666.8;0.002;0;0;80667.0;102.698
17:00:17;80666.9;0;0;0.312;80667.1;102.700
17:00:17;80666.8;0.002;0;0;80667.0;102.388
17:00:17;80666.9;0;0;0.123;80667.1;102.390
17:00:17;80666.8;0.002;0;0;80667.0;102.267
17:00:17;80666.9;0;0;0.245;80667.1;102.269
17:00:17;80666.8;0.150;0;0;80667.0;102.024
17:00:17;80666.9;0;0;0.144;80667.1;102.174
17:00:17;80666.8;1.064;0;0;80667.0;102.030
17:00:16;80666.9;0;0;0.004;80667.1;103.094
17:00:16;80666.8;0.050;0;0;80667.0;103.090
17:00:16;80666.9;0;0;0.128;80667.1;103.140
17:00:16;80666.8;0.050;0;0;80667.0;103.012
17:00:16;80666.9;0;0;0.002;80667.1;103.062
17:00:16;80666.8;0.006;0;0;80667.0;103.060
17:00:16;80666.9;0;0;0.012;80667.1;103.066
17:00:15;80666.8;0.483;0;0;80667.0;103.054
17:00:15;80666.9;0;0;0.012;80667.1;103.537
17:00:15;80666.8;0.300;0;0;80667.0;103.525
17:00:14;80666.9;0;0;0.002;80667.1;103.825
17:00:14;80666.8;0.412;0;0;80667.0;103.823
17:00:13;80666.9;0;0;0.038;80667.1;104.235
17:00:12;80666.8;0.013;0;0;80667.0;104.197
17:00:12;80666.9;0;0;0.066;80667.1;104.210
17:00:12;80666.8;0.001;0;0;80667.0;104.144
17:00:12;80666.9;0;0;0.009;80667.1;104.145
17:00:10;80662.9;0;0;1.728;80663.1;104.136
17:00:10;80662.8;0.001;0;0;80663.0;102.408
17:00:09;80662.9;0;0;0.054;80663.1;102.409
17:00:09;80662.8;0.003;0;0;80663.0;102.355
17:00:09;80662.9;0;0;0.064;80663.1;102.358
17:00:08;80662.8;0.001;0;0;80663.0;102.294
17:00:07;80662.9;0;0;0.118;80663.1;102.295
17:00:06;80659.1;0;0;2.357;80659.3;102.177
17:00:06;80659.0;0.020;0;0;80659.2;99.820
17:00:05;80659.1;0;0;0.085;80659.3;99.840
17:00:05;80659.0;0.412;0;0;80659.2;99.755
17:00:04;80659.1;0;0;0.074;80659.3;100.167
17:00:04;80659.0;0.125;0;0;80659.2;100.093
17:00:03;80654.0;0;0;2.591;80654.2;100.218
17:00:03;80653.9;0.126;0;0;80654.1;97.627
17:00:03;80654.0;0;0;0.002;80654.2;97.753
17:00:02;80653.9;0.744;0;0;80654.1;97.751
17:00:02;80646.9;0;0;4.664;80647.1;98.495
17:00:02;80646.8;0.011;0;0;80647.0;93.831
17:00:02;80646.9;0;0;0.001;80647.1;93.842
17:00:01;80646.8;0.100;0;0;80647.0;93.841
17:00:01;80646.9;0;0;0.013;80647.1;93.941
17:00:00;80646.8;0.254;0;0;80647.0;93.928
17:00:00;80646.9;0;0;0.005;80647.1;94.182
17:00:00;80646.8;0.040;0;0;80647.0;94.177
17:00:00;80646.9;0;0;0.015;80647.1;94.217
17:00:00;80646.8;0.040;0;0;80647.0;94.202
17:00:00;80646.9;0;0;0.002;80647.1;94.242
17:00:00;80646.8;0.029;0;0;80647.0;94.240
16:59:59;80646.9;0;0;0.001;80647.1;94.269
16:59:59;80646.8;0.001;0;0;80647.0;94.268
16:59:58;80646.9;0;0;0.257;80647.1;94.269
16:59:58;80646.8;0.001;0;0;80647.0;94.012
16:59:58;80646.9;0;0;0.621;80647.1;94.013
16:59:57;80646.8;0.017;0;0;80647.0;93.392
16:59:57;80646.9;0;0;0.003;80647.1;93.409
16:59:57;80646.8;0.016;0;0;80647.0;93.406
16:59:56;80646.9;0;0;0.080;80647.1;93.422
16:59:56;80646.8;0.153;0;0;80647.0;93.342
16:59:56;80646.9;0;0;0.025;80647.1;93.495
16:59:55;80649.9;0.171;0;0;80650.1;93.470
16:59:54;80650.0;0;0;0.005;80650.2;93.641
16:59:54;80649.9;0.038;0;0;80650.1;93.636
16:59:54;80650.0;0;0;0.009;80650.2;93.674
16:59:53;80649.9;0.085;0;0;80650.1;93.665
16:59:53;80650.0;0;0;0.250;80650.2;93.750
16:59:53;80649.9;0.002;0;0;80650.1;93.500
16:59:53;80650.0;0;0;0.013;80650.2;93.502
16:59:51;80649.9;0.021;0;0;80650.1;93.489
16:59:51;80650.0;0;0;0.014;80650.2;93.510
16:59:51;80649.9;0.700;0;0;80650.1;93.496
16:59:51;80650.0;0;0;0.007;80650.2;94.196
16:59:51;80649.9;0.140;0;0;80650.1;94.189
16:59:51;80646.9;0;0;0.264;80647.1;94.329
16:59:51;80646.8;0.066;0;0;80647.0;94.065
16:59:50;80645.8;0;0;0.036;80646.0;94.131
16:59:50;80645.7;0.187;0;0;80645.9;94.095
16:59:50;80645.8;0;0;0.001;80646.0;94.282
16:59:49;80645.7;0.096;0;0;80645.9;94.281
16:59:49;80640.5;0;0;0.148;80640.7;94.377
16:59:49;80640.4;0.032;0;0;80640.6;94.229
16:59:49;80637.2;0;0;0.056;80637.4;94.261
16:59:49;80637.1;0.002;0;0;80637.3;94.205
16:59:49;80636.8;0;0;0.015;80637.0;94.207
16:59:49;80636.7;0.001;0;0;80636.9;94.192
16:59:49;80631.2;0;0;1.499;80631.4;94.193
16:59:49;80631.1;0.001;0;0;80631.3;92.694
16:59:49;80630.7;0;0;0.803;80630.9;92.695
16:59:49;80630.6;0.002;0;0;80630.8;91.892
16:59:49;80625.7;0;0;0.526;80625.9;91.894
16:59:49;80625.6;0.001;0;0;80625.8;91.368
16:59:48;80624.3;0;0;12.237;80624.5;91.369
16:59:47;80624.2;0.154;0;0;80624.4;79.132
16:59:47;80624.3;0;0;0.002;80624.5;79.286
16:59:47;80624.2;0.020;0;0;80624.4;79.284
16:59:47;80624.3;0;0;0.002;80624.5;79.304
16:59:42;80625.9;5.435;0;0;80626.1;79.302
16:59:42;80626.0;0;0;0.010;80626.2;84.737
16:59:42;80625.9;0.020;0;0;80626.1;84.727
16:59:41;80626.0;0;0;0.237;80626.2;84.747
16:59:41;80625.9;0.839;0;0;80626.1;84.510
16:59:40;80626.0;0;0;0.126;80626.2;85.349
16:59:39;80630.7;1.141;0;0;80630.9;85.223
16:59:39;80630.8;0;0;0.031;80631.0;86.364
16:59:37;80630.7;0.379;0;0;80630.9;86.333
16:59:37;80630.8;0;0;0.010;80631.0;86.712
16:59:37;80630.7;0.272;0;0;80630.9;86.702
16:59:35;80630.8;0;0;0.005;80631.0;86.974
16:59:35;80630.7;0.172;0;0;80630.9;86.969
16:59:35;80630.8;0;0;0.030;80631.0;87.141
16:59:33;80630.7;0.052;0;0;80630.9;87.111
16:59:32;80630.8;0;0;0.005;80631.0;87.163
16:59:32;80630.7;0.001;0;0;80630.9;87.158
16:59:32;80630.8;0;0;0.005;80631.0;87.159
16:59:32;80630.7;0.133;0;0;80630.9;87.154
16:59:32;80630.8;0;0;0.020;80631.0;87.287
16:59:30;80635.0;0.339;0;0;80635.2;87.267
16:59:29;80635.1;0;0;0.125;80635.3;87.606
16:59:29;80635.0;0.050;0;0;80635.2;87.481
16:59:28;80635.1;0.954;0;0;80635.3;87.531
16:59:27;80635.2;0;0;0.010;80635.4;88.485
16:59:27;80635.1;0.064;0;0;80635.3;88.475
16:59:27;80635.2;0;0;0.002;80635.4;88.539
16:59:26;80635.1;0.020;0;0;80635.3;88.537
16:59:25;80635.2;0;0;0.012;80635.4;88.557
16:59:25;80635.1;0.030;0;0;80635.3;88.545
16:59:25;80635.2;0;0;0.040;80635.4;88.575
16:59:24;80635.1;0.008;0;0;80635.3;88.535
16:59:24;80635.2;0;0;0.032;80635.4;88.543
16:59:24;80635.1;0.003;0;0;80635.3;88.511
16:59:24;80635.2;0;0;0.005;80635.4;88.514
16:59:23;80635.1;0.047;0;0;80635.3;88.509
16:59:23;80635.2;0;0;0.050;80635.4;88.556
16:59:23;80635.1;0.061;0;0;80635.3;88.506
16:59:23;80635.2;0;0;0.027;80635.4;88.567
16:59:22;80635.1;0.026;0;0;80635.3;88.540
16:59:21;80635.2;0;0;0.001;80635.4;88.566
16:59:21;80635.1;4.343;0;0;80635.3;88.565
16:59:21;80635.2;0;0;0.001;80635.4;92.908
16:59:20;80635.1;0.003;0;0;80635.3;92.907
16:59:20;80635.2;0;0;0.001;80635.4;92.910
16:59:19;80635.1;0.028;0;0;80635.3;92.909
16:59:18;80635.2;0;0;0.287;80635.4;92.937
16:59:17;80635.1;0.210;0;0;80635.3;92.650
16:59:17;80635.2;0;0;0.050;80635.4;92.860
16:59:17;80635.1;0.052;0;0;80635.3;92.810
16:59:15;80635.2;0;0;0.010;80635.4;92.862
16:59:15;80635.1;0.014;0;0;80635.3;92.852
16:59:13;80635.2;0;0;0.020;80635.4;92.866
16:59:11;80635.1;0.060;0;0;80635.3;92.846
16:59:11;80635.2;0;0;0.030;80635.4;92.906
16:59:11;80635.1;0.001;0;0;80635.3;92.876
16:59:11;80635.2;0;0;0.074;80635.4;92.877
16:59:10;80635.1;0.001;0;0;80635.3;92.803
16:59:10;80635.2;0;0;0.020;80635.4;92.804
16:59:10;80635.1;0.830;0;0;80635.3;92.784
16:59:09;80635.2;0;0;0.125;80635.4;93.614
16:59:08;80635.1;0.005;0;0;80635.3;93.489
16:59:08;80635.2;0;0;0.002;80635.4;93.494
16:59:08;80635.1;0.012;0;0;80635.3;93.492
16:59:06;80635.2;0;0;0.101;80635.4;93.504
16:59:05;80635.1;0.177;0;0;80635.3;93.403
16:59:05;80635.2;0;0;0.026;80635.4;93.580
16:59:05;80635.1;0.052;0;0;80635.3;93.554
16:59:05;80635.2;0;0;0.010;80635.4;93.606
16:59:04;80635.1;0.001;0;0;80635.3;93.596
16:59:04;80635.2;0;0;0.001;80635.4;93.597
16:59:04;80635.1;0.059;0;0;80635.3;93.596
16:59:04;80635.2;0;0;0.002;80635.4;93.655
16:59:04;80635.1;0.006;0;0;80635.3;93.653
16:59:04;80633.2;0.050;0;0;80633.4;93.659
16:59:04;80640.2;10.000;0;0;80640.4;93.709
16:59:04;80640.3;0;0;0.104;80640.5;103.709
16:59:04;80642.5;0.087;0;0;80642.7;103.605
16:59:03;80642.6;0;0;0.030;80642.8;103.692
16:59:03;80649.9;0.357;0;0;80650.1;103.662
16:59:02;80650.0;0;0;0.092;80650.2;104.019
16:59:01;80649.9;0.660;0;0;80650.1;103.927
16:59:00;80650.0;0;0;3.175;80650.2;104.587
16:58:58;80649.9;0.380;0;0;80650.1;101.412
16:58:58;80650.0;0;0;0.334;80650.2;101.792
16:58:55;80649.9;1.303;0;0;80650.1;101.458
16:58:55;80650.0;0;0;0.039;80650.2;102.761
16:58:54;80649.9;0.005;0;0;80650.1;102.722
16:58:53;80650.0;0;0;0.077;80650.2;102.727
16:58:52;80649.9;0.148;0;0;80650.1;102.650
16:58:52;80650.0;0;0;0.154;80650.2;102.798
16:58:51;80653.0;0.587;0;0;80653.2;102.644
16:58:50;80653.1;0;0;0.036;80653.3;103.231
16:58:49;80653.0;0.057;0;0;80653.2;103.195
16:58:49;80653.1;0;0;0.010;80653.3;103.252
16:58:49;80653.0;0.002;0;0;80653.2;103.242
16:58:48;80653.1;0;0;0.030;80653.3;103.244
16:58:46;80653.0;1.025;0;0;80653.2;103.214
16:58:45;80653.1;0;0;0.106;80653.3;104.239
16:58:45;80653.0;0.002;0;0;80653.2;104.133
16:58:44;80653.1;0;0;0.297;80653.3;104.135
16:58:44;80653.0;1.106;0;0;80653.2;103.838
16:58:43;80653.1;0;0;0.038;80653.3;104.944
16:58:43;80653.0;0.010;0;0;80653.2;104.906
16:58:43;80653.1;0;0;0.012;80653.3;104.916
16:58:42;80653.0;0.052;0;0;80653.2;104.904
16:58:41;80653.1;0;0;0.057;80653.3;104.956
16:58:40;80653.0;0.040;0;0;80653.2;104.899
16:58:40;80653.1;0;0;0.575;80653.3;104.939
16:58:39;80653.0;0.510;0;0;80653.2;104.364
16:58:38;80653.1;0;0;0.054;80653.3;104.874
16:58:36;80653.0;1.596;0;0;80653.2;104.820
16:58:36;80653.1;0;0;0.600;80653.3;106.416
16:58:36;80653.0;0.002;0;0;80653.2;105.816
16:58:34;80653.1;0;0;0.026;80653.3;105.818
16:58:34;80653.0;0.003;0;0;80653.2;105.792
16:58:34;80653.1;0;0;0.347;80653.3;105.795
16:58:33;80653.0;0.024;0;0;80653.2;105.448
16:58:33;80653.1;0;0;0.008;80653.3;105.472
16:58:32;80659.8;4.115;0;0;80660.0;105.464
16:58:32;80659.9;0;0;0.012;80660.1;109.579
16:58:30;80659.8;0.053;0;0;80660.0;109.567
16:58:29;80654.1;0;0;5.435;80654.3;109.620
16:58:27;80654.0;0.044;0;0;80654.2;104.185
16:58:27;80654.1;0;0;0.005;80654.3;104.229
16:58:22;80654.0;0.246;0;0;80654.2;104.224
16:58:21;80654.1;0;0;0.020;80654.3;104.470
16:58:20;80654.0;0.913;0;0;80654.2;104.450
16:58:19;80654.1;0;0;0.284;80654.3;105.363
16:58:19;80654.0;0.028;0;0;80654.2;105.079
16:58:18;80654.1;0;0;0.060;80654.3;105.107
16:58:18;80654.0;0.007;0;0;80654.2;105.047
16:58:18;80654.1;0;0;0.003;80654.3;105.054
16:58:17;80654.0;0.001;0;0;80654.2;105.051
16:58:17;80654.1;0;0;1.961;80654.3;105.052
16:58:16;80654.0;0.050;0;0;80654.2;103.091
16:58:16;80654.1;0;0;0.030;80654.3;103.141
16:58:15;80654.0;0.008;0;0;80654.2;103.111
16:58:14;80654.1;0;0;0.001;80654.3;103.119
16:58:14;80654.0;0.017;0;0;80654.2;103.118
16:58:13;80654.1;0;0;0.011;80654.3;103.135
16:58:12;80654.0;0.037;0;0;80654.2;103.124
16:58:12;80654.1;0;0;0.011;80654.3;103.161
16:58:12;80654.0;0.085;0;0;80654.2;103.150
16:58:12;80654.1;0;0;0.100;80654.3;103.235
16:58:11;80654.0;0.020;0;0;80654.2;103.135
16:58:11;80654.1;0;0;0.100;80654.3;103.155
16:58:11;80654.0;0.036;0;0;80654.2;103.055
16:58:10;80654.1;0;0;0.275;80654.3;103.091
16:58:09;80654.0;0.047;0;0;80654.2;102.816
16:58:07;80654.1;0;0;0.004;80654.3;102.863
16:58:07;80654.0;0.100;0;0;80654.2;102.859
16:58:07;80654.1;0;0;0.010;80654.3;102.959
16:58:06;80654.0;0.379;0;0;80654.2;102.949
16:58:05;80654.1;0;0;0.232;80654.3;103.328
16:58:03;80654.0;0.186;0;0;80654.2;103.096
16:58:03;80654.1;0;0;0.172;80654.3;103.282
16:58:03;80654.0;0.123;0;0;80654.2;103.110
16:58:01;80654.1;0;0;0.165;80654.3;103.233
16:58:01;80654.0;0.049;0;0;80654.2;103.068
16:58:01;80654.1;0;0;0.023;80654.3;103.117
16:58:01;80654.0;0.022;0;0;80654.2;103.094
16:58:00;80654.1;0;0;0.007;80654.3;103.116
16:58:00;80654.0;0.025;0;0;80654.2;103.109
16:57:59;80654.1;0;0;0.253;80654.3;103.134
16:57:59;80654.0;0.001;0;0;80654.2;102.881
16:57:57;80654.1;0;0;0.101;80654.3;102.882
16:57:57;80654.0;0.006;0;0;80654.2;102.781
16:57:57;80654.1;0;0;0.002;80654.3;102.787
16:57:56;80654.0;0.020;0;0;80654.2;102.785
16:57:56;80654.1;0;0;0.001;80654.3;102.805
16:57:55;80654.0;0.034;0;0;80654.2;102.804
16:57:54;80654.9;1.809;0;0;80655.1;102.838
16:57:54;80655.0;0;0;0.014;80655.2;104.647
16:57:54;80654.9;0.078;0;0;80655.1;104.633
16:57:54;80655.0;0;0;0.011;80655.2;104.711
16:57:53;80654.9;0.087;0;0;80655.1;104.700
16:57:53;80655.0;0;0;0.072;80655.2;104.787
16:57:53;80654.9;0.044;0;0;80655.1;104.715
16:57:52;80655.0;0;0;0.002;80655.2;104.759
16:57:52;80654.9;0.003;0;0;80655.1;104.757
16:57:52;80655.0;0;0;0.013;80655.2;104.760
16:57:51;80654.9;0.044;0;0;80655.1;104.747
16:57:51;80655.0;0;0;0.236;80655.2;104.791
16:57:51;80654.9;0.001;0;0;80655.1;104.555
16:57:51;80655.0;0;0;0.033;80655.2;104.556
16:57:50;80654.9;0.117;0;0;80655.1;104.523
16:57:50;80655.0;0;0;0.005;80655.2;104.640
16:57:50;80654.9;0.012;0;0;80655.1;104.635
16:57:49;80655.0;0;0;0.018;80655.2;104.647
16:57:49;80658.2;0.321;0;0;80658.4;104.629
16:57:49;80658.3;0;0;0.001;80658.5;104.950
16:57:47;80659.9;0.075;0;0;80660.1;104.949
16:57:46;80660.5;0.082;0;0;80660.7;105.024
16:57:46;80660.6;0;0;0.006;80660.8;105.106
16:57:46;80660.5;0.012;0;0;80660.7;105.100
16:57:45;80662.9;0.133;0;0;80663.1;105.112
16:57:45;80663.0;0;0;0.001;80663.2;105.245
16:57:43;80662.9;0.028;0;0;80663.1;105.244
16:57:43;80663.0;0;0;0.023;80663.2;105.272
16:57:42;80662.9;0.052;0;0;80663.1;105.249
16:57:42;80663.0;0;0;0.200;80663.2;105.301
16:57:42;80662.9;0.071;0;0;80663.1;105.101
16:57:41;80663.0;0;0;2.066;80663.2;105.172
16:57:41;80664.5;0.392;0;0;80664.7;103.106
16:57:41;80664.6;0;0;0.083;80664.8;103.498
16:57:40;80664.5;0.033;0;0;80664.7;103.415
16:57:40;80664.6;0;0;0.010;80664.8;103.448
16:57:39;80664.5;0.703;0;0;80664.7;103.438
16:57:39;80664.6;0;0;0.006;80664.8;104.141
16:57:38;80664.5;0.155;0;0;80664.7;104.135
16:57:37;80664.6;0;0;0.032;80664.8;104.290
16:57:37;80664.5;0.005;0;0;80664.7;104.258
16:57:37;80664.6;0;0;0.001;80664.8;104.263
16:57:36;80664.5;0.126;0;0;80664.7;104.262
16:57:36;80664.6;0;0;0.006;80664.8;104.388
16:57:36;80664.5;0.004;0;0;80664.7;104.382
16:57:35;80664.6;0;0;0.127;80664.8;104.386
16:57:35;80664.5;0.019;0;0;80664.7;104.259
16:57:34;80664.6;0;0;0.041;80664.8;104.278
16:57:34;80664.5;0.284;0;0;80664.7;104.237
16:57:34;80664.6;0;0;0.031;80664.8;104.521
16:57:34;80664.5;0.016;0;0;80664.7;104.490
16:57:34;80664.6;0;0;0.006;80664.8;104.506
16:57:32;80664.5;1.625;0;0;80664.7;104.500
16:57:31;80664.6;0;0;0.107;80664.8;106.125
16:57:31;80664.5;0.007;0;0;80664.7;106.018
16:57:31;80664.6;0;0;0.248;80664.8;106.025
16:57:31;80664.5;0.002;0;0;80664.7;105.777
16:57:30;80664.6;0;0;0.013;80664.8;105.779
16:57:29;80664.5;0.025;0;0;80664.7;105.766
16:57:29;80664.6;0;0;0.002;80664.8;105.791
16:57:28;80664.5;0.060;0;0;80664.7;105.789
16:57:28;80664.6;0;0;0.018;80664.8;105.849
16:57:28;80664.5;0.117;0;0;80664.7;105.831
16:57:28;80664.6;0;0;0.167;80664.8;105.948
16:57:27;80664.5;0.015;0;0;80664.7;105.781
16:57:27;80664.6;0;0;5.002;80664.8;105.796
16:57:27;80664.5;0.102;0;0;80664.7;100.794
16:57:26;80664.6;0;0;0.113;80664.8;100.896
16:57:26;80664.5;0.004;0;0;80664.7;100.783
16:57:25;80664.6;0;0;0.359;80664.8;100.787
16:57:24;80664.5;0.037;0;0;80664.7;100.428
16:57:23;80664.6;0;0;0.135;80664.8;100.465
16:57:19;80664.5;0.300;0;0;80664.7;100.330
16:57:19;80664.6;0;0;0.153;80664.8;100.630
16:57:19;80664.5;0.189;0;0;80664.7;100.477
16:57:19;80664.6;0;0;0.012;80664.8;100.666
16:57:18;80664.5;0.614;0;0;80664.7;100.654
16:57:18;80664.6;0;0;5.000;80664.8;101.268
16:57:17;80666.9;0.372;0;0;80667.1;96.268
16:57:17;80667.0;0;0;5.276;80667.2;96.640
16:57:15;80666.9;0.712;0;0;80667.1;91.364
16:57:14;80667.0;0;0;0.066;80667.2;92.076
16:57:14;80666.9;0.020;0;0;80667.1;92.010
16:57:13;80667.0;0;0;0.046;80667.2;92.030
16:57:12;80668.4;0.047;0;0;80668.6;91.984
16:57:12;80668.6;0;0;0.061;80668.8;92.031
16:57:12;80668.9;0.113;0;0;80669.1;91.970
16:57:12;80669.0;0;0;0.011;80669.2;92.083
16:57:12;80669.9;0.031;0;0;80670.1;92.072
16:57:12;80670.0;0;0;0.016;80670.2;92.103
16:57:12;80669.9;0.126;0;0;80670.1;92.087
16:57:12;80670.0;0;0;0.013;80670.2;92.213
16:57:11;80672.6;0.809;0;0;80672.8;92.200
16:57:11;80672.7;0;0;0.001;80672.9;93.009
16:57:10;80672.6;0.035;0;0;80672.8;93.008
16:57:10;80672.7;0;0;0.044;80672.9;93.043
16:57:10;80672.6;0.137;0;0;80672.8;92.999
16:57:09;80672.7;0;0;0.006;80672.9;93.136
16:57:09;80672.6;0.002;0;0;80672.8;93.130
16:57:08;80672.7;0;0;0.001;80672.9;93.132
16:57:08;80672.6;0.068;0;0;80672.8;93.131
16:57:07;80672.7;0;0;0.024;80672.9;93.199
16:57:07;80672.6;0.005;0;0;80672.8;93.175
16:57:06;80672.7;0;0;0.003;80672.9;93.180
16:57:06;80672.6;0.001;0;0;80672.8;93.177
16:57:05;80672.7;0;0;0.125;80672.9;93.178
16:57:04;80672.6;0.030;0;0;80672.8;93.053
16:57:04;80672.7;0;0;0.749;80672.9;93.083
16:57:04;80672.6;0.165;0;0;80672.8;92.334
16:57:04;80672.7;0;0;0.019;80672.9;92.499
16:57:03;80672.6;0.358;0;0;80672.8;92.480
16:57:03;80672.7;0;0;0.034;80672.9;92.838
16:57:02;80672.6;1.858;0;0;80672.8;92.804
16:57:02;80672.7;0;0;0.003;80672.9;94.662
16:57:02;80672.6;0.005;0;0;80672.8;94.659
16:57:01;80672.7;0;0;0.371;80672.9;94.664
16:57:01;80672.6;0.061;0;0;80672.8;94.293
16:57:00;80672.7;0;0;0.142;80672.9;94.354
16:57:00;80672.6;0.034;0;0;80672.8;94.212
16:57:00;80672.7;0;0;0.304;80672.9;94.246
16:56:59;80672.6;0.023;0;0;80672.8;93.942
16:56:59;80672.7;0;0;0.003;80672.9;93.965
16:56:58;80672.6;1.051;0;0;80672.8;93.962
16:56:57;80672.7;0;0;0.004;80672.9;95.013
16:56:57;80672.6;0.126;0;0;80672.8;95.009
16:56:57;80672.7;0;0;0.081;80672.9;95.135
16:56:56;80672.6;0.032;0;0;80672.8;95.054
16:56:56;80672.7;0;0;0.054;80672.9;95.086
16:56:56;80672.6;0.059;0;0;80672.8;95.032
16:56:55;80672.7;0;0;0.024;80672.9;95.091
16:56:55;80672.6;0.071;0;0;80672.8;95.067
16:56:55;80672.7;0;0;0.030;80672.9;95.138
16:56:54;80672.6;0.215;0;0;80672.8;95.108
16:56:53;80672.7;0;0;0.129;80672.9;95.323
16:56:52;80672.6;0.232;0;0;80672.8;95.194
16:56:52;80672.7;0;0;0.095;80672.9;95.426
16:56:52;80672.6;0.002;0;0;80672.8;95.331
16:56:51;80672.7;0;0;0.018;80672.9;95.333
16:56:51;80672.6;0.009;0;0;80672.8;95.315
16:56:51;80672.7;0;0;0.003;80672.9;95.324
16:56:50;80672.6;0.164;0;0;80672.8;95.321
16:56:49;80672.7;0;0;0.149;80672.9;95.485
16:56:49;80672.6;0.050;0;0;80672.8;95.336
16:56:48;80672.7;0;0;0.012;80672.9;95.386
16:56:48;80672.6;0.001;0;0;80672.8;95.374
16:56:48;80672.7;0;0;2.130;80672.9;95.375
16:56:48;80679.9;0.212;0;0;80680.1;93.245
16:56:48;80680.0;0;0;0.001;80680.2;93.457
16:56:47;80679.9;0.133;0;0;80680.1;93.456
16:56:47;80680.0;0;0;0.761;80680.2;93.589
16:56:46;80679.9;0.045;0;0;80680.1;92.828
16:56:45;80680.0;0;0;0.006;80680.2;92.873
16:56:45;80679.9;0.001;0;0;80680.1;92.867
16:56:45;80680.0;0;0;0.005;80680.2;92.868
16:56:45;80679.9;0.002;0;0;80680.1;92.863
16:56:45;80680.0;0;0;0.001;80680.2;92.865
16:56:44;80679.9;0.017;0;0;80680.1;92.864
16:56:44;80680.0;0;0;0.006;80680.2;92.881
16:56:44;80679.9;0.009;0;0;80680.1;92.875
16:56:43;80680.0;0;0;0.008;80680.2;92.884
16:56:42;80681.2;0.079;0;0;80681.4;92.876
16:56:42;80681.3;0;0;2.305;80681.5;92.955
16:56:42;80681.2;0.003;0;0;80681.4;90.650
16:56:42;80681.3;0;0;0.022;80681.5;90.653
16:56:41;80681.2;0.005;0;0;80681.4;90.631
16:56:40;80681.3;0;0;0.003;80681.5;90.636
16:56:40;80681.2;0.027;0;0;80681.4;90.633
16:56:40;80681.3;0;0;0.012;80681.5;90.660
16:56:40;80681.2;0.001;0;0;80681.4;90.648
16:56:40;80681.3;0;0;0.014;80681.5;90.649
16:56:39;80681.2;0.013;0;0;80681.4;90.635
16:56:39;80681.3;0;0;0.051;80681.5;90.648
16:56:39;80681.2;0.005;0;0;80681.4;90.597
16:56:39;80681.3;0;0;0.043;80681.5;90.602
16:56:39;80681.2;0.001;0;0;80681.4;90.559
16:56:38;80681.3;0;0;0.493;80681.5;90.560
16:56:38;80681.2;0.093;0;0;80681.4;90.067
16:56:38;80681.3;0;0;0.019;80681.5;90.160
16:56:38;80681.2;0.001;0;0;80681.4;90.141
16:56:37;80681.3;0;0;0.026;80681.5;90.142
16:56:37;80684.8;0.164;0;0;80685.0;90.116
16:56:36;80684.9;0;0;0.338;80685.1;90.280
16:56:36;80684.8;0.035;0;0;80685.0;89.942
16:56:36;80684.9;0;0;0.336;80685.1;89.977
16:56:36;80684.8;0.014;0;0;80685.0;89.641
16:56:36;80684.9;0;0;0.013;80685.1;89.655
16:56:36;80684.8;0.005;0;0;80685.0;89.642
16:56:34;80685.7;0.179;0;0;80685.9;89.647
16:56:34;80685.8;0;0;0.001;80686.0;89.826
16:56:34;80685.7;0.063;0;0;80685.9;89.825
16:56:33;80685.8;0;0;0.005;80686.0;89.888
16:56:32;80687.0;0.396;0;0;80687.2;89.883
16:56:32;80687.1;0;0;0.002;80687.3;90.279
16:56:32;80687.0;0.001;0;0;80687.2;90.277
16:56:32;80687.1;0;0;0.002;80687.3;90.278
16:56:31;80687.0;0.001;0;0;80687.2;90.276
16:56:31;80687.1;0;0;0.001;80687.3;90.277
16:56:31;80687.0;0.037;0;0;80687.2;90.276
16:56:31;80687.1;0;0;0.500;80687.3;90.313
16:56:31;80693.1;3.133;0;0;80693.3;89.813
16:56:31;80693.2;0;0;0.025;80693.4;92.946
16:56:30;80693.1;0.294;0;0;80693.3;92.921
16:56:30;80693.2;0;0;0.001;80693.4;93.215
16:56:29;80693.1;0.036;0;0;80693.3;93.214
16:56:29;80693.2;0;0;0.030;80693.4;93.250
16:56:29;80693.1;0.039;0;0;80693.3;93.220
16:56:29;80693.2;0;0;0.003;80693.4;93.259
16:56:29;80693.1;0.013;0;0;80693.3;93.256
16:56:29;80693.2;0;0;0.001;80693.4;93.269
16:56:28;80693.1;0.673;0;0;80693.3;93.268
16:56:27;80693.2;0;0;0.053;80693.4;93.941
16:56:27;80693.1;0.066;0;0;80693.3;93.888
16:56:26;80693.2;0;0;0.003;80693.4;93.954
16:56:26;80693.1;1.820;0;0;80693.3;93.951
16:56:25;80693.2;0;0;0.011;80693.4;95.771
16:56:24;80697.3;1.725;0;0;80697.5;95.760
16:56:24;80697.4;0;0;0.037;80697.6;97.485
16:56:24;80697.3;0.019;0;0;80697.5;97.448
16:56:24;80697.4;0;0;0.013;80697.6;97.467
16:56:23;80697.3;0.007;0;0;80697.5;97.454
16:56:23;80697.4;0;0;0.006;80697.6;97.461
16:56:23;80697.3;0.009;0;0;80697.5;97.455
16:56:23;80697.4;0;0;0.002;80697.6;97.464
16:56:23;80704.6;1.129;0;0;80704.8;97.462
16:56:23;80704.7;0;0;0.002;80704.9;98.591
16:56:22;80709.3;0.401;0;0;80709.5;98.589
16:56:22;80709.4;0;0;1.868;80709.6;98.990
16:56:21;80710.6;0.195;0;0;80710.8;97.122
16:56:21;80710.7;0;0;0.006;80710.9;97.317
16:56:21;80710.6;0.214;0;0;80710.8;97.311
16:56:20;80710.7;0;0;0.246;80710.9;97.525
16:56:20;80710.6;0.184;0;0;80710.8;97.279
16:56:20;80710.7;0;0;0.037;80710.9;97.463
16:56:19;80711.0;0.312;0;0;80711.2;97.426
16:56:19;80711.1;0;0;0.060;80711.3;97.738
16:56:19;80724.9;0.520;0;0;80725.1;97.678
16:56:19;80725.0;0;0;0.001;80725.2;98.198
16:56:18;80727.2;0.164;0;0;80727.4;98.197
16:56:18;80727.3;0;0;0.177;80727.5;98.361
16:56:18;80728.2;0.402;0;0;80728.4;98.184
16:56:18;80728.3;0;0;0.038;80728.5;98.586
16:56:18;80728.2;0.001;0;0;80728.4;98.548
16:56:18;80728.3;0;0;0.001;80728.5;98.549
16:56:17;80728.5;0.120;0;0;80728.7;98.548
16:56:17;80728.6;0;0;0.002;80728.8;98.668
16:56:17;80728.5;0.010;0;0;80728.7;98.666
16:56:17;80728.6;0;0;0.106;80728.8;98.676
16:56:16;80728.5;0.047;0;0;80728.7;98.570
16:56:16;80728.6;0;0;0.031;80728.8;98.617
16:56:15;80728.5;0.074;0;0;80728.7;98.586
16:56:15;80728.6;0;0;0.030;80728.8;98.660
16:56:15;80728.5;0.074;0;0;80728.7;98.630
16:56:15;80728.6;0;0;0.073;80728.8;98.704
16:56:14;80728.5;0.013;0;0;80728.7;98.631
16:56:14;80728.6;0;0;0.014;80728.8;98.644
16:56:14;80728.5;0.011;0;0;80728.7;98.630
16:56:14;80728.6;0;0;0.004;80728.8;98.641
16:56:14;80728.5;0.059;0;0;80728.7;98.637
16:56:14;80728.6;0;0;0.001;80728.8;98.696
16:56:14;80729.9;0.088;0;0;80730.1;98.695
16:56:14;80730.0;0;0;0.001;80730.2;98.783
16:56:14;80732.5;0.041;0;0;80732.7;98.782
16:56:14;80732.6;0;0;0.013;80732.8;98.823
16:56:14;80732.5;0.422;0;0;80732.7;98.810
16:56:13;80732.6;0;0;0.048;80732.8;99.232
16:56:13;80732.5;0.012;0;0;80732.7;99.184
16:56:13;80732.6;0;0;0.550;80732.8;99.196
16:56:13;80732.5;0.001;0;0;80732.7;98.646
16:56:13;80732.6;0;0;0.001;80732.8;98.647
16:56:13;80735.5;0.264;0;0;80735.7;98.646
16:56:12;80735.6;0;0;0.268;80735.8;98.910
16:56:12;80735.5;0.074;0;0;80735.7;98.642
16:56:12;80735.6;0;0;0.022;80735.8;98.716
16:56:12;80735.5;0.119;0;0;80735.7;98.694
16:56:12;80735.6;0;0;0.160;80735.8;98.813
16:56:12;80735.5;0.004;0;0;80735.7;98.653
16:56:12;80735.6;0;0;0.043;80735.8;98.657
16:56:12;80735.5;0.043;0;0;80735.7;98.614
16:56:11;80735.6;0;0;0.136;80735.8;98.657
16:56:11;80735.5;0.001;0;0;80735.7;98.521
16:56:11;80735.6;0;0;0.023;80735.8;98.522
16:56:11;80735.5;0.001;0;0;80735.7;98.499
16:56:10;80735.6;0;0;0.001;80735.8;98.500
16:56:10;80735.5;0.007;0;0;80735.7;98.499
16:56:10;80735.6;0;0;0.100;80735.8;98.506
16:56:10;80735.5;0.001;0;0;80735.7;98.406
16:56:10;80735.6;0;0;0.052;80735.8;98.407
16:56:09;80735.5;0.217;0;0;80735.7;98.355
16:56:09;80732.6;0;0;0.747;80732.8;98.572
16:56:09;80732.5;0.001;0;0;80732.7;97.825
16:56:08;80732.6;0;0;0.115;80732.8;97.826
16:56:08;80732.5;0.003;0;0;80732.7;97.711
16:56:08;80732.6;0;0;0.635;80732.8;97.714
16:56:08;80732.5;1.458;0;0;80732.7;97.079
16:56:07;80732.6;0;0;0.167;80732.8;98.537
16:56:07;80732.5;0.002;0;0;80732.7;98.370
16:56:07;80732.6;0;0;0.062;80732.8;98.372
16:56:07;80732.5;0.123;0;0;80732.7;98.310
16:56:06;80732.6;0;0;0.011;80732.8;98.433
16:56:06;80732.5;1.214;0;0;80732.7;98.422
16:56:06;80732.6;0;0;0.003;80732.8;99.636
16:56:05;80732.5;0.028;0;0;80732.7;99.633
16:56:05;80730.0;0;0;0.390;80730.2;99.661
16:56:05;80729.9;0.002;0;0;80730.1;99.271
16:56:05;80728.6;0;0;0.619;80728.8;99.273
16:56:04;80728.5;0.008;0;0;80728.7;98.654
16:56:04;80728.6;0;0;0.122;80728.8;98.662
16:56:04;80728.5;0.001;0;0;80728.7;98.540
16:56:04;80728.6;0;0;0.100;80728.8;98.541
16:56:04;80728.5;0.239;0;0;80728.7;98.441
16:56:03;80728.6;0;0;0.002;80728.8;98.680
16:56:03;80730.6;0.033;0;0;80730.8;98.678
16:56:03;80730.7;0;0;0.001;80730.9;98.711
16:56:03;80732.5;0.076;0;0;80732.7;98.710
16:56:03;80732.6;0;0;0.002;80732.8;98.786
16:56:03;80735.3;2.877;0;0;80735.5;98.784
16:56:03;80735.4;0;0;0.018;80735.6;101.661
16:56:03;80735.3;0.026;0;0;80735.5;101.643
16:56:03;80735.4;0;0;0.182;80735.6;101.669
16:56:02;80735.3;0.005;0;0;80735.5;101.487
16:56:02;80735.4;0;0;0.001;80735.6;101.492
16:56:02;80735.3;0.015;0;0;80735.5;101.491
16:56:02;80735.4;0;0;0.126;80735.6;101.506
16:56:01;80735.3;0.009;0;0;80735.5;101.380
16:56:01;80735.4;0;0;0.005;80735.6;101.389
16:56:01;80735.3;0.013;0;0;80735.5;101.384
16:56:00;80735.4;0;0;0.159;80735.6;101.397
16:56:00;80735.3;0.002;0;0;80735.5;101.238
16:56:00;80735.4;0;0;0.013;80735.6;101.240
16:56:00;80735.3;0.043;0;0;80735.5;101.227
16:56:00;80735.4;0;0;0.034;80735.6;101.270
16:56:00;80735.3;0.142;0;0;80735.5;101.236
16:55:59;80735.4;0;0;0.310;80735.6;101.378
16:55:59;80735.3;0.024;0;0;80735.5;101.068
16:55:59;80735.4;0;0;0.002;80735.6;101.092
16:55:59;80735.3;0.690;0;0;80735.5;101.090
16:55:58;80735.4;0;0;0.406;80735.6;101.780
16:55:58;80735.3;0.011;0;0;80735.5;101.374
16:55:57;80735.4;0;0;0.155;80735.6;101.385
16:55:57;80735.3;0.002;0;0;80735.5;101.230
16:55:57;80735.4;0;0;0.049;80735.6;101.232
16:55:57;80732.5;0.617;0;0;80732.7;101.183
16:55:57;80729.9;0;0;1.768;80730.1;101.800
16:55:57;80729.8;0.031;0;0;80730.0;100.032
16:55:57;80729.9;0;0;0.061;80730.1;100.063
16:55:57;80729.8;0.003;0;0;80730.0;100.002
16:55:56;80729.9;0;0;0.953;80730.1;100.005
16:55:56;80729.8;0.001;0;0;80730.0;99.052
16:55:56;80729.9;0;0;0.086;80730.1;99.053
16:55:56;80729.8;0.156;0;0;80730.0;98.967
16:55:55;80729.9;0;0;0.323;80730.1;99.123
16:55:55;80729.8;3.725;0;0;80730.0;98.800
16:55:55;80725.4;0;0;4.490;80725.6;102.525
16:55:55;80725.2;0.123;0;0;80725.4;98.035
16:55:55;80723.4;0;0;0.697;80723.6;98.158
16:55:55;80723.3;0.014;0;0;80723.5;97.461
16:55:55;80723.4;0;0;0.023;80723.6;97.475
16:55:55;80723.3;0.132;0;0;80723.5;97.452
16:55:55;80723.4;0;0;0.007;80723.6;97.584
16:55:55;80723.3;0.050;0;0;80723.5;97.577
16:55:55;80713.0;0;0;3.622;80713.2;97.627
16:55:55;80712.9;0.001;0;0;80713.1;94.005
16:55:54;80713.0;0;0;0.006;80713.2;94.006
16:55:54;80712.9;0.003;0;0;80713.1;94.000
16:55:53;80709.2;0;0;4.294;80709.4;94.003
16:55:52;80709.1;0.011;0;0;80709.3;89.709
16:55:52;80709.2;0;0;0.074;80709.4;89.720
16:55:52;80709.1;0.003;0;0;80709.3;89.646
16:55:52;80709.2;0;0;0.002;80709.4;89.649
16:55:52;80709.1;0.018;0;0;80709.3;89.647
16:55:52;80709.2;0;0;0.072;80709.4;89.665
16:55:52;80709.1;0.012;0;0;80709.3;89.593
16:55:52;80709.2;0;0;0.054;80709.4;89.605
16:55:51;80709.1;0.007;0;0;80709.3;89.551
16:55:51;80709.2;0;0;0.005;80709.4;89.558
16:55:51;80709.1;0.870;0;0;80709.3;89.553
16:55:51;80709.2;0;0;0.087;80709.4;90.423
16:55:51;80709.1;5.464;0;0;80709.3;90.336
16:55:51;80709.2;0;0;0.040;80709.4;95.800
16:55:51;80709.1;0.001;0;0;80709.3;95.760
16:55:51;80709.2;0;0;0.020;80709.4;95.761
16:55:51;80709.1;0.003;0;0;80709.3;95.741
16:55:51;80707.6;0;0;1.852;80707.8;95.744
16:55:51;80707.2;0.004;0;0;80707.4;93.892
16:55:51;80707.1;0;0;0.597;80707.3;93.896
16:55:51;80704.0;0.002;0;0;80704.2;93.299
16:55:51;80704.8;0;0;2.189;80705.0;93.301
16:55:51;80704.0;0.001;0;0;80704.2;91.112
16:55:51;80704.8;0;0;1.172;80705.0;91.113
16:55:51;80701.8;0.075;0;0;80702.0;89.941
16:55:51;80704.0;0;0;0.038;80704.2;90.016
16:55:51;80701.8;0.017;0;0;80702.0;89.978
16:55:51;80704.0;0;0;0.014;80704.2;89.995
16:55:51;80701.8;0.016;0;0;80702.0;89.981
16:55:51;80703.9;0;0;0.006;80704.1;89.997
16:55:51;80701.8;0.956;0;0;80702.0;89.991
16:55:50;80696.6;0;0;13.436;80696.8;90.947
16:55:50;80696.5;0.300;0;0;80696.7;77.511
16:55:50;80696.6;0;0;0.479;80696.8;77.811
16:55:50;80696.5;0.061;0;0;80696.7;77.332
16:55:47;80696.6;0;0;0.821;80696.8;77.393
16:55:47;80696.5;0.214;0;0;80696.7;76.572
16:55:47;80696.6;0;0;0.015;80696.8;76.786
16:55:46;80696.5;0.001;0;0;80696.7;76.771
16:55:46;80696.6;0;0;0.004;80696.8;76.772
16:55:46;80696.5;0.002;0;0;80696.7;76.768
16:55:46;80696.6;0;0;0.263;80696.8;76.770
16:55:46;80696.5;0.008;0;0;80696.7;76.507
16:55:45;80696.6;0;0;0.025;80696.8;76.515
16:55:45;80696.5;0.013;0;0;80696.7;76.490
16:55:45;80696.6;0;0;0.001;80696.8;76.503
16:55:45;80696.5;0.003;0;0;80696.7;76.502
16:55:45;80692.6;0;0;0.401;80692.8;76.505
16:55:45;80684.9;0;0;5.883;80685.1;76.104
16:55:45;80684.8;0.102;0;0;80685.0;70.221
16:55:44;80684.9;0;0;0.017;80685.1;70.323
16:55:44;80684.8;0.008;0;0;80685.0;70.306
16:55:44;80675.9;0;0;2.928;80676.1;70.314
16:55:44;80675.8;0.002;0;0;80676.0;67.386
16:55:43;80668.9;0;0;3.071;80669.1;67.388
16:55:42;80668.8;0.048;0;0;80669.0;64.317
16:55:42;80668.9;0;0;0.009;80669.1;64.365
16:55:41;80668.8;0.059;0;0;80669.0;64.356
16:55:41;80668.9;0;0;0.002;80669.1;64.415
16:55:40;80668.8;0.018;0;0;80669.0;64.413
16:55:40;80668.9;0;0;0.756;80669.1;64.431
16:55:40;80668.8;0.099;0;0;80669.0;63.675
16:55:39;80668.9;0;0;0.011;80669.1;63.774
16:55:39;80668.8;0.360;0;0;80669.0;63.763
16:55:39;80668.9;0;0;0.198;80669.1;64.123
16:55:39;80668.8;0.001;0;0;80669.0;63.925
16:55:39;80668.9;0;0;0.016;80669.1;63.926
16:55:38;80668.8;0.019;0;0;80669.0;63.910
16:55:36;80668.9;0;0;0.410;80669.1;63.929
16:55:36;80668.8;0.050;0;0;80669.0;63.519
16:55:36;80668.9;0;0;0.024;80669.1;63.569
16:55:35;80668.8;0.012;0;0;80669.0;63.545
16:55:35;80668.9;0;0;0.085;80669.1;63.557
16:55:34;80668.8;0.314;0;0;80669.0;63.472
16:55:34;80668.9;0;0;0.140;80669.1;63.786
16:55:33;80668.8;0.002;0;0;80669.0;63.646
16:55:33;80668.9;0;0;0.025;80669.1;63.648
16:55:32;80668.8;0.282;0;0;80669.0;63.623
16:55:32;80668.9;0;0;0.003;80669.1;63.905
16:55:32;80668.8;0.001;0;0;80669.0;63.902
16:55:32;80668.9;0;0;0.140;80669.1;63.903
16:55:32;80668.8;0.005;0;0;80669.0;63.763
16:55:32;80668.9;0;0;0.001;80669.1;63.768
16:55:30;80668.8;0.051;0;0;80669.0;63.767
16:55:30;80668.9;0;0;0.002;80669.1;63.818
16:55:30;80668.8;0.001;0;0;80669.0;63.816
16:55:29;80668.9;0;0;0.244;80669.1;63.817
16:55:29;80668.8;0.304;0;0;80669.0;63.573
16:55:28;80668.9;0;0;0.013;80669.1;63.877
16:55:28;80668.8;0.001;0;0;80669.0;63.864
16:55:27;80668.9;0;0;0.146;80669.1;63.865
16:55:27;80668.8;0.003;0;0;80669.0;63.719
16:55:27;80668.9;0;0;0.002;80669.1;63.722
16:55:26;80668.8;0.001;0;0;80669.0;63.720
16:55:26;80668.9;0;0;0.001;80669.1;63.721
16:55:26;80668.8;0.001;0;0;80669.0;63.720
16:55:26;80668.9;0;0;0.010;80669.1;63.721
16:55:25;80668.8;0.543;0;0;80669.0;63.711
16:55:23;80668.9;0;0;0.269;80669.1;64.254
16:55:22;80668.8;0.021;0;0;80669.0;63.985
16:55:22;80668.9;0;0;0.020;80669.1;64.006
16:55:21;80668.8;0.010;0;0;80669.0;63.986
16:55:21;80668.9;0;0;0.001;80669.1;63.996
16:55:20;80668.8;0.041;0;0;80669.0;63.995
16:55:19;80666.9;0;0;4.038;80667.1;64.036
16:55:19;80666.8;0.052;0;0;80667.0;59.998
16:55:18;80666.9;0;0;0.269;80667.1;60.050
16:55:17;80666.8;0.030;0;0;80667.0;59.781
16:55:17;80666.9;0;0;0.009;80667.1;59.811
16:55:17;80666.8;0.011;0;0;80667.0;59.802
16:55:16;80666.9;0;0;0.202;80667.1;59.813
16:55:16;80666.8;0.214;0;0;80667.0;59.611
16:55:16;80666.9;0;0;0.140;80667.1;59.825
16:55:16;80666.8;0.123;0;0;80667.0;59.685
16:55:15;80666.9;0;0;0.031;80667.1;59.808
16:55:15;80666.8;0.003;0;0;80667.0;59.777
16:55:15;80663.9;0;0;0.495;80664.1;59.780
16:55:15;80663.8;0.004;0;0;80664.0;59.285
16:55:15;80663.9;0;0;0.019;80664.1;59.289
16:55:15;80663.8;0.014;0;0;80664.0;59.270
16:55:15;80663.1;0;0;0.004;80663.3;59.284
16:55:15;80663.0;0.001;0;0;80663.2;59.280
16:55:15;80662.9;0.002;0;0;80663.1;59.281
16:55:15;80652.5;0;0;2.780;80652.7;59.283
16:55:14;80652.4;0.006;0;0;80652.6;56.503
16:55:14;80652.5;0;0;0.002;80652.7;56.509
16:55:14;80652.4;0.083;0;0;80652.6;56.507
16:55:13;80652.5;0;0;0.143;80652.7;56.590
16:55:11;80652.4;0.600;0;0;80652.6;56.447
16:55:11;80652.5;0;0;0.136;80652.7;57.047
16:55:11;80652.4;0.002;0;0;80652.6;56.911
16:55:11;80652.5;0;0;0.006;80652.7;56.913
16:55:11;80652.4;0.009;0;0;80652.6;56.907
16:55:10;80652.5;0;0;0.050;80652.7;56.916
16:55:09;80652.4;0.084;0;0;80652.6;56.866
16:55:07;80652.5;0;0;1.157;80652.7;56.950
16:55:07;80654.9;0.563;0;0;80655.1;55.793
16:55:07;80655.0;0;0;0.007;80655.2;56.356
16:55:06;80655.9;0.108;0;0;80656.1;56.349
16:55:06;80656.0;0;0;0.222;80656.2;56.457
16:55:06;80659.9;0.089;0;0;80660.1;56.235
16:55:05;80660.0;0;0;0.001;80660.2;56.324
16:55:05;80659.9;0.052;0;0;80660.1;56.323
16:55:04;80660.0;0;0;0.017;80660.2;56.375
16:55:04;80659.9;0.015;0;0;80660.1;56.358
16:55:03;80660.0;0;0;0.383;80660.2;56.373
16:55:03;80659.9;0.004;0;0;80660.1;55.990
16:55:03;80660.0;0;0;0.068;80660.2;55.994
16:55:02;80659.9;0.005;0;0;80660.1;55.926
16:55:02;80660.0;0;0;0.080;80660.2;55.931
16:55:02;80659.9;0.002;0;0;80660.1;55.851
16:55:01;80660.0;0;0;0.137;80660.2;55.853
16:55:01;80659.9;0.001;0;0;80660.1;55.716
16:55:00;80660.0;0;0;0.002;80660.2;55.717
16:55:00;80665.5;0.950;0;0;80665.7;55.715
16:54:59;80665.6;0;0;0.112;80665.8;56.665
16:54:59;80665.5;0.036;0;0;80665.7;56.553
16:54:59;80665.6;0;0;1.150;80665.8;56.589
16:54:57;80665.5;0.009;0;0;80665.7;55.439
16:54:57;80665.6;0;0;0.051;80665.8;55.448
16:54:57;80665.5;0.001;0;0;80665.7;55.397
16:54:56;80665.6;0;0;0.015;80665.8;55.398
16:54:55;80665.5;0.004;0;0;80665.7;55.383
16:54:55;80665.6;0;0;0.690;80665.8;55.387
16:54:55;80665.5;0.001;0;0;80665.7;54.697
16:54:54;80665.6;0;0;0.012;80665.8;54.698
16:54:54;80665.5;0.169;0;0;80665.7;54.686
16:54:54;80665.6;0;0;0.002;80665.8;54.855
16:54:54;80665.5;0.002;0;0;80665.7;54.853
16:54:53;80665.6;0;0;0.140;80665.8;54.855
16:54:53;80665.5;0.002;0;0;80665.7;54.715
16:54:52;80665.6;0;0;0.002;80665.8;54.717
16:54:52;80665.5;0.012;0;0;80665.7;54.715
16:54:52;80665.6;0;0;0.150;80665.8;54.727
16:54:52;80665.5;0.106;0;0;80665.7;54.577
16:54:51;80665.6;0;0;0.140;80665.8;54.683
16:54:49;80665.5;0.060;0;0;80665.7;54.543
16:54:49;80665.6;0;0;0.166;80665.8;54.603
16:54:49;80665.5;0.047;0;0;80665.7;54.437
16:54:47;80665.6;0;0;0.014;80665.8;54.484
16:54:47;80665.5;0.015;0;0;80665.7;54.470
16:54:47;80665.6;0;0;0.030;80665.8;54.485
16:54:47;80665.5;0.047;0;0;80665.7;54.455
16:54:46;80665.6;0;0;0.142;80665.8;54.502
16:54:46;80665.5;0.574;0;0;80665.7;54.360
16:54:46;80665.6;0;0;0.076;80665.8;54.934
16:54:45;80665.5;0.018;0;0;80665.7;54.858
16:54:45;80665.6;0;0;0.142;80665.8;54.876
16:54:45;80665.5;0.012;0;0;80665.7;54.734
16:54:44;80665.6;0;0;0.012;80665.8;54.746
16:54:43;80665.5;0.593;0;0;80665.7;54.734
16:54:42;80665.6;0;0;0.270;80665.8;55.327
16:54:42;80665.5;0.002;0;0;80665.7;55.057
16:54:42;80665.6;0;0;0.010;80665.8;55.059
16:54:42;80665.5;0.001;0;0;80665.7;55.049
16:54:41;80665.6;0;0;0.084;80665.8;55.050
16:54:41;80665.5;0.002;0;0;80665.7;54.966
16:54:40;80665.6;0;0;0.140;80665.8;54.968
16:54:40;80665.5;0.002;0;0;80665.7;54.828
16:54:40;80665.6;0;0;0.001;80665.8;54.830
16:54:39;80665.5;0.013;0;0;80665.7;54.829
16:54:38;80665.6;0;0;0.149;80665.8;54.842
16:54:37;80665.5;0.134;0;0;80665.7;54.693
16:54:34;80665.6;0;0;0.935;80665.8;54.827
16:54:33;80665.5;1.002;0;0;80665.7;53.892
16:54:33;80665.6;0;0;0.077;80665.8;54.894
16:54:33;80665.5;0.001;0;0;80665.7;54.817
16:54:32;80665.6;0;0;0.162;80665.8;54.818
16:54:32;80665.5;0.434;0;0;80665.7;54.656
16:54:32;80665.6;0;0;0.100;80665.8;55.090
16:54:31;80665.5;0.034;0;0;80665.7;54.990
16:54:31;80665.6;0;0;0.166;80665.8;55.024
16:54:30;80665.5;0.458;0;0;80665.7;54.858
16:54:30;80665.6;0;0;0.141;80665.8;55.316
16:54:30;80665.5;0.001;0;0;80665.7;55.175
16:54:29;80665.6;0;0;0.070;80665.8;55.176
16:54:29;80665.5;0.012;0;0;80665.7;55.106
16:54:27;80665.6;0;0;0.312;80665.8;55.118
16:54:26;80665.5;3.225;0;0;80665.7;54.806
16:54:26;80665.6;0;0;2.100;80665.8;58.031
16:54:25;80665.5;0.438;0;0;80665.7;55.931
16:54:25;80665.6;0;0;0.134;80665.8;56.369
16:54:25;80665.5;0.012;0;0;80665.7;56.235
16:54:25;80665.6;0;0;0.142;80665.8;56.247
16:54:25;80665.5;0.001;0;0;80665.7;56.105
16:54:24;80665.6;0;0;0.548;80665.8;56.106
16:54:23;80665.5;0.014;0;0;80665.7;55.558
16:54:23;80665.6;0;0;0.134;80665.8;55.572
16:54:23;80665.5;0.009;0;0;80665.7;55.438
16:54:23;80665.6;0;0;0.006;80665.8;55.447
16:54:23;80665.5;0.045;0;0;80665.7;55.441
16:54:22;80665.6;0;0;1.070;80665.8;55.486
16:54:22;80665.5;0.001;0;0;80665.7;54.416
16:54:22;80665.6;0;0;0.010;80665.8;54.417
16:54:22;80665.5;0.910;0;0;80665.7;54.407
16:54:20;80665.6;0;0;0.250;80665.8;55.317
16:54:20;80665.5;0.015;0;0;80665.7;55.067
16:54:18;80665.6;0;0;0.267;80665.8;55.082
16:54:18;80665.5;0.001;0;0;80665.7;54.815
16:54:18;80665.6;0;0;0.295;80665.8;54.816
16:54:17;80668.9;0.076;0;0;80669.1;54.521
16:54:17;80669.0;0;0;0.006;80669.2;54.597
16:54:16;80668.9;0.192;0;0;80669.1;54.591
16:54:16;80669.0;0;0;0.015;80669.2;54.783
16:54:16;80668.9;0.020;0;0;80669.1;54.768
16:54:16;80669.0;0;0;0.001;80669.2;54.788
16:54:15;80668.9;0.025;0;0;80669.1;54.787
16:54:15;80669.0;0;0;0.021;80669.2;54.812
16:54:15;80668.9;0.023;0;0;80669.1;54.791
16:54:15;80668.0;0;0;0.015;80668.2;54.814
16:54:15;80667.9;0.001;0;0;80668.1;54.799
16:54:14;80659.9;0;0;1.689;80660.1;54.800
16:54:14;80659.8;0.007;0;0.026;80660.0;53.111
16:54:14;80659.7;0.001;0;0;80659.9;53.092
16:54:14;80659.0;0;0;0.001;80659.2;53.093
16:54:14;80658.9;0.002;0;0;80659.1;53.092
16:54:14;80658.4;0.002;0;0;80658.6;53.094
16:54:14;80658.0;0;0;0.031;80658.2;53.096
16:54:14;80657.3;0.002;0;0;80657.5;53.065
16:54:14;80656.0;0;0;10.857;80656.2;53.067
16:54:14;80661.4;0.187;0;0;80661.6;42.210
16:54:14;80661.5;0;0;0.099;80661.7;42.397
16:54:14;80663.9;0.238;0;0;80664.1;42.298
16:54:14;80664.0;0;0;0.013;80664.2;42.536
16:54:13;80664.9;0.364;0;0;80665.1;42.523
16:54:13;80665.0;0;0;0.017;80665.2;42.887
16:54:13;80668.9;7.313;0;0;80669.1;42.870
16:54:13;80669.0;0;0;0.007;80669.2;50.183
16:54:13;80668.9;19.930;0;0;80669.1;50.176
16:54:13;80669.0;0;0;0.002;80669.2;70.106
16:54:13;80668.9;10.946;0;0;80669.1;70.104
16:54:12;80669.0;0;0;0.150;80669.2;81.050
16:54:12;80668.9;0.003;0;0;80669.1;80.900
16:54:11;80669.0;0;0;0.024;80669.2;80.903
16:54:11;80668.9;0.002;0;0;80669.1;80.879
16:54:11;80669.0;0;0;0.139;80669.2;80.881
16:54:11;80668.9;0.918;0;0;80669.1;80.742
16:54:11;80669.0;0;0;0.006;80669.2;81.660
16:54:11;80668.9;0.494;0;0;80669.1;81.654
16:54:11;80669.0;0;0;0.001;80669.2;82.148
16:54:10;80668.9;0.096;0;0;80669.1;82.147
16:54:10;80669.0;0;0;0.002;80669.2;82.243
16:54:09;80668.9;0.027;0;0;80669.1;82.241
16:54:09;80669.0;0;0;0.021;80669.2;82.268
16:54:09;80668.9;0.002;0;0;80669.1;82.247
16:54:09;80669.0;0;0;0.165;80669.2;82.249
16:54:08;80668.9;0.062;0;0;80669.1;82.084
16:54:08;80669.0;0;0;0.018;80669.2;82.146
16:54:07;80668.9;0.981;0;0;80669.1;82.128
16:54:07;80669.0;0;0;0.003;80669.2;83.109
16:54:06;80670.7;0.646;0;0;80670.9;83.106
16:54:06;80670.8;0;0;0.283;80671.0;83.752
16:54:06;80670.7;0.003;0;0;80670.9;83.469
16:54:05;80670.8;0;0;0.022;80671.0;83.472
16:54:05;80670.7;0.012;0;0;80670.9;83.450
16:54:04;80670.8;0;0;0.013;80671.0;83.462
16:54:04;80670.7;0.138;0;0;80670.9;83.449
16:54:04;80670.8;0;0;0.180;80671.0;83.587
16:54:03;80670.7;0.119;0;0;80670.9;83.407
16:54:03;80669.0;0;0;9.722;80669.2;83.526
16:54:03;80670.8;0.375;0;0;80671.0;73.804
16:54:03;80670.9;0;0;0.006;80671.1;74.179
16:54:03;80670.8;0.001;0;0;80671.0;74.173
16:54:03;80670.9;0;0;0.124;80671.1;74.174
16:54:03;80670.8;0.012;0;0;80671.0;74.050
16:54:03;80670.9;0;0;0.020;80671.1;74.062
16:54:02;80670.8;0.030;0;0;80671.0;74.042
16:54:02;80670.9;0;0;0.026;80671.1;74.072
16:54:01;80670.8;0.048;0;0;80671.0;74.046
16:54:01;80670.9;0;0;0.017;80671.1;74.094
16:53:59;80670.8;0.021;0;0;80671.0;74.077
16:53:59;80670.9;0;0;0.018;80671.1;74.098
16:53:59;80670.8;0.008;0;0;80671.0;74.080
16:53:59;80670.9;0;0;0.095;80671.1;74.088
16:53:58;80670.8;0.005;0;0;80671.0;73.993
16:53:58;80670.9;0;0;0.015;80671.1;73.998
16:53:58;80670.8;0.023;0;0;80671.0;73.983
16:53:58;80670.9;0;0;0.055;80671.1;74.006
16:53:58;80670.8;0.242;0;0;80671.0;73.951
16:53:57;80670.9;0;0;0.005;80671.1;74.193
16:53:57;80675.3;5.194;0;0;80675.5;74.188
16:53:57;80675.4;0;0;0.271;80675.6;79.382
16:53:57;80675.3;0.001;0;0;80675.5;79.111
16:53:57;80675.4;0;0;0.259;80675.6;79.112
16:53:56;80675.3;0.304;0;0;80675.5;78.853
16:53:55;80675.4;0;0;0.252;80675.6;79.157
16:53:55;80675.3;0.750;0;0;80675.5;78.905
16:53:55;80675.4;0;0;0.005;80675.6;79.655
16:53:55;80675.3;0.005;0;0;80675.5;79.650
16:53:54;80675.4;0;0;0.029;80675.6;79.655
16:53:54;80675.3;0.145;0;0;80675.5;79.626
16:53:54;80675.4;0;0;0.263;80675.6;79.771
16:53:53;80675.3;0.022;0;0;80675.5;79.508
16:53:53;80675.4;0;0;0.299;80675.6;79.530
16:53:53;80677.4;0.021;0;0;80677.6;79.231
16:53:53;80677.5;0;0;0.002;80677.7;79.252
16:53:53;80679.4;3.055;0;0;80679.6;79.250
16:53:53;80679.5;0;0;0.010;80679.7;82.305
16:53:53;80679.4;0.001;0;0;80679.6;82.295
16:53:52;80679.5;0;0;0.124;80679.7;82.296
16:53:52;80679.4;0.015;0;0;80679.6;82.172
16:53:51;80679.5;0;0;0.268;80679.7;82.187
16:53:50;80679.4;0.001;0;0;80679.6;81.919
16:53:50;80679.5;0;0;0.032;80679.7;81.920
16:53:50;80679.4;0.500;0;0;80679.6;81.888
16:53:50;80679.5;0;0;3.672;80679.7;82.388
16:53:50;80679.4;0.234;0;0;80679.6;78.716
16:53:49;80679.5;0;0;0.166;80679.7;78.950
16:53:49;80679.4;0.010;0;0;80679.6;78.784
16:53:48;80679.5;0;0;0.067;80679.7;78.794
16:53:48;80679.4;0.309;0;0;80679.6;78.727
16:53:47;80679.5;0;0;0.465;80679.7;79.036
16:53:47;80679.4;0.265;0;0;80679.6;78.571
16:53:47;80679.5;0;0;1.239;80679.7;78.836
16:53:47;80679.4;0.003;0;0;80679.6;77.597
16:53:46;80679.5;0;0;0.433;80679.7;77.600
16:53:45;80679.4;0.006;0;0;80679.6;77.167
16:53:45;80675.3;0.012;0;0;80675.5;77.173
16:53:45;80675.4;0;0;5.046;80675.6;77.185
16:53:45;80675.3;0.013;0;0;80675.5;72.139
16:53:44;80675.4;0;0;0.171;80675.6;72.152
16:53:44;80675.3;0.078;0;0;80675.5;71.981
16:53:43;80675.4;0;0;0.067;80675.6;72.059
16:53:43;80675.3;0.004;0;0;80675.5;71.992
16:53:42;80675.4;0;0;0.601;80675.6;71.996
16:53:42;80675.3;0.004;0;0;80675.5;71.395
16:53:42;80671.8;0.004;0;0;80672.0;71.399
16:53:41;80667.5;0;0;2.032;80667.7;71.403
16:53:41;80667.0;0.002;0;0;80667.2;69.371
16:53:40;80663.9;0;0;2.524;80664.1;69.373
16:53:40;80663.8;0.177;0;0;80664.0;66.849
16:53:40;80663.9;0;0;0.031;80664.1;67.026
16:53:40;80663.8;0.010;0;0;80664.0;66.995
16:53:40;80657.3;0;0;3.150;80657.5;67.005
16:53:39;80657.2;0.236;0;0;80657.4;63.855
16:53:39;80657.3;0;0;0.099;80657.5;64.091
16:53:39;80657.2;0.009;0;0;80657.4;63.992
16:53:38;80657.3;0;0;1.713;80657.5;64.001
16:53:38;80657.2;0.001;0;0;80657.4;62.288
16:53:37;80657.3;0;0;0.129;80657.5;62.289
16:53:37;80657.2;0.051;0;0;80657.4;62.160
16:53:37;80657.3;0;0;1.255;80657.5;62.211
16:53:36;80657.2;0.123;0;0;80657.4;60.956
16:53:36;80657.3;4.757;0;0.002;80657.5;61.079
16:53:36;80657.4;0;0;0.218;80657.6;65.834
16:53:36;80657.3;0.005;0;0;80657.5;65.616
16:53:35;80657.4;0;0;0.004;80657.6;65.621
16:53:35;80657.3;0.001;0;0;80657.5;65.617
16:53:35;80657.4;0;0;0.732;80657.6;65.618
16:53:34;80657.3;0.003;0;0;80657.5;64.886
16:53:32;80657.4;0;0;0.821;80657.6;64.889
16:53:32;80658.9;0.009;0;0;80659.1;64.068
16:53:32;80659.0;0;0;0.001;80659.2;64.077
16:53:32;80660.0;3.954;0;0;80660.2;64.076
16:53:32;80660.1;0;0;0.371;80660.3;68.030
16:53:32;80660.0;0.007;0;0;80660.2;67.659
16:53:32;80660.1;0;0;0.016;80660.3;67.666
16:53:31;80660.0;0.055;0;0;80660.2;67.650
16:53:31;80660.1;0;0;0.001;80660.3;67.705
16:53:30;80660.0;0.123;0;0;80660.2;67.704
16:53:30;80660.1;0;0;0.177;80660.3;67.827
16:53:30;80660.0;0.040;0;0;80660.2;67.650
16:53:29;80660.1;0;0;0.471;80660.3;67.690
16:53:29;80660.0;0.041;0;0;80660.2;67.219
16:53:29;80660.1;0;0;0.135;80660.3;67.260
16:53:29;80660.0;0.002;0;0;80660.2;67.125
16:53:28;80660.1;0;0;0.155;80660.3;67.127
16:53:27;80660.0;0.001;0;0;80660.2;66.972
16:53:27;80660.1;0;0;0.023;80660.3;66.973
16:53:27;80660.0;0.003;0;0;80660.2;66.950
16:53:27;80660.1;0;0;0.018;80660.3;66.953
16:53:26;80660.0;0.500;0;0;80660.2;66.935
16:53:26;80660.1;0;0;0.066;80660.3;67.435
16:53:26;80660.0;0.001;0;0;80660.2;67.369
16:53:26;80660.1;0;0;0.067;80660.3;67.370
16:53:25;80660.0;0.032;0;0;80660.2;67.303
16:53:24;80655.0;0;0;6.809;80655.2;67.335
16:53:24;80654.9;0.001;0;0;80655.1;60.526
16:53:23;80655.0;0;0;0.096;80655.2;60.527
16:53:22;80654.9;0.044;0;0;80655.1;60.431
16:53:22;80655.0;0;0;0.220;80655.2;60.475
16:53:22;80654.9;0.315;0;0;80655.1;60.255
16:53:21;80655.0;0;0;0.054;80655.2;60.570
16:53:21;80654.9;0.043;0;0;80655.1;60.516
16:53:20;80655.0;0;0;0.320;80655.2;60.559
16:53:20;80654.9;0.030;0;0;80655.1;60.239
16:53:20;80655.0;0;0;0.053;80655.2;60.269
16:53:20;80654.4;0.014;0;0;80654.6;60.216
16:53:20;80655.0;0;0;0.007;80655.2;60.230
16:53:20;80654.4;0.001;0;0;80654.6;60.223
16:53:20;80654.2;0;0;0.125;80654.4;60.224
16:53:20;80651.9;0.001;0;0;80652.1;60.099
16:53:20;80653.2;0;0;0.712;80653.4;60.100
16:53:20;80651.8;0.012;0;0;80652.0;59.388
16:53:20;80651.9;0;0;0.322;80652.1;59.400
16:53:20;80651.8;0.008;0;0;80652.0;59.078
16:53:20;80650.5;0;0;0.404;80650.7;59.086
16:53:20;80649.7;0;0;13.789;80649.9;58.682
16:53:20;80647.4;0;0;1.236;80647.6;44.893
16:53:20;80646.0;0.001;0;0;80646.2;43.657
16:53:20;80643.2;0;0;3.299;80643.4;43.658
16:53:20;80643.1;0.019;0;0;80643.3;40.359
16:53:20;80641.9;0;0;0.280;80642.1;40.378
16:53:20;80641.8;0.001;0;0;80642.0;40.098
16:53:19;80639.9;0;0;1.399;80640.1;40.099
16:53:19;80639.8;0.004;0;0;80640.0;38.700
16:53:18;80639.9;0;0;0.005;80640.1;38.704
16:53:18;80639.8;0.001;0;0;80640.0;38.699
16:53:18;80639.9;0;0;0.033;80640.1;38.700
16:53:17;80639.8;0.002;0;0;80640.0;38.667
16:53:17;80639.9;0;0;0.242;80640.1;38.669
16:53:16;80639.8;0.005;0;0;80640.0;38.427
16:53:14;80639.9;0;0;0.067;80640.1;38.432
16:53:14;80639.8;0.001;0;0;80640.0;38.365
16:53:14;80639.9;0;0;0.021;80640.1;38.366
16:53:13;80639.8;0.702;0;0;80640.0;38.345
16:53:13;80639.9;0;0;0.075;80640.1;39.047
16:53:13;80639.8;0.100;0;0;80640.0;38.972
16:53:12;80639.9;0;0;0.032;80640.1;39.072
16:53:12;80639.8;0.002;0;0;80640.0;39.040
16:53:12;80639.9;0;0;0.006;80640.1;39.042
16:53:11;80638.7;0;0;0.087;80638.9;39.036
16:53:11;80638.6;0.107;0;0;80638.8;38.949
16:53:11;80635.3;0;0;0.218;80635.5;39.056
16:53:10;80635.2;0.106;0;0;80635.4;38.838
16:53:09;80635.3;0;0;0.005;80635.5;38.944
16:53:08;80635.2;0.024;0;0;80635.4;38.939
16:53:08;80630.7;0;0;1.899;80630.9;38.963
16:53:06;80625.7;0;0;4.380;80625.9;37.064
16:53:06;80625.6;0.055;0;0;80625.8;32.684
16:53:02;80625.7;0.289;0;0.578;80625.9;32.739
16:53:00;80625.8;0;0;0.168;80626.0;32.450
16:53:00;80625.7;0.005;0;0;80625.9;32.282
16:52:59;80625.8;0;0;0.036;80626.0;32.287
16:52:59;80625.7;0.032;0;0;80625.9;32.251
16:52:59;80625.8;0;0;0.004;80626.0;32.283
16:52:59;80625.7;0.001;0;0;80625.9;32.279
16:52:58;80625.8;0;0;0.079;80626.0;32.280
16:52:57;80625.7;0.058;0;0;80625.9;32.201
16:52:54;80625.8;0;0;1.659;80626.0;32.259
16:52:54;80625.7;0.002;0;0;80625.9;30.600
16:52:51;80625.8;0;0;0.231;80626.0;30.602
16:52:51;80625.7;3.001;0;0;80625.9;30.371
16:52:50;80625.8;0;0;0.021;80626.0;33.372
16:52:49;80625.7;0.494;0;0;80625.9;33.351
16:52:49;80625.8;0;0;0.013;80626.0;33.845
16:52:48;80625.7;0.001;0;0;80625.9;33.832
16:52:48;80625.8;0;0;0.004;80626.0;33.833
16:52:47;80625.7;0.032;0;0;80625.9;33.829
16:52:46;80625.8;0;0;0.118;80626.0;33.861
16:52:46;80625.7;0.589;0;0;80625.9;33.743
16:52:46;80622.2;0;0;0.046;80622.4;34.332
16:52:46;80608.5;0;0;1.116;80608.7;34.286
16:52:46;80608.4;0.025;0;0;80608.6;33.170
16:52:46;80603.4;0;0;4.503;80603.6;33.195
16:52:45;80603.3;0.022;0;0;80603.5;28.692
16:52:44;80603.4;0;0;0.211;80603.6;28.714
16:52:44;80603.3;0.308;0;0;80603.5;28.503
16:52:43;80603.4;0;0;0.107;80603.6;28.811
16:52:43;80603.3;0.009;0;0;80603.5;28.704
16:52:42;80603.4;0;0;0.274;80603.6;28.713
16:52:42;80603.3;0.043;0;0;80603.5;28.439
16:52:41;80603.4;0;0;0.025;80603.6;28.482
16:52:41;80603.3;0.093;0;0;80603.5;28.457
16:52:40;80603.4;0;0;0.009;80603.6;28.550
16:52:39;80603.3;0.288;0;0;80603.5;28.541
16:52:38;80603.4;0;0;0.009;80603.6;28.829
16:52:36;80603.3;0.083;0;0;80603.5;28.820
16:52:33;80603.4;0;0;0.013;80603.6;28.903
16:52:32;80603.3;0.003;0;0;80603.5;28.890
16:52:32;80603.4;0;0;0.048;80603.6;28.893
16:52:29;80603.3;0.168;0;0;80603.5;28.845
16:52:29;80603.4;0;0;0.014;80603.6;29.013
16:52:29;80603.3;0.007;0;0;80603.5;28.999
16:52:28;80603.4;0;0;0.004;80603.6;29.006
16:52:28;80603.3;0.020;0;0;80603.5;29.002
16:52:28;80603.4;0;0;0.002;80603.6;29.022
16:52:28;80603.3;1.778;0;0;80603.5;29.020
16:52:28;80603.4;0;0;0.002;80603.6;30.798
16:52:27;80603.3;0.600;0;0;80603.5;30.796
16:52:27;80603.4;0;0;0.006;80603.6;31.396
16:52:27;80603.3;0.011;0;0;80603.5;31.390
16:52:27;80603.4;0;0;0.035;80603.6;31.401
16:52:27;80603.3;1.148;0;0;80603.5;31.366
16:52:26;80603.4;0;0;0.005;80603.6;32.514
16:52:26;80603.3;0.001;0;0;80603.5;32.509
16:52:26;80603.4;0;0;0.005;80603.6;32.510
16:52:25;80603.3;0.450;0;0;80603.5;32.505
16:52:24;80603.4;0;0;0.060;80603.6;32.955
16:52:24;80603.3;0.008;0;0;80603.5;32.895
16:52:23;80603.4;0;0;0.259;80603.6;32.903
16:52:23;80603.3;0.040;0;0;80603.5;32.644
16:52:22;80603.4;0;0;0.112;80603.6;32.684
16:52:22;80603.3;0.645;0;0;80603.5;32.572
16:52:22;80603.4;0;0;0.001;80603.6;33.217
16:52:21;80603.3;0.302;0;0;80603.5;33.216
16:52:21;80603.4;0;0;0.024;80603.6;33.518
16:52:20;80603.3;0.009;0;0;80603.5;33.494
16:52:20;80603.4;0;0;0.002;80603.6;33.503
16:52:19;80607.2;0.163;0;0;80607.4;33.501
16:52:18;80609.9;6.803;0;0;80610.1;33.664
16:52:18;80610.0;0;0;0.021;80610.2;40.467
16:52:17;80609.9;0.005;0;0;80610.1;40.446
16:52:17;80610.0;0;0;0.023;80610.2;40.451
16:52:17;80609.9;0.002;0;0;80610.1;40.428
16:52:17;80610.0;0;0;0.108;80610.2;40.430
16:52:16;80609.9;0.749;0;0;80610.1;40.322
16:52:16;80610.0;0;0;0.035;80610.2;41.071
16:52:16;80609.9;0.060;0;0;80610.1;41.036
16:52:16;80610.0;0;0;0.001;80610.2;41.096
16:52:15;80609.9;0.028;0;0;80610.1;41.095
16:52:15;80610.0;0;0;0.006;80610.2;41.123
16:52:14;80609.9;0.090;0;0;80610.1;41.117
16:52:14;80610.0;0;0;0.001;80610.2;41.207
16:52:14;80609.9;0.059;0;0;80610.1;41.206
16:52:11;80610.0;0;0;0.502;80610.2;41.265
16:52:11;80609.9;0.055;0;0;80610.1;40.763
16:52:11;80610.0;0;0;0.002;80610.2;40.818
16:52:10;80609.9;0.001;0;0;80610.1;40.816
16:52:09;80612.4;0.092;0;0;80612.6;40.817
16:52:07;80612.5;0;0;0.001;80612.7;40.909
16:52:06;80612.4;0.003;0;0;80612.6;40.908
16:52:06;80612.5;0;0;0.434;80612.7;40.911
16:52:04;80610.0;0;0;0.669;80610.2;40.477
16:52:02;80609.9;0.075;0;0;80610.1;39.808
16:52:01;80610.0;0;0;0.106;80610.2;39.883
16:52:01;80609.9;0.021;0;0;80610.1;39.777
16:52:01;80610.0;0;0;0.015;80610.2;39.798
16:52:00;80612.5;1.051;0;0;80612.7;39.783
16:51:59;80612.6;0;0;0.052;80612.8;40.834
16:51:59;80612.5;0.047;0;0;80612.7;40.782
16:51:58;80612.6;0;0;0.008;80612.8;40.829
16:51:56;80612.5;1.156;0;0;80612.7;40.821
16:51:55;80612.6;0;0;0.204;80612.8;41.977
16:51:55;80612.5;0.104;0;0;80612.7;41.773
16:51:54;80612.6;0;0;0.702;80612.8;41.877
16:51:54;80612.5;0.001;0;0;80612.7;41.175
16:51:54;80612.6;0;0;0.001;80612.8;41.176
16:51:54;80612.5;0.002;0;0;80612.7;41.175
16:51:53;80612.6;0;0;0.049;80612.8;41.177
16:51:53;80615.9;0.050;0;0;80616.1;41.128
16:51:53;80616.0;0;0;0.002;80616.2;41.178
16:51:52;80626.9;1.398;0;0;80627.1;41.176
16:51:52;80627.0;0.241;0;0.001;80627.2;42.574
16:51:52;80627.1;0;0;0.002;80627.3;42.814
16:51:51;80627.0;0.001;0;0;80627.2;42.812
16:51:51;80627.1;0;0;0.002;80627.3;42.813
16:51:51;80627.0;0.012;0;0;80627.2;42.811
16:51:48;80627.1;0;0;0.674;80627.3;42.823
16:51:48;80627.0;0.003;0;0;80627.2;42.149
16:51:48;80627.1;0;0;0.013;80627.3;42.152
16:51:47;80627.0;0.060;0;0;80627.2;42.139
16:51:46;80624.4;0;0;3.092;80624.6;42.199
16:51:46;80624.3;0.001;0;0;80624.5;39.107
16:51:46;80624.4;0;0;0.103;80624.6;39.108
16:51:46;80624.3;0.100;0;0;80624.5;39.005
16:51:43;80624.4;0;0;0.023;80624.6;39.105
16:51:43;80624.3;0.492;0;0;80624.5;39.082
16:51:43;80624.4;0;0;0.013;80624.6;39.574
16:51:43;80624.3;0.001;0;0;80624.5;39.561
16:51:42;80624.4;0;0;0.224;80624.6;39.562
16:51:41;80624.3;0.831;0;0;80624.5;39.338
16:51:39;80624.4;0;0;0.646;80624.6;40.169
16:51:39;80624.3;0.002;0;0;80624.5;39.523
16:51:39;80624.4;0;0;0.001;80624.6;39.525
16:51:38;80624.3;0.005;0;0;80624.5;39.524
16:51:36;80624.4;0;0;0.102;80624.6;39.529
16:51:35;80624.3;0.040;0;0;80624.5;39.427
16:51:35;80624.4;0;0;0.011;80624.6;39.467
16:51:35;80624.3;0.499;0;0;80624.5;39.456
16:51:35;80624.4;0;0;0.007;80624.6;39.955
16:51:34;80624.3;0.370;0;0;80624.5;39.948
16:51:33;80624.4;0;0;0.001;80624.6;40.318
16:51:33;80624.3;0.205;0;0;80624.5;40.317
16:51:32;80624.4;0;0;0.647;80624.6;40.522
16:51:32;80624.3;0.010;0;0;80624.5;39.875
16:51:30;80624.4;0;0;0.299;80624.6;39.885
16:51:29;80624.3;0.006;0;0;80624.5;39.586
16:51:29;80624.4;0;0;0.026;80624.6;39.592
16:51:29;80624.3;0.002;0;0;80624.5;39.566
16:51:27;80624.4;0;0;0.565;80624.6;39.568
16:51:25;80624.3;0.005;0;0;80624.5;39.003
16:51:23;80624.4;0;0;0.027;80624.6;39.008
16:51:22;80624.3;0.012;0;0;80624.5;38.981
16:51:21;80624.4;0;0;0.040;80624.6;38.993
16:51:21;80624.3;0.062;0;0;80624.5;38.953
16:51:21;80624.4;0;0;0.001;80624.6;39.015
16:51:20;80624.3;0.008;0;0;80624.5;39.014
16:51:19;80624.4;0;0;0.019;80624.6;39.022
16:51:19;80624.3;0.001;0;0;80624.5;39.003
16:51:17;80624.4;0;0;0.003;80624.6;39.004
16:51:17;80624.3;0.001;0;0;80624.5;39.001
16:51:16;80624.4;0;0;0.155;80624.6;39.002
16:51:15;80624.3;2.000;0;0;80624.5;38.847
16:51:14;80624.4;0;0;0.087;80624.6;40.847
16:51:14;80624.3;0.001;0;0;80624.5;40.760
16:51:11;80624.4;0;0;5.033;80624.6;40.761
16:51:10;80624.3;0.528;0;0;80624.5;35.728
16:51:08;80624.4;0;0;0.591;80624.6;36.256
16:51:07;80624.3;0.042;0;0;80624.5;35.665
16:51:07;80624.4;0;0;0.001;80624.6;35.707
16:51:07;80627.8;0.094;0;0;80628.0;35.706
16:51:07;80627.9;0;0;2.505;80628.1;35.800
16:51:06;80627.8;0.003;0;0;80628.0;33.295
16:51:06;80627.9;0.491;0;0.003;80628.1;33.298
16:51:06;80628.0;0;0;0.019;80628.2;33.786
16:51:05;80627.9;0.001;0;0;80628.1;33.767
16:51:04;80628.0;0;0;0.014;80628.2;33.768
16:51:04;80627.9;0.004;0;0;80628.1;33.754
16:51:04;80619.9;0;0;5.000;80620.1;33.758
16:51:03;80619.8;0.001;0;0;80620.0;28.758
16:51:01;80619.9;0;0;0.002;80620.1;28.759
16:51:01;80619.8;0.028;0;0;80620.0;28.757
16:51:01;80619.9;0;0;0.602;80620.1;28.785
16:50:59;80619.8;0.891;0;0;80620.0;28.183
16:50:59;80619.9;0;0;0.161;80620.1;29.074
16:50:57;80619.8;0.002;0;0;80620.0;28.913
16:50:57;80619.9;0;0;0.006;80620.1;28.915
16:50:57;80619.8;0.088;0;0;80620.0;28.909
16:50:51;80619.9;0;0;0.410;80620.1;28.997
16:50:50;80619.8;0.039;0;0;80620.0;28.587
16:50:48;80619.9;0;0;0.018;80620.1;28.626
16:50:48;80619.8;0.001;0;0;80620.0;28.608
16:50:46;80619.9;0;0;0.111;80620.1;28.609
16:50:46;80619.8;0.027;0;0;80620.0;28.498
16:50:45;80619.9;0;0;0.002;80620.1;28.525
16:50:45;80619.8;0.030;0;0;80620.0;28.523
16:50:45;80612.6;0;0;4.257;80612.8;28.553
16:50:45;80612.5;0.002;0;0;80612.7;24.296
16:50:45;80612.6;0;0;0.001;80612.8;24.298
16:50:44;80612.5;0.050;0;0;80612.7;24.297
16:50:44;80612.6;0;0;0.001;80612.8;24.347
16:50:43;80612.5;0.001;0;0;80612.7;24.346
16:50:42;80612.6;0;0;0.001;80612.8;24.347
16:50:42;80612.5;0.195;0;0;80612.7;24.346
16:50:41;80612.6;0;0;0.672;80612.8;24.541
16:50:40;80612.5;0.024;0;0;80612.7;23.869
16:50:38;80612.6;0;0;0.006;80612.8;23.893
16:50:37;80612.5;0.037;0;0;80612.7;23.887
16:50:37;80612.6;0;0;0.004;80612.8;23.924
16:50:34;80612.5;0.779;0;0;80612.7;23.920
16:50:31;80612.6;0;0;0.146;80612.8;24.699
16:50:23;80612.5;0.745;0;0;80612.7;24.553
16:50:23;80612.6;0;0;0.008;80612.8;25.298
16:50:23;80612.5;0.001;0;0;80612.7;25.290
16:50:22;80612.6;0;0;0.003;80612.8;25.291
16:50:18;80612.5;0.043;0;0;80612.7;25.288
16:50:17;80612.6;0;0;1.221;80612.8;25.331
16:50:17;80612.5;0.069;0;0;80612.7;24.110
16:50:16;80612.6;0;0;0.092;80612.8;24.179
16:50:16;80612.5;0.127;0;0;80612.7;24.087
16:50:10;80612.6;0;0;0.225;80612.8;24.214
16:50:08;80612.5;0.111;0;0;80612.7;23.989
16:50:08;80612.6;0;0;0.006;80612.8;24.100
16:50:08;80612.5;0.002;0;0;80612.7;24.094
16:50:06;80612.6;0;0;0.015;80612.8;24.096
16:50:06;80612.5;0.007;0;0;80612.7;24.081
16:50:05;80612.6;0;0;0.001;80612.8;24.088
16:50:05;80612.5;0.058;0;0;80612.7;24.087
16:50:05;80612.6;0;0;0.195;80612.8;24.145
16:50:05;80612.5;0.002;0;0;80612.7;23.950
16:50:04;80612.6;0;0;0.002;80612.8;23.952
16:50:03;80612.5;0.015;0;0;80612.7;23.950
16:50:02;80612.6;0;0;0.449;80612.8;23.965
16:50:01;80612.5;0.003;0;0;80612.7;23.516
16:50:00;80614.9;0.359;0;0;80615.1;23.519
16:50:00;80615.0;0;0;0.002;80615.2;23.878
16:49:58;80614.9;0.001;0;0;80615.1;23.876
16:49:57;80615.0;0;0;0.140;80615.2;23.877
16:49:56;80614.9;0.002;0;0;80615.1;23.737
16:49:56;80615.0;0;0;0.008;80615.2;23.739
16:49:55;80614.9;0.023;0;0;80615.1;23.731
16:49:55;80615.0;0;0;0.142;80615.2;23.754
16:49:55;80620.3;0.612;0;0;80620.5;23.612
16:49:52;80620.4;0;0;0.094;80620.6;24.224
16:49:52;80620.3;0.072;0;0;80620.5;24.130
16:49:52;80620.4;0;0;0.324;80620.6;24.202
16:49:51;80620.3;0.500;0;0;80620.5;23.878
16:49:48;80620.4;0;0;0.170;80620.6;24.378
16:49:46;80620.3;0.011;0;0;80620.5;24.208
16:49:46;80620.4;0;0;0.013;80620.6;24.219
16:49:46;80620.3;2.083;0;0;80620.5;24.206
16:49:45;80620.4;0;0;0.037;80620.6;26.289
16:49:45;80620.3;0.048;0;0;80620.5;26.252
16:49:45;80618.3;0;0;0.074;80618.5;26.300
16:49:45;80618.2;0.012;0;0;80618.4;26.226
16:49:43;80612.6;0;0;1.689;80612.8;26.238
16:49:43;80612.5;0.001;0;0;80612.7;24.549
16:49:42;80612.6;0;0;0.024;80612.8;24.550
16:49:42;80612.5;0.002;0;0;80612.7;24.526
16:49:40;80612.6;0;0;0.105;80612.8;24.528
16:49:38;80612.5;0.097;0;0;80612.7;24.423
16:49:37;80612.6;0;0;0.016;80612.8;24.520
16:49:35;80612.5;0.525;0;0;80612.7;24.504
16:49:34;80612.6;0;0;0.071;80612.8;25.029
16:49:34;80612.5;0.002;0;0;80612.7;24.958
16:49:34;80612.6;0;0;0.037;80612.8;24.960
16:49:32;80612.5;0.101;0;0;80612.7;24.923
16:49:32;80612.6;0;0;0.006;80612.8;25.024
16:49:31;80612.5;0.066;0;0;80612.7;25.018
16:49:31;80612.6;0;0;0.003;80612.8;25.084
16:49:29;80612.5;0.157;0;0;80612.7;25.081
16:49:29;80612.6;0;0;1.007;80612.8;25.238
16:49:29;80616.3;0.532;0;0;80616.5;24.231
16:49:28;80616.4;0;0;0.003;80616.6;24.763
16:49:28;80618.5;3.757;0;0;80618.7;24.760
16:49:28;80618.6;0;0;0.015;80618.8;28.517
16:49:28;80622.3;0.047;0;0;80622.5;28.502
16:49:28;80622.4;0;0;0.001;80622.6;28.549
16:49:28;80622.3;0.020;0;0;80622.5;28.548
16:49:28;80622.4;0;0;0.001;80622.6;28.568
16:49:28;80628.9;3.134;0;0;80629.1;28.567
16:49:25;80629.0;1.247;0;0.098;80629.2;31.701
16:49:25;80629.1;0;0;0.001;80629.3;32.850
16:49:25;80629.0;0.002;0;0;80629.2;32.849
16:49:24;80629.1;0;0;0.186;80629.3;32.851
16:49:24;80629.0;0.107;0;0;80629.2;32.665
16:49:24;80629.1;0;0;0.001;80629.3;32.772
16:49:24;80629.0;0.050;0;0;80629.2;32.771
16:49:22;80629.1;0;0;0.025;80629.3;32.821
16:49:22;80629.0;0.008;0;0;80629.2;32.796
16:49:22;80629.1;0;0;0.025;80629.3;32.804
16:49:22;80629.9;2.441;0;0;80630.1;32.779
16:49:20;80630.0;0;0;0.102;80630.2;35.220
16:49:20;80636.0;0.453;0;0;80636.2;35.118
16:49:20;80636.1;0;0;0.016;80636.3;35.571
16:49:20;80636.0;0.001;0;0;80636.2;35.555
16:49:20;80636.1;0;0;0.001;80636.3;35.556
16:49:20;80636.4;0.045;0;0;80636.6;35.555
16:49:20;80636.5;2.789;0;0.001;80636.7;35.600
16:49:19;80636.6;0;0;0.012;80636.8;38.388
16:49:19;80636.5;0.002;0;0;80636.7;38.376
16:49:19;80636.6;0;0;0.015;80636.8;38.378
16:49:19;80636.5;0.056;0;0;80636.7;38.363
16:49:18;80636.6;0;0;0.494;80636.8;38.419
16:49:18;80636.5;0.050;0;0;80636.7;37.925
16:49:18;80636.6;0;0;0.186;80636.8;37.975
16:49:18;80636.5;0.001;0;0;80636.7;37.789
16:49:16;80636.6;0;0;0.018;80636.8;37.790
16:49:16;80636.5;0.324;0;0;80636.7;37.772
16:49:13;80636.1;0;0;1.157;80636.3;38.096
16:49:13;80636.0;0.001;0;0;80636.2;36.939
16:49:11;80636.1;0;0;0.041;80636.3;36.940
16:49:11;80636.0;0.002;0;0;80636.2;36.899
16:49:10;80636.1;0;0;0.006;80636.3;36.901
16:49:10;80636.0;0.004;0;0;80636.2;36.895
16:49:10;80636.1;0;0;0.007;80636.3;36.899
16:49:08;80636.0;0;0;0.156;80636.2;36.892
16:49:08;80635.9;0.002;0;0;80636.1;36.736
16:49:06;80636.0;0;0;0.385;80636.2;36.738
16:49:05;80635.9;0.001;0;0;80636.1;36.353
16:49:05;80636.0;0;0;0.002;80636.2;36.354
16:49:05;80635.9;0.004;0;0;80636.1;36.352
16:49:05;80636.0;0;0;0.007;80636.2;36.356
16:49:05;80635.9;0.006;0;0;80636.1;36.349
16:49:04;80636.0;0;0;0.031;80636.2;36.355
16:49:04;80635.9;0.003;0;0;80636.1;36.324
16:49:04;80636.0;0;0;0.001;80636.2;36.327
16:49:04;80635.9;0.037;0;0;80636.1;36.326
16:49:04;80636.0;0;0;0.015;80636.2;36.363
16:49:03;80635.9;0.004;0;0;80636.1;36.348
16:49:02;80636.0;0;0;0.124;80636.2;36.352
16:49:02;80635.9;0.007;0;0;80636.1;36.228
16:49:02;80636.0;0;0;0.007;80636.2;36.235
16:49:01;80635.9;0.056;0;0;80636.1;36.228
16:48:59;80636.0;0;0;0.109;80636.2;36.284
16:48:59;80635.9;0.001;0;0;80636.1;36.175
16:48:59;80636.0;0;0;0.007;80636.2;36.176
16:48:59;80635.9;0.001;0;0;80636.1;36.169
16:48:58;80636.0;0;0;0.618;80636.2;36.170
16:48:57;80635.9;0.001;0;0;80636.1;35.552
16:48:57;80636.0;0;0;0.009;80636.2;35.553
16:48:57;80635.9;0.002;0;0;80636.1;35.544
16:48:56;80636.0;0;0;0.781;80636.2;35.546
16:48:55;80635.9;0.636;0;0;80636.1;34.765
16:48:54;80636.0;0;0;0.070;80636.2;35.401
16:48:54;80635.9;0.002;0;0;80636.1;35.331
16:48:53;80636.0;0;0;2.275;80636.2;35.333
16:48:52;80635.9;0.005;0;0;80636.1;33.058
16:48:51;80636.0;0;0;0.103;80636.2;33.063
16:48:50;80635.9;0.006;0;0;80636.1;32.960
16:48:50;80636.0;0;0;0.209;80636.2;32.966
16:48:50;80635.9;0.005;0;0;80636.1;32.757
16:48:48;80636.0;0;0;1.761;80636.2;32.762
16:48:48;80635.9;0.500;0;0;80636.1;31.001
16:48:46;80636.0;0;0;0.018;80636.2;31.501
16:48:46;80635.9;0.002;0;0;80636.1;31.483
16:48:46;80634.4;0;0;0.782;80634.6;31.485
16:48:46;80634.3;0.034;0;0;80634.5;30.703
16:48:46;80631.2;0.001;0;0;80631.4;30.737
16:48:44;80629.9;0;0;2.543;80630.1;30.738
16:48:44;80629.8;0.010;0;0;80630.0;28.195
16:48:43;80629.9;0;0;0.004;80630.1;28.205
16:48:43;80629.8;0.001;0;0;80630.0;28.201
16:48:43;80629.9;0;0;0.008;80630.1;28.202
16:48:43;80629.8;0.021;0;0;80630.0;28.194
16:48:42;80629.9;0;0;0.041;80630.1;28.215
16:48:42;80629.8;0.062;0;0;80630.0;28.174
16:48:42;80629.9;0;0;0.099;80630.1;28.236
16:48:41;80629.8;0.125;0;0.176;80630.0;28.137
16:48:40;80629.7;0.034;0;0;80629.9;28.086
16:48:40;80629.8;0;0;0.008;80630.0;28.120
16:48:40;80629.7;0.002;0;0;80629.9;28.112
16:48:40;80629.8;0;0;0.004;80630.0;28.114
16:48:40;80629.7;0.119;0;0;80629.9;28.110
16:48:39;80629.8;0;0;0.033;80630.0;28.229
16:48:39;80629.7;0.001;0;0;80629.9;28.196
16:48:39;80629.8;0;0;0.320;80630.0;28.197
16:48:38;80629.7;0.033;0;0;80629.9;27.877
16:48:38;80629.8;0;0;0.008;80630.0;27.910
16:48:38;80629.7;0.001;0;0;80629.9;27.902
16:48:36;80629.8;0;0;0.217;80630.0;27.903
16:48:36;80629.7;0.054;0;0;80629.9;27.686
16:48:36;80629.8;0;0;0.011;80630.0;27.740
16:48:35;80629.0;0;0;0.344;80629.2;27.729
16:48:34;80628.9;0.003;0;0;80629.1;27.385
16:48:34;80629.0;0;0;1.012;80629.2;27.388
16:48:33;80628.9;0.016;0;0;80629.1;26.376
16:48:33;80629.0;0;0;0.022;80629.2;26.392
16:48:32;80628.9;0.007;0;0;80629.1;26.370
16:48:32;80629.0;0;0;0.021;80629.2;26.377
16:48:32;80628.9;0.037;0;0;80629.1;26.356
16:48:31;80629.0;0;0;0.013;80629.2;26.393
16:48:31;80628.9;0.011;0;0;80629.1;26.380
16:48:30;80629.0;0;0;0.049;80629.2;26.391
16:48:30;80628.9;0.587;0;0;80629.1;26.342
16:48:29;80629.0;0;0;0.027;80629.2;26.929
16:48:29;80628.9;0.007;0;0;80629.1;26.902
16:48:29;80629.0;0;0;0.023;80629.2;26.909
16:48:28;80628.9;0.044;0;0;80629.1;26.886
16:48:26;80629.0;0;0;0.244;80629.2;26.930
16:48:26;80628.9;0.016;0;0;80629.1;26.686
16:48:24;80629.0;0;0;0.191;80629.2;26.702
16:48:23;80628.9;0.010;0;0;80629.1;26.511
16:48:23;80629.0;0;0;0.062;80629.2;26.521
16:48:23;80628.9;0.003;0;0;80629.1;26.459
16:48:23;80629.0;0;0;0.010;80629.2;26.462
16:48:23;80628.9;0.001;0;0;80629.1;26.452
16:48:22;80629.0;0;0;0.186;80629.2;26.453
16:48:22;80628.9;0.013;0;0;80629.1;26.267
16:48:22;80629.0;0;0;0.073;80629.2;26.280
16:48:21;80628.9;0.019;0;0;80629.1;26.207
16:48:21;80629.0;0;0;0.061;80629.2;26.226
16:48:20;80628.9;0.006;0;0;80629.1;26.165
16:48:20;80629.0;0;0;0.021;80629.2;26.171
16:48:20;80628.9;0.606;0;0;80629.1;26.150
16:48:19;80629.0;0;0;0.001;80629.2;26.756
16:48:19;80628.9;0.001;0;0;80629.1;26.755
16:48:19;80629.0;0;0;0.010;80629.2;26.756
16:48:19;80628.9;0.004;0;0;80629.1;26.746
16:48:18;80629.0;0;0;0.036;80629.2;26.750
16:48:17;80628.9;0.650;0;0;80629.1;26.714
16:48:17;80629.0;0;0;0.010;80629.2;27.364
16:48:17;80628.9;0.024;0;0;80629.1;27.354
16:48:17;80629.0;0;0;0.035;80629.2;27.378
16:48:16;80628.9;0.009;0;0;80629.1;27.343
16:48:16;80629.0;0;0;0.099;80629.2;27.352
16:48:16;80628.9;0.697;0;0;80629.1;27.253
16:48:15;80629.0;0;0;0.010;80629.2;27.950
16:48:15;80628.9;0.006;0;0;80629.1;27.940
16:48:14;80615.8;0;0;4.139;80616.0;27.946
16:48:14;80615.7;0.010;0;0;80615.9;23.807
16:48:14;80615.8;0;0;0.010;80616.0;23.817
16:48:14;80615.7;0.001;0;0;80615.9;23.807
16:48:14;80615.8;0;0;0.009;80616.0;23.808
16:48:13;80615.7;0.001;0;0;80615.9;23.799
16:48:13;80615.8;0;0;0.010;80616.0;23.800
16:48:12;80615.7;0;0;0.162;80615.9;23.790
16:48:12;80615.6;0.003;0;0;80615.8;23.628
16:48:10;80615.7;0;0;0.232;80615.9;23.631
16:48:10;80615.6;0.611;0;0;80615.8;23.399
16:48:08;80615.7;0;0;0.067;80615.9;24.010
16:48:08;80615.6;0.001;0;0;80615.8;23.943
16:48:08;80615.7;0;0;0.012;80615.9;23.944
16:48:08;80615.6;0.098;0;0;80615.8;23.932
16:48:06;80615.7;0;0;0.077;80615.9;24.030
16:48:06;80615.6;0.002;0;0;80615.8;23.953
16:48:05;80615.7;0;0;0.309;80615.9;23.955
16:48:05;80615.6;0.013;0;0;80615.8;23.646
16:48:04;80615.7;0;0;0.033;80615.9;23.659
16:48:04;80615.6;0.101;0;0;80615.8;23.626
16:48:04;80615.7;0;0;0.008;80615.9;23.727
16:48:04;80615.6;0.001;0;0;80615.8;23.719
16:48:03;80615.7;0;0;0.011;80615.9;23.720
16:48:03;80615.6;0.100;0;0;80615.8;23.709
16:48:02;80615.7;0;0;0.049;80615.9;23.809
16:48:01;80612.5;0;0;1.321;80612.7;23.760
16:48:01;80612.4;0.001;0;0;80612.6;22.439
16:48:01;80612.5;0;0;0.011;80612.7;22.440
16:48:00;80612.4;0.003;0;0;80612.6;22.429
16:48:00;80612.5;0;0;0.008;80612.7;22.432
16:48:00;80612.4;0.004;0;0;80612.6;22.424
16:47:58;80612.5;0;0;0.092;80612.7;22.428
16:47:58;80612.4;0.004;0;0;80612.6;22.336
16:47:56;80612.5;0;0;3.759;80612.7;22.340
16:47:56;80612.4;0.999;0;0;80612.6;18.581
16:47:56;80612.5;0;0;0.012;80612.7;19.580
16:47:55;80612.4;0.064;0;0;80612.6;19.568
16:47:53;80612.5;0;0;0.060;80612.7;19.632
16:47:52;80612.4;0.005;0;0;80612.6;19.572
16:47:52;80612.5;0;0;0.130;80612.7;19.577
16:47:52;80612.4;0.007;0;0;80612.6;19.447
16:47:50;80612.5;0;0;0.024;80612.7;19.454
16:47:50;80612.4;0.001;0;0;80612.6;19.430
16:47:50;80612.5;0;0;0.015;80612.7;19.431
16:47:49;80612.4;0.101;0;0;80612.6;19.416
16:47:49;80612.5;0;0;0.248;80612.7;19.517
16:47:49;80612.4;0.041;0;0;80612.6;19.269
16:47:49;80612.5;0;0;0.001;80612.7;19.310
16:47:49;80612.4;0.026;0;0;80612.6;19.309
16:47:48;80612.5;0;0;0.090;80612.7;19.335
16:47:48;80612.4;0.001;0;0;80612.6;19.245
16:47:48;80612.5;0;0;0.012;80612.7;19.246
16:47:47;80612.4;0.201;0;0;80612.6;19.234
16:47:45;80612.5;0;0;0.265;80612.7;19.435
16:47:44;80612.4;0.001;0;0;80612.6;19.170
16:47:43;80612.5;0;0;0.046;80612.7;19.171
16:47:43;80612.4;0.001;0;0;80612.6;19.125
16:47:43;80612.5;0;0;0.017;80612.7;19.126
16:47:42;80612.4;0.001;0;0;80612.6;19.109
16:47:41;80612.5;0;0;0.030;80612.7;19.110
16:47:40;80612.4;0.296;0;0;80612.6;19.080
16:47:39;80612.5;0;0;0.070;80612.7;19.376
16:47:39;80612.4;0.002;0;0;80612.6;19.306
16:47:38;80612.5;0.017;0;0.014;80612.7;19.308
16:47:38;80612.6;0;0;0.002;80612.8;19.311
16:47:38;80615.7;0.098;0;0;80615.9;19.309
16:47:37;80615.8;0;0;0.062;80616.0;19.407
16:47:36;80615.7;0.041;0;0;80615.9;19.345
16:47:35;80615.8;0;0;0.022;80616.0;19.386
16:47:35;80615.7;0.009;0;0;80615.9;19.364
16:47:33;80615.8;0;0;0.371;80616.0;19.373
16:47:33;80615.7;0.126;0;0;80615.9;19.002
16:47:33;80615.8;0;0;0.002;80616.0;19.128
16:47:32;80615.7;0.063;0;0;80615.9;19.126
16:47:31;80615.8;0;0;0.316;80616.0;19.189
16:47:30;80616.5;0.953;0;0;80616.7;18.873
16:47:29;80616.6;0;0;0.426;80616.8;19.826
16:47:28;80621.4;1.448;0;0;80621.6;19.400
16:47:27;80618.6;0;0;0.121;80618.8;20.848
16:47:27;80618.5;0.001;0;0;80618.7;20.727
16:47:27;80618.6;0;0;0.040;80618.8;20.728
16:47:27;80618.5;0.006;0;0;80618.7;20.688
16:47:27;80618.6;0;0;5.019;80618.8;20.694
16:47:27;80618.5;0.004;0;0;80618.7;15.675
16:47:26;80618.6;0;0;0.001;80618.8;15.679
16:47:26;80618.5;0.001;0;0;80618.7;15.678
16:47:26;80618.6;0;0;0.023;80618.8;15.679
16:47:26;80618.5;0.620;0;0;80618.7;15.656
16:47:26;80618.6;0;0;0.014;80618.8;16.276
16:47:26;80618.5;0.055;0;0;80618.7;16.262
16:47:24;80618.6;0;0;0.055;80618.8;16.317
16:47:24;80624.4;0.054;0;0;80624.6;16.262
16:47:24;80616.6;0;0;6.602;80616.8;16.316
16:47:24;80616.5;0.620;0;0;80616.7;9.714
16:47:24;80616.6;0;0;0.015;80616.8;10.334
16:47:23;80616.5;0.002;0;0;80616.7;10.319
16:47:22;80612.4;0;0;0.308;80612.6;10.321
16:47:21;80608.4;0;0;6.293;80608.6;10.013
16:47:21;80612.3;0.466;0;0;80612.5;3.720
16:47:21;80612.4;0;0;0.015;80612.6;4.186
16:47:20;80612.3;0.123;0;0;80612.5;4.171
16:47:19;80612.4;0;0;0.074;80612.6;4.294
16:47:19;80612.3;0.002;0;0;80612.5;4.220
16:47:18;80612.4;0;0;0.387;80612.6;4.222
16:47:17;80612.3;1.207;0;0;80612.5;3.835
16:47:15;80612.4;0;0;5.048;80612.6;5.042
16:47:14;80612.3;0.020;0;0;80612.5;-0.006
16:47:14;80604.9;0;0;5.018;80605.1;0.014
16:47:13;80604.8;0.003;0;0;80605.0;-5.004
16:47:12;80604.9;0;0;0.462;80605.1;-5.001
16:47:11;80604.8;0.013;0;0;80605.0;-5.463
16:47:03;80604.9;0;0;4.318;80605.1;-5.450
16:47:03;80604.8;0.006;0;0;80605.0;-9.768
16:47:02;80604.9;0;0;0.043;80605.1;-9.762
16:47:02;80604.8;0.001;0;0;80605.0;-9.805
16:47:00;80604.9;0;0;0.037;80605.1;-9.804
16:47:00;80604.8;0.060;0;0;80605.0;-9.841
16:46:58;80604.9;0;0;0.284;80605.1;-9.781
16:46:58;80604.8;0.001;0;0;80605.0;-10.065
16:46:58;80604.9;0;0;0.018;80605.1;-10.064
16:46:57;80604.8;0.007;0;0;80605.0;-10.082
16:46:56;80604.9;0;0;0.064;80605.1;-10.075
16:46:56;80604.8;0.001;0;0;80605.0;-10.139
16:46:54;80589.9;0;0;3.508;80590.1;-10.138
16:46:54;80589.8;0.002;0;0;80590.0;-13.646
16:46:54;80589.9;0;0;0.019;80590.1;-13.644
16:46:53;80589.8;0.036;0;0;80590.0;-13.663
16:46:49;80589.9;0;0;0.193;80590.1;-13.627
16:46:48;80589.8;0.012;0;0;80590.0;-13.820
16:46:48;80589.9;0;0;0.020;80590.1;-13.808
16:46:47;80589.8;0.001;0;0;80590.0;-13.828
16:46:46;80589.9;0;0;0.284;80590.1;-13.827
16:46:45;80589.8;0.005;0;0;80590.0;-14.111
16:46:45;80589.9;0;0;0.021;80590.1;-14.106
16:46:45;80589.8;0.011;0;0;80590.0;-14.127
16:46:42;80589.9;0;0;0.251;80590.1;-14.116
16:46:42;80589.8;0.011;0;0;80590.0;-14.367
16:46:41;80589.9;0;0;0.050;80590.1;-14.356
16:46:40;80589.8;0.010;0;0;80590.0;-14.406
16:46:38;80589.9;0;0;0.742;80590.1;-14.396
16:46:37;80589.8;0.024;0;0;80590.0;-15.138
16:46:35;80589.9;0;0;1.480;80590.1;-15.114
16:46:35;80589.8;0.001;0;0;80590.0;-16.594
16:46:34;80589.9;0;0;0.040;80590.1;-16.593
16:46:34;80589.8;0.019;0;0;80590.0;-16.633
16:46:32;80589.9;0;0;0.280;80590.1;-16.614
16:46:31;80589.8;0.126;0;0;80590.0;-16.894
16:46:30;80589.9;0;0;0.050;80590.1;-16.768
16:46:29;80589.8;0.030;0;0;80590.0;-16.818
16:46:29;80589.9;0;0;0.024;80590.1;-16.788
16:46:25;80586.6;0;0;0.485;80586.8;-16.812
16:46:25;80586.5;0.026;0;0;80586.7;-17.297
16:46:23;80585.0;0;0;0.141;80585.2;-17.271
16:46:23;80584.9;0.002;0;0;80585.1;-17.412
16:46:23;80580.6;0;0;0.606;80580.8;-17.410
16:46:22;80580.5;0.027;0;0;80580.7;-18.016
16:46:22;80580.6;0;0;0.026;80580.8;-17.989
16:46:21;80580.5;0.014;0;0;80580.7;-18.015
16:46:21;80580.6;0;0;0.026;80580.8;-18.001
16:46:20;80580.5;0.012;0;0;80580.7;-18.027
16:46:20;80576.3;0;0;0.286;80576.5;-18.015
16:46:20;80571.9;0;0;2.915;80572.1;-18.301
16:46:20;80571.8;0.002;0;0;80572.0;-21.216
16:46:19;80571.9;0;0;0.026;80572.1;-21.214
16:46:19;80571.8;0.094;0;0;80572.0;-21.240
16:46:17;80571.9;0;0;0.054;80572.1;-21.146
16:46:17;80571.8;0.007;0;0;80572.0;-21.200
16:46:16;80571.9;0;0;0.027;80572.1;-21.193
16:46:16;80571.8;1.798;0;0;80572.0;-21.220
16:46:15;80571.9;0;0;0.027;80572.1;-19.422
16:46:14;80571.8;0.050;0;0;80572.0;-19.449
16:46:14;80571.9;0;0;0.034;80572.1;-19.399
16:46:13;80571.8;0.017;0;0;80572.0;-19.433
16:46:13;80571.9;0;0;0.028;80572.1;-19.416
16:46:13;80571.8;0.261;0;0;80572.0;-19.444
16:46:12;80571.9;0;0;0.028;80572.1;-19.183
16:46:11;80571.8;0.047;0;0;80572.0;-19.211
16:46:11;80571.9;0;0;0.029;80572.1;-19.164
16:46:10;80571.8;0.175;0;0;80572.0;-19.193
16:46:10;80571.9;0;0;0.035;80572.1;-19.018
16:46:10;80571.8;0.875;0;0;80572.0;-19.053
16:46:09;80571.9;0;0;0.031;80572.1;-18.178
16:46:09;80571.8;0.001;0;0;80572.0;-18.209
16:46:08;80571.9;0;0;0.030;80572.1;-18.208
16:46:07;80575.8;0.432;0;0;80576.0;-18.238
16:46:07;80575.9;0;0;0.042;80576.1;-17.806
16:46:06;80575.8;0.329;0;0;80576.0;-17.848
16:46:06;80575.9;0;0;0.030;80576.1;-17.519
16:46:05;80575.8;0.022;0;0;80576.0;-17.549
16:46:05;80575.9;0;0;0.031;80576.1;-17.527
16:46:05;80575.8;0.001;0;0;80576.0;-17.558
16:46:04;80575.9;0;0;0.051;80576.1;-17.557
16:46:04;80575.8;0.002;0;0;80576.0;-17.608
16:46:03;80575.9;0;0;0.068;80576.1;-17.606
16:46:03;80575.8;0.356;0;0;80576.0;-17.674
16:46:03;80575.9;0;0;0.003;80576.1;-17.318
16:46:02;80575.8;0.002;0;0;80576.0;-17.321
16:46:02;80575.9;0;0;0.031;80576.1;-17.319
16:46:02;80575.8;0.042;0;0;80576.0;-17.350
16:46:02;80575.9;0;0;0.191;80576.1;-17.308
16:46:02;80575.8;0.018;0;0;80576.0;-17.499
16:46:01;80575.9;0;0;0.032;80576.1;-17.481
16:46:01;80575.8;0.001;0;0;80576.0;-17.513
16:46:00;80575.9;0;0;0.032;80576.1;-17.512
16:46:00;80575.8;0.006;0;0;80576.0;-17.544
16:45:59;80575.9;0.055;0;0.016;80576.1;-17.538
16:45:59;80576.0;0;0;0.032;80576.2;-17.499
16:45:59;80575.9;0.002;0;0;80576.1;-17.531
16:45:59;80576.0;0;0;0.003;80576.2;-17.529
16:45:58;80575.9;0.036;0;0;80576.1;-17.532
16:45:58;80576.0;0;0;0.043;80576.2;-17.496
16:45:58;80575.9;0.067;0;0;80576.1;-17.539
16:45:58;80576.0;0;0;0.100;80576.2;-17.472
16:45:57;80578.1;0.083;0;0;80578.3;-17.572
16:45:57;80578.2;0;0;0.033;80578.4;-17.489
16:45:57;80582.5;0.119;0;0;80582.7;-17.522
16:45:57;80582.6;0;0;0.003;80582.8;-17.403
16:45:56;80589.9;3.679;0;0;80590.1;-17.406
16:45:56;80590.0;0;0;0.033;80590.2;-13.727
16:45:56;80589.9;0.020;0;0;80590.1;-13.760
16:45:55;80590.0;0;0;0.066;80590.2;-13.740
16:45:55;80589.9;0.072;0;0;80590.1;-13.806
16:45:52;80590.0;0;0;0.096;80590.2;-13.734
16:45:52;80589.9;0.001;0;0;80590.1;-13.830
16:45:52;80590.0;0;0;0.035;80590.2;-13.829
16:45:52;80589.9;0.003;0;0;80590.1;-13.864
16:45:51;80590.0;0;0;0.027;80590.2;-13.861
16:45:51;80589.9;0.014;0;0;80590.1;-13.888
16:45:51;80590.0;0;0;0.158;80590.2;-13.874
16:45:51;80589.9;0.001;0;0;80590.1;-14.032
16:45:50;80590.0;0;0;0.035;80590.2;-14.031
16:45:50;80596.9;12.135;0;0;80597.1;-14.066
16:45:49;80597.0;0;0;0.072;80597.2;-1.931
16:45:49;80596.9;0.109;0;0;80597.1;-2.003
16:45:48;80597.0;0;0;0.036;80597.2;-1.894
16:45:48;80596.9;0.003;0;0;80597.1;-1.930
16:45:47;80597.0;0;0;0.052;80597.2;-1.927
16:45:47;80596.9;0.049;0;0;80597.1;-1.979
16:45:45;80597.0;0;0;0.184;80597.2;-1.930
16:45:45;80596.9;0.010;0;0;80597.1;-2.114
16:45:43;80597.0;0;0;0.101;80597.2;-2.104
16:45:43;80600.9;0.192;0;0;80601.1;-2.205
16:45:43;80601.0;0;0;0.002;80601.2;-2.013
16:45:42;80600.9;0.224;0;0;80601.1;-2.015
16:45:41;80601.0;0;0;0.229;80601.2;-1.791
16:45:41;80600.9;0.001;0;0;80601.1;-2.020
16:45:39;80597.0;0;0;1.124;80597.2;-2.019
16:45:39;80596.9;0.003;0;0;80597.1;-3.143
16:45:39;80595.0;0;0;1.682;80595.2;-3.140
16:45:39;80594.9;0.003;0;0;80595.1;-4.822
16:45:38;80595.0;0;0;0.041;80595.2;-4.819
16:45:38;80594.9;0.003;0;0;80595.1;-4.860
16:45:37;80595.0;0;0;0.042;80595.2;-4.857
16:45:37;80594.9;0.006;0;0;80595.1;-4.899
16:45:36;80595.0;0;0;0.042;80595.2;-4.893
16:45:36;80594.9;0.001;0;0;80595.1;-4.935
16:45:35;80595.0;0;0;0.085;80595.2;-4.934
16:45:34;80596.4;0.309;0;0;80596.6;-5.019
16:45:33;80596.5;0;0;0.786;80596.7;-4.710
16:45:33;80596.4;0.002;0;0;80596.6;-5.496
16:45:32;80596.5;0;0;0.150;80596.7;-5.494
16:45:32;80596.4;0.001;0;0;80596.6;-5.644
16:45:30;80596.5;0;0;0.090;80596.7;-5.643
16:45:30;80596.4;0.003;0;0;80596.6;-5.733
16:45:30;80596.5;0;0;0.045;80596.7;-5.730
16:45:29;80596.4;0.004;0;0;80596.6;-5.775
16:45:28;80596.5;0;0;0.062;80596.7;-5.771
16:45:28;80596.4;0.464;0;0;80596.6;-5.833
16:45:28;80596.5;0;0;0.066;80596.7;-5.369
16:45:27;80596.4;0.002;0;0;80596.6;-5.435
16:45:27;80596.5;0;0;0.054;80596.7;-5.433
16:45:26;80596.4;0.011;0;0;80596.6;-5.487
16:45:26;80596.5;0;0;0.047;80596.7;-5.476
16:45:25;80596.4;0.004;0;0;80596.6;-5.523
16:45:25;80596.5;0;0;0.065;80596.7;-5.519
16:45:24;80596.4;0.005;0;0;80596.6;-5.584
16:45:24;80596.5;0;0;0.048;80596.7;-5.579
16:45:23;80596.4;0.033;0;0;80596.6;-5.627
16:45:21;80596.5;0;0;0.158;80596.7;-5.594
16:45:21;80596.4;0.058;0;0;80596.6;-5.752
16:45:20;80596.5;0;0;0.001;80596.7;-5.694
16:45:20;80596.4;0.002;0;0;80596.6;-5.695
16:45:19;80596.5;0;0;0.522;80596.7;-5.693
16:45:18;80596.4;0.004;0;0;80596.6;-6.215
16:45:18;80596.5;0;0;0.052;80596.7;-6.211
16:45:17;80596.4;0.038;0;0;80596.6;-6.263
16:45:17;80596.5;0;0;0.113;80596.7;-6.225
16:45:17;80596.4;0.001;0;0;80596.6;-6.338
16:45:15;80596.5;0;0;0.201;80596.7;-6.337
16:45:15;80596.4;0.005;0;0;80596.6;-6.538
16:45:13;80596.5;0;0;1.057;80596.7;-6.533
16:45:12;80596.4;0.203;0;0;80596.6;-7.590
16:45:11;80596.5;0;0;0.081;80596.7;-7.387
16:45:11;80596.4;0.002;0;0;80596.6;-7.468
16:45:11;80596.5;0;0;0.057;80596.7;-7.466
16:45:11;80596.4;0.006;0;0;80596.6;-7.523
16:45:10;80596.5;0;0;0.038;80596.7;-7.517
16:45:10;80596.4;0.028;0;0;80596.6;-7.555
16:45:09;80596.5;0;0;0.115;80596.7;-7.527
16:45:08;80596.4;0.002;0;0;80596.6;-7.642
16:45:08;80596.5;0;0;0.018;80596.7;-7.640
16:45:08;80596.4;0.015;0;0;80596.6;-7.658
16:45:08;80596.5;0;0;0.059;80596.7;-7.643
16:45:08;80596.4;0.026;0;0;80596.6;-7.702
16:45:07;80596.5;0;0;0.072;80596.7;-7.676
16:45:06;80596.4;0.001;0;0;80596.6;-7.748
16:45:06;80596.5;0;0;0.060;80596.7;-7.747
16:45:06;80596.4;0.001;0;0;80596.6;-7.807
16:45:04;80593.2;0;0;1.979;80593.4;-7.806
16:45:04;80600.9;1.671;0;0;80601.1;-9.785
16:45:03;80601.0;0;0;0.064;80601.2;-8.114
16:45:03;80600.9;0.005;0;0;80601.1;-8.178
16:45:03;80601.0;0;0;0.027;80601.2;-8.173
16:45:02;80600.9;0.001;0;0;80601.1;-8.200
16:45:02;80601.0;0;0;0.001;80601.2;-8.199
16:45:02;80600.9;0.032;0;0;80601.1;-8.200
16:45:02;80601.0;0;0;0.061;80601.2;-8.168
16:45:02;80600.9;0.300;0;0;80601.1;-8.229
16:45:02;80601.0;0;0;0.004;80601.2;-7.929
16:45:02;80600.9;0.014;0;0;80601.1;-7.933
16:45:01;80601.0;0;0;0.075;80601.2;-7.919
16:45:01;80600.9;0.001;0;0;80601.1;-7.994
16:45:01;80601.0;0;0;0.083;80601.2;-7.993
16:45:00;80600.9;0.375;0;0;80601.1;-8.076
16:44:59;80601.0;0;0;0.128;80601.2;-7.701
16:44:59;80600.9;0.002;0;0;80601.1;-7.829
16:44:59;80601.0;0;0;0.062;80601.2;-7.827
16:44:59;80600.9;0.021;0;0;80601.1;-7.889
16:44:58;80601.0;0;0;0.068;80601.2;-7.868
16:44:58;80600.9;0.023;0;0;80601.1;-7.936
16:44:58;80601.0;0;0;0.040;80601.2;-7.913
16:44:57;80600.9;0.005;0;0;80601.1;-7.953
16:44:57;80601.0;0;0;0.063;80601.2;-7.948
16:44:56;80600.9;0.015;0;0;80601.1;-8.011
16:44:56;80601.0;0;0;0.089;80601.2;-7.996
16:44:56;80600.9;0.003;0;0;80601.1;-8.085
16:44:56;80601.0;0;0;0.001;80601.2;-8.082
16:44:55;80600.9;0.008;0;0;80601.1;-8.083
16:44:55;80601.0;0;0;0.062;80601.2;-8.075
16:44:54;80600.9;0.105;0;0;80601.1;-8.137
16:44:54;80601.0;0;0;0.198;80601.2;-8.032
16:44:53;80600.9;0.007;0;0;80601.1;-8.230
16:44:53;80601.0;0;0;0.093;80601.2;-8.223
16:44:52;80600.9;1.555;0;0;80601.1;-8.316
16:44:52;80601.0;0;0;0.071;80601.2;-6.761
16:44:52;80600.9;0.044;0;0;80601.1;-6.832
16:44:51;80601.0;0;0;0.061;80601.2;-6.788
16:44:51;80600.9;0.001;0;0;80601.1;-6.849
16:44:50;80601.0;0;0;0.066;80601.2;-6.848
16:44:50;80600.9;0.016;0;0;80601.1;-6.914
16:44:49;80601.0;0;0;0.061;80601.2;-6.898
16:44:48;80600.9;0.083;0;0;80601.1;-6.959
16:44:48;80601.0;0;0;0.060;80601.2;-6.876
16:44:47;80600.9;0.001;0;0;80601.1;-6.936
16:44:47;80601.0;0;0;0.060;80601.2;-6.935
16:44:47;80600.9;0.012;0;0;80601.1;-6.995
16:44:47;80601.0;0;0;0.500;80601.2;-6.983
16:44:46;80600.9;0.095;0;0;80601.1;-7.483
16:44:46;80601.0;0;0;0.177;80601.2;-7.388
16:44:46;80600.9;0.001;0;0;80601.1;-7.565
16:44:45;80601.0;0;0;0.059;80601.2;-7.564
16:44:44;80600.9;0.202;0;0;80601.1;-7.623
16:44:44;80601.0;0;0;0.058;80601.2;-7.421
16:44:44;80600.9;0.010;0;0.026;80601.1;-7.479
16:44:44;80600.8;0.008;0;0;80601.0;-7.495
16:44:44;80599.3;0;0;0.129;80599.5;-7.487
16:44:44;80599.2;0.001;0;0;80599.4;-7.616
16:44:44;80590.0;0;0;5.030;80590.2;-7.615
16:44:43;80589.9;0.001;0;0;80590.1;-12.645
16:44:43;80590.0;0;0;0.072;80590.2;-12.644
16:44:42;80589.9;0.059;0;0;80590.1;-12.716
16:44:41;80590.0;0;0;0.240;80590.2;-12.657
16:44:40;80589.9;0.004;0;0;80590.1;-12.897
16:44:40;80590.0;0;0;0.057;80590.2;-12.893
16:44:39;80589.9;0.012;0;0;80590.1;-12.950
16:44:39;80590.0;0;0;0.056;80590.2;-12.938
16:44:39;80589.9;0.015;0;0;80590.1;-12.994
16:44:38;80590.0;0;0;0.065;80590.2;-12.979
16:44:37;80589.9;0.070;0;0;80590.1;-13.044
16:44:37;80590.0;0;0;0.055;80590.2;-12.974
16:44:36;80589.9;0.007;0;0;80590.1;-13.029
16:44:36;80590.0;0;0;0.002;80590.2;-13.022
16:44:36;80599.2;0.934;0;0;80599.4;-13.024
16:44:35;80599.3;0;0;0.125;80599.5;-12.090
16:44:34;80599.2;0.013;0;0;80599.4;-12.215
16:44:34;80599.3;0;0;0.054;80599.5;-12.202
16:44:34;80599.2;0.051;0;0;80599.4;-12.256
16:44:31;80599.3;0;0;0.966;80599.5;-12.205
16:44:31;80604.8;0.528;0;0;80605.0;-13.171
16:44:31;80604.9;0;0;0.001;80605.1;-12.643
16:44:31;80605.8;1.302;0;0;80606.0;-12.644
16:44:30;80605.9;0;0;0.092;80606.1;-11.342
16:44:30;80605.8;0.035;0;0;80606.0;-11.434
16:44:29;80605.9;0;0;0.051;80606.1;-11.399
16:44:29;80608.4;0.279;0;0;80608.6;-11.450
16:44:27;80608.5;0;0;0.101;80608.7;-11.171
16:44:27;80608.4;0.029;0;0;80608.6;-11.272
16:44:26;80605.8;0;0;1.627;80606.0;-11.243
16:44:26;80605.7;0.013;0;0;80605.9;-12.870
16:44:25;80605.8;0;0;0.049;80606.0;-12.857
16:44:25;80605.7;0.001;0;0;80605.9;-12.906
16:44:21;80605.8;0;0;0.260;80606.0;-12.905
16:44:21;80605.7;0.007;0;0;80605.9;-13.165
16:44:20;80605.8;0;0;0.046;80606.0;-13.158
16:44:20;80605.7;0.119;0;0;80605.9;-13.204
16:44:19;80605.8;0;0;0.046;80606.0;-13.085
16:44:19;80605.7;0.003;0;0;80605.9;-13.131
16:44:18;80605.8;0;0;0.163;80606.0;-13.128
16:44:18;80605.7;0.052;0;0;80605.9;-13.291
16:44:17;80605.8;0;0;0.117;80606.0;-13.239
16:44:16;80605.7;0.001;0;0;80605.9;-13.356
16:44:15;80599.8;0;0;0.479;80600.0;-13.355
16:44:15;80610.9;4.149;0;0;80611.1;-13.834
16:44:15;80611.0;0;0;0.041;80611.2;-9.685
16:44:15;80610.9;0.508;0;0;80611.1;-9.726
16:44:15;80611.0;0;0;0.020;80611.2;-9.218
16:44:14;80610.9;0.001;0;0;80611.1;-9.238
16:44:14;80611.0;0;0;0.041;80611.2;-9.237
16:44:14;80610.9;0.101;0;0;80611.1;-9.278
16:44:13;80611.0;0;0;0.064;80611.2;-9.177
16:44:13;80615.2;0.093;0;0;80615.4;-9.241
16:44:13;80615.3;0;0;0.001;80615.5;-9.148
16:44:13;80616.7;0.141;0;0;80616.9;-9.149
16:44:13;80616.8;0;0;0.001;80617.0;-9.008
16:44:13;80618.9;0.016;0;0;80619.1;-9.009
16:44:13;80619.0;0;0;0.001;80619.2;-8.993
16:44:13;80619.1;0.407;0;0;80619.3;-8.994
16:44:13;80619.2;0.478;0;0.001;80619.4;-8.587
16:44:12;80619.3;0;0;1.253;80619.5;-8.110
16:44:11;80619.2;0.018;0;0;80619.4;-9.363
16:44:11;80619.3;0;0;0.227;80619.5;-9.345
16:44:11;80619.2;0.004;0;0;80619.4;-9.572
16:44:11;80619.3;0;0;0.061;80619.5;-9.568
16:44:10;80619.2;0.022;0;0;80619.4;-9.629
16:44:10;80619.3;0;0;0.088;80619.5;-9.607
16:44:10;80619.5;0.045;0;0;80619.7;-9.695
16:44:10;80619.6;0;0;0.023;80619.8;-9.650
16:44:09;80619.5;0.024;0;0;80619.7;-9.673
16:44:09;80619.6;0;0;0.002;80619.8;-9.649
16:44:09;80619.5;0.016;0;0;80619.7;-9.651
16:44:09;80619.6;0;0;0.002;80619.8;-9.635
16:44:09;80619.9;0.010;0;0;80620.1;-9.637
16:44:09;80620.0;0;0;0.001;80620.2;-9.627
16:44:09;80622.1;0.053;0;0;80622.3;-9.628
16:44:09;80622.2;0;0;0.274;80622.4;-9.575
16:44:09;80622.1;0.007;0;0;80622.3;-9.849
16:44:09;80622.2;0;0;0.001;80622.4;-9.842
16:44:09;80622.6;0.031;0;0;80622.8;-9.843
16:44:09;80622.7;0;0;0.002;80622.9;-9.812
16:44:09;80623.2;0.008;0;0;80623.4;-9.814
16:44:09;80623.7;0;0;0.001;80623.9;-9.806
16:44:09;80625.5;0.284;0;0;80625.7;-9.807
16:44:09;80625.6;0;0;0.058;80625.8;-9.523
16:44:08;80625.5;0.507;0;0;80625.7;-9.581
16:44:08;80625.6;0;0;0.038;80625.8;-9.074
16:44:08;80625.5;0.002;0;0;80625.7;-9.112
16:44:08;80625.6;0;0;0.028;80625.8;-9.110
16:44:07;80625.5;0.001;0;0;80625.7;-9.138
16:44:07;80625.6;0;0;0.034;80625.8;-9.137
16:44:07;80625.5;0.062;0;0;80625.7;-9.171
16:44:07;80625.6;0;0;0.021;80625.8;-9.109
16:44:07;80625.5;0.001;0;0;80625.7;-9.130
16:44:06;80625.6;0;0;0.057;80625.8;-9.129
16:44:06;80625.5;0.146;0;0;80625.7;-9.186
16:44:05;80625.6;0;0;0.087;80625.8;-9.040
16:44:05;80625.5;0.024;0;0;80625.7;-9.127
16:44:04;80625.6;0;0;0.002;80625.8;-9.103
16:44:04;80628.4;1.089;0;0;80628.6;-9.105
16:44:04;80628.5;1.763;0;0.001;80628.7;-8.016
16:44:04;80628.6;0;0;0.064;80628.8;-6.254
16:44:04;80628.5;0.002;0;0;80628.7;-6.318
16:44:04;80628.6;0;0;0.215;80628.8;-6.316
16:44:04;80628.5;0.013;0;0;80628.7;-6.531
16:44:04;80628.6;0;0;0.062;80628.8;-6.518
16:44:04;80628.1;0.008;0;0;80628.3;-6.580
16:44:04;80628.6;0;0;0.001;80628.8;-6.572
16:44:04;80629.5;0;0;0.660;80629.7;-6.573
16:44:04;80628.1;0.006;0;0;80628.3;-7.233
16:44:04;80629.3;0;0;0.403;80629.5;-7.227
16:44:04;80628.1;0.007;0;0;80628.3;-7.630
16:44:04;80628.0;0.003;0;0;80628.2;-7.623
16:44:04;80629.3;0;0;0.089;80629.5;-7.620
16:44:04;80628.0;0.005;0;0;80628.2;-7.709
16:44:04;80629.4;0;0;1.162;80629.6;-7.704
16:44:04;80628.0;0.003;0;0;80628.2;-8.866
16:44:04;80629.0;0;0;0.074;80629.2;-8.863
16:44:04;80628.0;0.101;0;0;80628.2;-8.937
16:44:04;80627.8;0;0;0.701;80628.0;-8.836
16:44:04;80627.2;12.104;0;0;80627.4;-9.537
16:44:04;80623.1;0;0;0.825;80623.3;2.567
16:44:04;80625.4;0;0;0.001;80625.6;1.742
16:44:04;80622.1;0.001;0;0;80622.3;1.741
16:44:04;80624.6;0;0;0.071;80624.8;1.742
16:44:04;80622.1;0.002;0;0;80622.3;1.671
16:44:04;80622.3;0;0;1.200;80622.5;1.673
16:44:04;80622.1;0.001;0;0;80622.3;0.473
16:44:04;80622.4;0;0;0.702;80622.6;0.474
16:44:04;80622.1;0.001;0;0;80622.3;-0.228
16:44:04;80619.2;0;0;2.412;80619.4;-0.227
16:44:04;80619.1;1.000;0;0;80619.3;-2.639
16:44:04;80618.2;0;0;0.156;80618.4;-1.639
16:44:04;80615.0;0.099;0;0;80615.2;-1.795
16:44:04;80590.0;0;0;59.515;80590.2;-1.696
16:44:01;80589.9;16.992;0;0;80590.1;-61.211
16:44:01;80590.0;0;0;0.004;80590.2;-44.219
16:44:01;80589.9;49.107;0;0;80590.1;-44.223
16:44:00;80590.0;0;0;0.010;80590.2;4.884
16:44:00;80589.9;0.020;0;0;80590.1;4.874
16:43:59;80590.0;0;0;0.005;80590.2;4.894
16:43:58;80589.9;0.011;0;0;80590.1;4.889
16:43:58;80590.0;0;0;0.011;80590.2;4.900
16:43:58;80589.9;0.062;0;0;80590.1;4.889
16:43:57;80590.0;0;0;0.095;80590.2;4.951
16:43:55;80589.9;0.007;0;0;80590.1;4.856
16:43:55;80590.0;0;0;0.026;80590.2;4.863
16:43:54;80589.9;0.037;0;0;80590.1;4.837
16:43:54;80590.0;0;0;0.001;80590.2;4.874
16:43:53;80589.9;0.001;0;0;80590.1;4.873
16:43:53;80590.0;0;0;0.289;80590.2;4.874
16:43:52;80589.9;0.058;0;0;80590.1;4.585
16:43:51;80590.0;0;0;0.034;80590.2;4.643
16:43:50;80589.9;0.011;0;0;80590.1;4.609
16:43:48;80599.2;1.532;0;0;80599.4;4.620
16:43:47;80599.3;0;0;0.087;80599.5;6.152
16:43:46;80599.2;0.024;0;0;80599.4;6.065
16:43:44;80599.3;0;0;0.207;80599.5;6.089
16:43:44;80599.2;0.373;0;0;80599.4;5.882
16:43:43;80599.3;0;0;0.126;80599.5;6.255
16:43:40;80599.2;0.031;0;0;80599.4;6.129
16:43:38;80599.3;0;0;0.404;80599.5;6.160
16:43:37;80599.2;0.016;0;0;80599.4;5.756
16:43:35;80599.8;0.552;0;0;80600.0;5.772
16:43:34;80599.9;0;0;0.072;80600.1;6.324
16:43:34;80599.8;0.025;0;0;80600.0;6.252
16:43:34;80599.9;0;0;0.015;80600.1;6.277
16:43:34;80599.8;0.007;0;0;80600.0;6.262
16:43:34;80599.9;0;0;0.665;80600.1;6.269
16:43:33;80599.8;0.016;0;0;80600.0;5.604
16:43:33;80599.9;0;0;0.007;80600.1;5.620
16:43:32;80599.8;0.100;0;0;80600.0;5.613
16:43:31;80599.9;0;0;0.186;80600.1;5.713
16:43:31;80599.8;0.001;0;0;80600.0;5.527
16:43:31;80599.9;0;0;0.065;80600.1;5.528
16:43:30;80599.8;0.013;0;0;80600.0;5.463
16:43:29;80599.9;0;0;0.034;80600.1;5.476
16:43:29;80599.8;0.001;0;0;80600.0;5.442
16:43:27;80599.9;0;0;0.486;80600.1;5.443
16:43:27;80599.8;0.424;0;0;80600.0;4.957
16:43:26;80599.9;0;0;0.049;80600.1;5.381
16:43:26;80599.8;0.261;0;0;80600.0;5.332
16:43:25;80599.9;0;0;0.019;80600.1;5.593
16:43:24;80599.8;0.006;0;0;80600.0;5.574
16:43:24;80599.9;0;0;0.001;80600.1;5.580
16:43:24;80599.8;0.001;0;0;80600.0;5.579
16:43:21;80599.9;0;0;0.922;80600.1;5.580
16:43:20;80599.8;0.050;0;0;80600.0;4.658
16:43:20;80599.9;0;0;0.009;80600.1;4.708
16:43:19;80599.8;0.005;0;0;80600.0;4.699
16:43:18;80599.9;0;0;0.028;80600.1;4.704
16:43:18;80599.8;0.500;0;0;80600.0;4.676
16:43:17;80602.9;0.038;0;0;80603.1;5.176
16:43:17;80603.0;0;0;0.001;80603.2;5.214
16:43:17;80603.2;0.347;0;0;80603.4;5.213
16:43:16;80603.3;0;0;0.103;80603.5;5.560
16:43:14;80603.2;0.006;0;0;80603.4;5.457
16:43:13;80603.3;0;0;0.916;80603.5;5.463
16:43:12;80603.2;0.078;0;0;80603.4;4.547
16:43:12;80603.3;0;0;0.033;80603.5;4.625
16:43:11;80603.2;0.527;0;0;80603.4;4.592
16:43:11;80603.3;0;0;0.126;80603.5;5.119
16:43:10;80600.5;0;0;0.387;80600.7;4.993
16:43:09;80599.9;0;0;0.369;80600.1;4.606
16:43:08;80599.8;0.012;0;0;80600.0;4.237
16:43:08;80599.9;0;0;2.002;80600.1;4.249
16:43:07;80599.8;0.001;0;0;80600.0;2.247
16:43:07;80599.9;0;0;0.061;80600.1;2.248
16:43:06;80599.8;0.375;0;0;80600.0;2.187
16:43:06;80599.9;0;0;0.039;80600.1;2.562
16:43:05;80599.8;0.003;0;0;80600.0;2.523
16:43:05;80599.9;0;0;0.020;80600.1;2.526
16:43:05;80599.8;0.001;0;0;80600.0;2.506
16:43:05;80593.9;0;0;0.762;80594.1;2.507
16:43:05;80593.8;0.010;0;0;80594.0;1.745
16:43:02;80593.9;0;0;0.037;80594.1;1.755
16:43:01;80593.8;0.006;0;0;80594.0;1.718
16:43:01;80582.6;0;0;4.845;80582.8;1.724
16:43:00;80582.5;0.011;0;0;80582.7;-3.121
16:43:00;80582.6;0;0;0.059;80582.8;-3.110
16:42:59;80582.5;0.006;0;0;80582.7;-3.169
16:42:59;80576.7;0;0;0.530;80576.9;-3.163
16:42:59;80576.6;0.248;0;0;80576.8;-3.693
16:42:58;80576.7;0;0;0.082;80576.9;-3.445
16:42:57;80576.6;0.025;0;0;80576.8;-3.527
16:42:56;80582.5;3.652;0;0;80582.7;-3.502
16:42:56;80582.6;0;0;0.094;80582.8;0.150
16:42:54;80582.5;0.008;0;0;80582.7;0.056
16:42:53;80582.6;0;0;0.003;80582.8;0.064
16:42:52;80582.5;0.073;0;0;80582.7;0.061
16:42:51;80582.6;0;0;0.002;80582.8;0.134
16:42:51;80582.5;0.001;0;0;80582.7;0.132
16:42:50;80582.6;0;0;0.003;80582.8;0.133
16:42:49;80582.5;0.001;0;0;80582.7;0.130
16:42:49;80582.6;0;0;0.035;80582.8;0.131
16:42:49;80582.5;0.001;0;0;80582.7;0.096
16:42:48;80582.6;0;0;0.004;80582.8;0.097
16:42:47;80582.5;0.002;0;0;80582.7;0.093
16:42:47;80582.6;0;0;0.023;80582.8;0.095
16:42:47;80582.5;0.167;0;0;80582.7;0.072
16:42:45;80582.6;0;0;0.262;80582.8;0.239
16:42:44;80582.5;0.030;0;0;80582.7;-0.023
16:42:41;80582.6;0;0;0.097;80582.8;0.007
16:42:41;80582.5;0.013;0;0;80582.7;-0.090
16:42:40;80582.6;0;0;0.280;80582.8;-0.077
16:42:39;80582.5;0.001;0;0;80582.7;-0.357
16:42:36;80582.6;0;0;0.079;80582.8;-0.356
16:42:36;80582.5;0.007;0;0;80582.7;-0.435
16:42:34;80582.6;0;0;0.119;80582.8;-0.428
16:42:34;80582.5;0.051;0;0;80582.7;-0.547
16:42:33;80582.6;0;0;0.250;80582.8;-0.496
16:42:33;80582.5;0.010;0;0;80582.7;-0.746
16:42:31;80582.6;0;0;0.046;80582.8;-0.736
16:42:30;80582.5;0.003;0;0;80582.7;-0.782
16:42:30;80582.4;0;0;0.315;80582.6;-0.779
16:42:29;80577.5;0;0;0.358;80577.7;-1.094
16:42:29;80577.4;0.002;0;0;80577.6;-1.452
16:42:29;80574.6;0;0;0.426;80574.8;-1.450
16:42:28;80574.5;0.015;0;0;80574.7;-1.876
16:42:27;80574.6;0;0;0.019;80574.8;-1.861
16:42:27;80574.5;0.002;0;0;80574.7;-1.880
16:42:27;80574.6;0;0;0.009;80574.8;-1.878
16:42:26;80574.5;0.006;0;0;80574.7;-1.887
16:42:26;80574.6;0;0;0.001;80574.8;-1.881
16:42:26;80574.5;0.005;0;0;80574.7;-1.882
16:42:25;80574.6;0;0;0.037;80574.8;-1.877
16:42:25;80574.5;0.061;0;0;80574.7;-1.914
16:42:24;80574.6;0;0;0.001;80574.8;-1.853
16:42:23;80574.5;0.006;0;0;80574.7;-1.854
16:42:23;80572.0;0;0;0.314;80572.2;-1.848
16:42:22;80571.9;0.001;0;0;80572.1;-2.162
16:42:21;80570.6;0;0;1.718;80570.8;-2.161
16:42:21;80570.5;0.020;0;0;80570.7;-3.879
16:42:21;80570.6;0;0;0.011;80570.8;-3.859
16:42:20;80570.5;0.008;0;0;80570.7;-3.870
16:42:20;80570.6;0;0;0.008;80570.8;-3.862
16:42:20;80570.5;0.120;0;0;80570.7;-3.870
16:42:19;80570.6;0;0;0.134;80570.8;-3.750
16:42:19;80570.5;0.018;0;0;80570.7;-3.884
16:42:19;80570.6;0;0;0.001;80570.8;-3.866
16:42:19;80570.5;0.006;0;0;80570.7;-3.867
16:42:19;80570.6;0;0;0.100;80570.8;-3.861
16:42:18;80570.5;0.002;0;0;80570.7;-3.961
16:42:17;80570.6;0;0;0.017;80570.8;-3.959
16:42:17;80570.5;0.002;0;0;80570.7;-3.976
16:42:16;80570.6;0;0;0.331;80570.8;-3.974
16:42:16;80570.5;0.002;0;0;80570.7;-4.305
16:42:15;80570.6;0;0;0.002;80570.8;-4.303
16:42:12;80570.5;1.335;0;0;80570.7;-4.305
16:42:12;80570.6;0;0;0.002;80570.8;-2.970
16:42:09;80570.5;0.240;0;0;80570.7;-2.972
16:42:07;80570.6;0;0;0.111;80570.8;-2.732
16:42:07;80570.5;0.069;0;0;80570.7;-2.843
16:42:06;80570.6;0;0;0.031;80570.8;-2.774
16:42:05;80570.5;0.008;0;0;80570.7;-2.805
16:42:05;80570.6;0;0;0.387;80570.8;-2.797
16:42:05;80572.9;0.157;0;0;80573.1;-3.184
16:42:05;80573.0;0;0;0.006;80573.2;-3.027
16:42:04;80572.9;0.184;0;0;80573.1;-3.033
16:42:03;80573.0;0;0;0.001;80573.2;-2.849
16:42:03;80572.9;0.008;0;0;80573.1;-2.850
16:42:02;80573.0;0;0;0.070;80573.2;-2.842
16:42:00;80582.4;1.893;0;0;80582.6;-2.912
16:41:59;80582.5;0;0;0.133;80582.7;-1.019
16:41:57;80582.4;0.014;0;0;80582.6;-1.152
16:41:56;80582.5;0;0;0.007;80582.7;-1.138
16:41:54;80582.4;0.054;0;0;80582.6;-1.145
16:41:53;80582.5;0;0;0.095;80582.7;-1.091
16:41:52;80582.4;0.016;0;0;80582.6;-1.186
16:41:52;80582.5;0;0;0.002;80582.7;-1.170
16:41:48;80582.4;0.003;0;0;80582.6;-1.172
16:41:48;80582.5;0;0;0.024;80582.7;-1.169
16:41:47;80582.4;0.009;0;0;80582.6;-1.193
16:41:45;80582.5;0.003;0;0.193;80582.7;-1.184
16:41:45;80582.6;0;0;0.010;80582.8;-1.374
16:41:43;80582.5;0.593;0;0;80582.7;-1.384
16:41:41;80582.6;0;0;0.131;80582.8;-0.791
16:41:41;80582.5;0.009;0;0;80582.7;-0.922
16:41:39;80582.6;2.047;0;0.050;80582.8;-0.913
16:41:36;80582.7;0;0;0.747;80582.9;1.084
16:41:36;80582.6;0.001;0;0;80582.8;0.337
16:41:33;80582.7;0;0;0.976;80582.9;0.338
16:41:33;80584.4;0.029;0;0;80584.6;-0.638
16:41:33;80584.5;0;0;0.001;80584.7;-0.609
16:41:30;80586.6;0.694;0;0;80586.8;-0.610
16:41:30;80586.7;0;0;0.004;80586.9;0.084
16:41:30;80586.6;0.066;0;0;80586.8;0.080
16:41:29;80586.7;0;0;0.003;80586.9;0.146
16:41:27;80586.6;0.025;0;0;80586.8;0.143
16:41:27;80586.7;0;0;0.140;80586.9;0.168
16:41:26;80586.6;0.001;0;0;80586.8;0.028
16:41:25;80586.7;0;0;0.007;80586.9;0.029
16:41:24;80586.6;0.373;0;0;80586.8;0.022
16:41:23;80586.7;0;0;0.103;80586.9;0.395
16:41:20;80586.6;0.027;0;0;80586.8;0.292
16:41:16;80586.7;0;0;0.319;80586.9;0.319