Price;Volume;Trades;Bid;Asks;Delta
80300.0;667,791;4221;377,794;289,997;-87,797
80500.0;548,811;4088;435,994;112,817;-323,177
80400.0;361,750;4257;183,224;178,526;-4,698
80620.0;196,594;362;194,499;2,095;-192,404
80475.0;195,825;1542;154,055;41,770;-112,285
80450.0;172,570;2515;62,392;110,178;47,786
80350.0;159,450;2383;96,609;62,841;-33,768
80499.9;155,873;1034;41,729;114,144;72,415
80200.0;152,387;991;68,595;83,792;15,197
81016.0;147,322;477;147,310;0,012;-147,298
80380.0;139,800;1505;115,409;24,391;-91,018
80555.0;138,924;669;129,345;9,579;-119,766
80600.0;134,624;1142;72,726;61,898;-10,828
80250.0;134,409;1418;58,205;76,204;17,999
80618.0;126,170;147;124,982;1,188;-123,794
80364.5;126,015;641;124,427;1,588;-122,839
80280.0;122,065;1202;63,968;58,097;-5,871
80300.1;118,779;1967;33,485;85,294;51,809
80445.0;118,359;848;36,176;82,183;46,007
80302.8;117,490;713;111,744;5,746;-105,998
81000.0;113,355;882;113,355;0,000;-113,355
80390.0;112,890;853;97,780;15,110;-82,670
80845.0;112,515;105;112,209;0,306;-111,903
80302.9;104,781;1352;36,137;68,644;32,507
80500.1;103,263;939;18,598;84,665;66,067
80460.0;100,565;1969;54,950;45,615;-9,335
80299.9;93,991;1184;62,208;31,783;-30,425
80310.0;90,349;1421;80,271;10,078;-70,193
80332.0;89,536;1345;77,463;12,073;-65,390
80480.0;88,631;1797;49,865;38,766;-11,099
80580.0;88,541;527;77,680;10,861;-66,819
80465.0;73,835;762;48,856;24,979;-23,877
80350.1;73,629;1189;15,980;57,649;41,669
80334.9;73,123;722;3,426;69,697;66,271
80411.4;70,158;1618;26,618;43,540;16,922
80307.8;68,343;1191;31,767;36,576;4,809
80340.0;67,166;1188;49,057;18,109;-30,948
80481.0;66,566;239;59,119;7,447;-51,672
81185.1;65,871;452;55,367;10,504;-44,863
80324.0;62,266;891;42,082;20,184;-21,898
80470.0;61,857;958;40,063;21,794;-18,269
80440.0;61,354;1760;30,546;30,808;0,262
80491.0;60,196;366;55,696;4,500;-51,196
80520.0;59,415;731;46,988;12,427;-34,561
80305.8;58,982;370;16,273;42,709;26,436
80351.8;58,497;605;55,127;3,370;-51,757
80388.0;58,377;829;27,180;31,197;4,017
80305.1;58,334;295;52,704;5,630;-47,074
80360.0;57,874;1635;32,047;25,827;-6,220
80470.4;55,926;268;52,066;3,860;-48,206
80550.0;55,338;749;29,375;25,963;-3,412
80405.1;55,241;865;23,401;31,840;8,439
80230.0;55,234;614;35,943;19,291;-16,652
80400.1;54,679;1307;13,736;40,943;27,207
80296.1;53,598;667;7,240;46,358;39,118
80468.1;53,163;530;10,318;42,845;32,527
81100.0;52,891;210;15,397;37,494;22,097
80370.0;51,275;1178;42,718;8,557;-34,161
80320.0;50,989;2222;26,207;24,782;-1,425
80415.0;50,513;1168;17,962;32,551;14,589
80292.1;49,566;625;18,062;31,504;13,442
81238.0;49,039;332;39,637;9,402;-30,235
80368.0;48,940;831;26,979;21,961;-5,018
80466.0;48,626;923;4,617;44,009;39,392
80298.2;47,473;414;36,539;10,934;-25,605
80424.0;47,042;1351;25,220;21,822;-3,398
80425.0;46,918;1071;33,170;13,748;-19,422
80270.8;46,844;534;26,469;20,375;-6,094
80370.1;46,636;947;13,818;32,818;19,000
80455.9;46,311;1171;24,359;21,952;-2,407
80413.0;45,992;459;10,297;35,695;25,398
80333.0;45,915;626;39,444;6,471;-32,973
80329.2;45,458;1117;23,211;22,247;-0,964
80269.1;45,444;347;0,518;44,926;44,408
80100.0;45,234;272;45,225;0,009;-45,216
80362.2;44,861;441;21,972;22,889;0,917
80499.0;44,323;307;42,938;1,385;-41,553
80456.0;44,186;1483;19,761;24,425;4,664
80490.0;43,990;908;33,088;10,902;-22,186
80310.1;43,843;724;2,349;41,494;39,145
80502.0;43,781;317;20,283;23,498;3,215
80380.1;43,509;790;1,872;41,637;39,765
80334.0;43,467;818;26,909;16,558;-10,351
81000.1;43,412;630;0,867;42,545;41,678
81215.0;42,409;132;40,190;2,219;-37,971
80465.2;41,964;779;18,065;23,899;5,834
80240.1;41,694;389;0,036;41,658;41,622
80351.9;41,503;765;25,943;15,560;-10,383
80476.9;41,443;567;2,279;39,164;36,885
80409.9;41,155;549;35,896;5,259;-30,637
80507.9;41,108;333;32,535;8,573;-23,962
80301.9;40,877;619;29,684;11,193;-18,491
80884.1;40,724;341;7,280;33,444;26,164
80453.2;40,281;321;10,089;30,192;20,103
80210.6;40,226;505;0,434;39,792;39,358
80730.0;40,072;31;40,072;0,000;-40,072
80331.3;40,059;828;12,946;27,113;14,167
80420.0;40,027;1530;17,001;23,026;6,025
80360.1;40,010;731;17,759;22,251;4,492
80488.2;39,852;472;8,436;31,416;22,980
80449.9;39,799;1027;20,432;19,367;-1,065
80356.6;39,282;1082;21,647;17,635;-4,012
80358.1;39,275;504;11,591;27,684;16,093
81117.6;39,236;410;9,491;29,745;20,254
80328.4;39,155;817;24,253;14,902;-9,351
80303.0;38,934;488;30,263;8,671;-21,592
80436.0;38,610;729;14,031;24,579;10,548
80465.9;38,571;702;28,063;10,508;-17,555
80550.2;38,413;587;37,075;1,338;-35,737
80423.4;38,403;560;3,400;35,003;31,603
80464.3;38,329;463;4,105;34,224;30,119
80333.1;38,211;707;2,098;36,113;34,015
80494.6;38,126;419;33,847;4,279;-29,568
80384.0;38,050;1100;21,467;16,583;-4,884
80285.5;37,901;449;16,301;21,600;5,299
80475.1;37,860;706;8,566;29,294;20,728
80474.9;37,734;750;11,266;26,468;15,202
80240.4;37,666;153;0,008;37,658;37,650
80327.0;37,596;468;28,678;8,918;-19,760
80477.5;37,394;997;4,401;32,993;28,592
80421.0;37,352;485;29,594;7,758;-21,836
80548.1;37,319;444;26,295;11,024;-15,271
80294.5;37,293;442;8,938;28,355;19,417
80438.8;37,268;1020;14,728;22,540;7,812
80396.8;37,165;928;4,200;32,965;28,765
80307.4;37,054;530;23,578;13,476;-10,102
80336.2;36,973;323;33,190;3,783;-29,407
80574.0;36,654;183;1,091;35,563;34,472
80430.5;36,602;664;7,971;28,631;20,660
80495.2;36,588;467;7,371;29,217;21,846
80280.1;36,587;621;17,901;18,686;0,785
80307.9;36,563;533;11,800;24,763;12,963
80477.4;36,428;748;31,353;5,075;-26,278
80460.1;36,374;694;0,973;35,401;34,428
80462.0;36,363;938;20,779;15,584;-5,195
80230.1;36,281;400;8,164;28,117;19,953
80200.1;36,049;182;20,598;15,451;-5,147
80283.0;36,017;628;7,702;28,315;20,613
80372.8;35,843;660;4,062;31,781;27,719
80303.2;35,594;674;29,159;6,435;-22,724
80331.0;35,450;562;24,062;11,388;-12,674
80412.0;35,431;710;11,274;24,157;12,883
80323.3;35,197;658;19,533;15,664;-3,869
80405.2;34,974;945;13,008;21,966;8,958
80319.7;34,896;755;16,953;17,943;0,990
80308.3;34,776;397;1,658;33,118;31,460
80512.7;34,709;520;11,315;23,394;12,079
80364.0;34,472;607;5,941;28,531;22,590
80472.5;34,291;934;11,585;22,706;11,121
80425.1;34,206;652;12,147;22,059;9,912
80334.8;34,137;756;25,499;8,638;-16,861
80343.3;33,974;357;6,108;27,866;21,758
80620.1;33,925;353;0,162;33,763;33,601
80270.0;33,866;815;32,406;1,460;-30,946
80456.4;33,827;384;7,403;26,424;19,021
80340.5;33,773;441;18,770;15,003;-3,767
80312.1;33,547;800;6,723;26,824;20,101
80319.9;33,533;631;21,471;12,062;-9,409
80422.2;33,494;382;30,340;3,154;-27,186
80431.0;33,181;537;10,406;22,775;12,369
80434.5;33,169;343;29,089;4,080;-25,009
80283.3;33,103;699;14,349;18,754;4,405
80344.0;33,096;963;23,158;9,938;-13,220
80352.1;32,932;862;11,736;21,196;9,460
80419.0;32,894;442;14,177;18,717;4,540
80440.1;32,856;857;14,883;17,973;3,090
80364.6;32,816;566;6,010;26,806;20,796
80445.1;32,599;506;6,381;26,218;19,837
80443.0;32,586;696;22,118;10,468;-11,650
80467.8;32,539;437;17,973;14,566;-3,407
80505.0;32,392;508;29,400;2,992;-26,408
80312.8;32,224;259;24,025;8,199;-15,826
80480.7;32,067;340;27,882;4,185;-23,697
80370.2;32,021;480;11,362;20,659;9,297
80374.3;31,961;359;4,815;27,146;22,331
80476.2;31,935;497;24,054;7,881;-16,173
80577.8;31,903;150;30,426;1,477;-28,949
80325.1;31,725;792;9,962;21,763;11,801
80329.1;31,647;763;26,201;5,446;-20,755
80410.0;31,632;1246;6,446;25,186;18,740
80476.1;31,571;567;19,734;11,837;-7,897
80497.0;31,523;435;20,239;11,284;-8,955
80533.1;31,448;279;0,013;31,435;31,422
80420.6;31,442;527;24,636;6,806;-17,830
80422.5;31,119;834;20,252;10,867;-9,385
80309.9;30,943;663;17,671;13,272;-4,399
80472.4;30,792;610;23,288;7,504;-15,784
80339.9;30,732;863;15,601;15,131;-0,470
80312.0;30,691;1206;24,977;5,714;-19,263
80531.9;30,660;192;7,260;23,400;16,140
80365.0;30,602;599;7,964;22,638;14,674
80248.6;30,601;201;30,590;0,011;-30,579
80338.0;30,396;718;9,980;20,416;10,436
80842.9;30,268;399;26,903;3,365;-23,538
80469.9;30,201;496;24,776;5,425;-19,351
80306.5;30,179;473;22,437;7,742;-14,695
80399.9;29,998;691;25,462;4,536;-20,926
80376.7;29,842;741;4,816;25,026;20,210
81122.6;29,831;182;29,784;0,047;-29,737
80451.1;29,776;435;25,010;4,766;-20,244
80546.9;29,743;311;2,115;27,628;25,513
80275.9;29,717;449;16,599;13,118;-3,481
80448.4;29,680;732;6,143;23,537;17,394
80800.0;29,558;408;28,902;0,656;-28,246
80299.1;29,534;495;5,685;23,849;18,164
80440.4;29,505;836;28,351;1,154;-27,197
80276.1;29,490;235;8,496;20,994;12,498
80481.7;29,458;451;26,780;2,678;-24,102
80456.9;29,434;400;21,099;8,335;-12,764
80260.1;29,429;376;12,589;16,840;4,251
80433.0;29,269;464;3,055;26,214;23,159
80316.0;29,185;723;20,362;8,823;-11,539
80451.0;29,169;408;6,691;22,478;15,787
80420.1;29,107;582;9,954;19,153;9,199
80275.1;29,036;231;2,832;26,204;23,372
80416.1;29,018;544;3,104;25,914;22,810
80272.6;28,998;379;25,809;3,189;-22,620
80383.9;28,956;462;24,461;4,495;-19,966
80448.1;28,859;530;11,511;17,348;5,837
80327.7;28,817;431;6,393;22,424;16,031
80268.5;28,803;206;6,851;21,952;15,101
80465.1;28,747;547;21,289;7,458;-13,831
80480.1;28,619;573;5,261;23,358;18,097
80245.0;28,572;388;28,169;0,403;-27,766
80430.4;28,477;579;15,898;12,579;-3,319
80418.5;28,430;529;15,426;13,004;-2,422
80383.5;28,407;478;8,917;19,490;10,573
80476.0;28,321;688;16,911;11,410;-5,501
80314.0;28,221;617;19,487;8,734;-10,753
80455.0;28,159;1033;11,351;16,808;5,457
80317.5;28,072;550;24,052;4,020;-20,032
80423.3;28,013;800;17,636;10,377;-7,259
80359.9;27,975;767;7,532;20,443;12,911
80296.3;27,974;428;21,657;6,317;-15,340
80329.3;27,932;730;3,906;24,026;20,120
80411.3;27,819;827;22,341;5,478;-16,863
80342.3;27,810;472;22,801;5,009;-17,792
80484.9;27,796;445;23,551;4,245;-19,306
80381.7;27,701;438;24,504;3,197;-21,307
80334.1;27,684;599;0,533;27,151;26,618
80327.6;27,550;362;18,668;8,882;-9,786
80349.9;27,471;475;5,212;22,259;17,047
80432.9;27,397;888;24,305;3,092;-21,213
80346.4;27,333;698;10,638;16,695;6,057
80405.0;27,328;718;18,097;9,231;-8,866
81162.9;27,295;335;27,263;0,032;-27,231
80376.2;27,278;395;7,147;20,131;12,984
80315.0;27,267;760;18,968;8,299;-10,669
80329.0;27,158;464;4,531;22,627;18,096
80420.9;27,131;662;20,307;6,824;-13,483
80295.2;27,092;283;0,290;26,802;26,512
80304.0;27,090;920;17,632;9,458;-8,174
80215.0;27,034;486;16,161;10,873;-5,288
81179.7;26,775;381;26,635;0,140;-26,495
80353.4;26,769;495;0,559;26,210;25,651
80495.1;26,761;313;8,068;18,693;10,625
80400.5;26,739;149;25,579;1,160;-24,419
80552.0;26,688;202;24,141;2,547;-21,594
80320.4;26,594;406;2,250;24,344;22,094
80497.9;26,589;371;14,636;11,953;-2,683
80316.8;26,565;486;10,221;16,344;6,123
80366.7;26,556;316;0,936;25,620;24,684
80454.6;26,547;320;12,337;14,210;1,873
80570.7;26,506;402;24,947;1,559;-23,388
80466.1;26,481;432;2,670;23,811;21,141
80304.1;26,476;544;7,034;19,442;12,408
80338.1;26,438;515;14,713;11,725;-2,988
80459.9;26,430;655;20,738;5,692;-15,046
80448.3;26,386;778;20,316;6,070;-14,246
80283.4;26,383;359;11,676;14,707;3,031
80481.4;26,300;539;5,473;20,827;15,354
80537.5;26,268;457;18,250;8,018;-10,232
80359.2;26,239;571;8,537;17,702;9,165
80355.1;26,235;451;6,541;19,694;13,153
80955.3;26,227;178;0,034;26,193;26,159
80361.9;26,216;515;11,607;14,609;3,002
80412.9;26,170;453;11,635;14,535;2,900
80461.0;26,147;558;12,880;13,267;0,387
80322.6;26,129;309;21,663;4,466;-17,197
80454.1;26,106;477;7,634;18,472;10,838
80324.1;25,931;644;1,655;24,276;22,621
80463.8;25,840;505;3,193;22,647;19,454
80387.7;25,836;344;6,536;19,300;12,764
80411.5;25,834;915;8,588;17,246;8,658
80330.0;25,779;972;9,922;15,857;5,935
80533.7;25,773;250;1,585;24,188;22,603
80583.5;25,698;252;0,694;25,004;24,310
80370.6;25,607;354;10,893;14,714;3,821
80356.7;25,552;900;11,031;14,521;3,490
80453.5;25,459;897;6,559;18,900;12,341
80454.9;25,454;524;12,050;13,404;1,354
80459.2;25,430;404;4,838;20,592;15,754
80492.2;25,417;309;16,711;8,706;-8,005
80470.7;25,397;448;3,701;21,696;17,995
80403.2;25,393;552;6,160;19,233;13,073
80463.3;25,351;285;19,604;5,747;-13,857
81254.9;25,255;534;25,233;0,022;-25,211
80383.4;25,208;475;7,818;17,390;9,572
80662.7;25,153;260;0,485;24,668;24,183
80428.2;25,142;240;2,899;22,243;19,344
80447.7;25,127;253;17,425;7,702;-9,723
80295.9;25,080;415;16,138;8,942;-7,196
80320.9;25,036;582;15,486;9,550;-5,936
80323.1;24,995;647;18,988;6,007;-12,981
80443.5;24,969;467;5,296;19,673;14,377
80250.1;24,944;446;3,294;21,650;18,356
80370.3;24,940;506;2,998;21,942;18,944
80441.5;24,889;472;14,855;10,034;-4,821
80494.5;24,882;466;11,316;13,566;2,250
80317.7;24,844;476;4,591;20,253;15,662
80202.3;24,796;261;23,867;0,929;-22,938
81098.1;24,791;259;18,781;6,010;-12,771
80496.8;24,750;380;22,116;2,634;-19,482
80525.1;24,746;675;15,453;9,293;-6,160
80379.9;24,718;495;13,498;11,220;-2,278
80470.1;24,691;456;3,345;21,346;18,001
80491.2;24,688;367;4,088;20,600;16,512
80432.2;24,652;400;8,432;16,220;7,788
80491.1;24,611;427;15,491;9,120;-6,371
80349.4;24,573;443;10,415;14,158;3,743
80271.7;24,554;293;5,120;19,434;14,314
80323.2;24,536;538;2,865;21,671;18,806
80438.4;24,509;449;2,522;21,987;19,465
80532.7;24,492;241;2,006;22,486;20,480
80306.8;24,468;351;13,681;10,787;-2,894
80441.4;24,455;562;15,365;9,090;-6,275
80513.0;24,398;199;21,720;2,678;-19,042
80498.0;24,346;536;4,034;20,312;16,278
80325.0;24,323;688;20,281;4,042;-16,239
80582.8;24,322;210;6,714;17,608;10,894
80481.2;24,209;284;2,786;21,423;18,637
80296.0;24,185;869;13,903;10,282;-3,621
80452.0;24,184;859;7,754;16,430;8,676
80196.0;24,147;416;1,301;22,846;21,545
80322.0;24,128;668;14,561;9,567;-4,994
81090.4;23,921;239;23,633;0,288;-23,345
80377.9;23,878;453;5,595;18,283;12,688
80279.0;23,744;271;16,661;7,083;-9,578
80400.2;23,734;533;14,719;9,015;-5,704
80290.1;23,726;487;13,927;9,799;-4,128
80424.8;23,692;389;1,636;22,056;20,420
80169.9;23,674;157;10,951;12,723;1,772
80299.3;23,650;221;6,061;17,589;11,528
80425.6;23,642;388;11,867;11,775;-0,092
80619.7;23,552;225;18,941;4,611;-14,330
80328.5;23,533;693;12,877;10,656;-2,221
80441.6;23,525;297;6,174;17,351;11,177
80214.8;23,486;306;3,934;19,552;15,618
80600.1;23,469;275;7,702;15,767;8,065
80564.6;23,436;247;14,320;9,116;-5,204
80425.8;23,433;415;8,340;15,093;6,753
80328.8;23,340;552;14,374;8,966;-5,408
80430.1;23,329;571;12,712;10,617;-2,095
80354.1;23,325;703;15,757;7,568;-8,189
80319.8;23,315;914;9,790;13,525;3,735
80330.1;23,303;434;19,050;4,253;-14,797
80320.1;23,273;578;4,431;18,842;14,411
80427.3;23,258;590;6,261;16,997;10,736
80245.1;23,242;350;1,938;21,304;19,366
80488.0;23,197;704;8,806;14,391;5,585
80391.0;23,179;203;21,741;1,438;-20,303
80303.8;23,173;355;18,139;5,034;-13,105
80279.1;23,137;327;8,083;15,054;6,971
80285.6;23,070;276;7,874;15,196;7,322
80432.1;23,063;385;12,254;10,809;-1,445
80495.0;23,049;543;12,259;10,790;-1,469
80533.6;23,026;147;22,762;0,264;-22,498
80430.8;22,887;356;16,662;6,225;-10,437
80267.1;22,829;492;0,588;22,241;21,653
80267.7;22,824;322;10,786;12,038;1,252
80354.9;22,807;446;5,308;17,499;12,191
80391.2;22,774;138;19,184;3,590;-15,594
80302.3;22,768;293;2,655;20,113;17,458
80461.3;22,729;822;1,672;21,057;19,385
80471.9;22,722;445;6,737;15,985;9,248
80465.7;22,698;679;12,601;10,097;-2,504
80548.0;22,673;269;16,845;5,828;-11,017
80336.7;22,658;500;14,632;8,026;-6,606
80459.4;22,656;517;11,034;11,622;0,588
80415.1;22,649;689;3,374;19,275;15,901
80333.9;22,646;312;19,925;2,721;-17,204
80329.8;22,588;335;16,117;6,471;-9,646
80294.2;22,567;529;2,140;20,427;18,287
80439.9;22,535;468;11,644;10,891;-0,753
81185.0;22,462;222;22,157;0,305;-21,852
80398.5;22,461;293;3,337;19,124;15,787
80269.7;22,444;146;21,921;0,523;-21,398
80414.6;22,440;450;12,384;10,056;-2,328
80454.0;22,431;438;7,936;14,495;6,559
80425.2;22,412;368;2,136;20,276;18,140
80627.9;22,381;228;22,290;0,091;-22,199
80519.0;22,364;420;20,759;1,605;-19,154
80416.0;22,318;1015;13,109;9,209;-3,900
80487.0;22,307;434;15,195;7,112;-8,083
80473.2;22,281;342;4,193;18,088;13,895
80515.9;22,228;339;9,554;12,674;3,120
80429.6;22,225;561;14,793;7,432;-7,361
80288.0;22,175;517;15,073;7,102;-7,971
80400.3;22,170;316;17,281;4,889;-12,392
80562.4;22,099;166;0,173;21,926;21,753
80270.1;22,089;621;3,347;18,742;15,395
81211.3;22,055;138;0,850;21,205;20,355
80423.0;22,053;372;9,817;12,236;2,419
81050.0;22,033;286;16,783;5,250;-11,533
80510.0;22,017;540;10,242;11,775;1,533
80415.6;21,984;681;15,267;6,717;-8,550
80564.7;21,981;275;13,391;8,590;-4,801
80302.0;21,950;594;8,813;13,137;4,324
80474.8;21,892;408;16,608;5,284;-11,324
80257.6;21,884;190;15,357;6,527;-8,830
80423.9;21,837;656;19,645;2,192;-17,453
80485.0;21,774;693;14,764;7,010;-7,754
80373.7;21,714;611;1,985;19,729;17,744
80299.0;21,615;403;6,820;14,795;7,975
81029.8;21,609;112;21,572;0,037;-21,535
80582.7;21,606;200;20,737;0,869;-19,868
80348.6;21,597;279;13,254;8,343;-4,911
80333.8;21,584;605;2,789;18,795;16,006
80288.7;21,580;430;15,407;6,173;-9,234
80399.1;21,575;502;4,559;17,016;12,457
81160.7;21,555;457;13,076;8,479;-4,597
80301.3;21,538;544;18,190;3,348;-14,842
80309.0;21,522;409;17,471;4,051;-13,420
80512.8;21,518;194;0,290;21,228;20,938
80475.3;21,516;340;17,031;4,485;-12,546
80307.5;21,512;460;13,870;7,642;-6,228
80254.7;21,499;302;3,386;18,113;14,727
80266.1;21,453;286;4,399;17,054;12,655
80319.2;21,421;418;5,264;16,157;10,893
80343.6;21,417;393;2,982;18,435;15,453
80384.2;21,407;288;18,782;2,625;-16,157
80464.1;21,382;550;6,833;14,549;7,716
80317.6;21,364;697;5,669;15,695;10,026
80573.5;21,338;240;5,729;15,609;9,880
80414.9;21,276;804;13,635;7,641;-5,994
80496.1;21,221;188;1,062;20,159;19,097
80511.2;21,217;203;3,682;17,535;13,853
81274.4;21,207;248;21,191;0,016;-21,175
80361.2;21,176;215;1,635;19,541;17,906
80322.4;21,155;538;8,303;12,852;4,549
80480.8;21,120;449;13,331;7,789;-5,542
80331.9;21,111;388;10,535;10,576;0,041
80583.3;21,061;199;19,903;1,158;-18,745
80492.0;21,055;495;2,031;19,024;16,993
80289.0;21,048;223;2,269;18,779;16,510
80320.8;21,037;523;14,254;6,783;-7,471
80340.1;21,030;425;2,929;18,101;15,172
80424.1;21,028;626;9,275;11,753;2,478
80245.4;21,025;320;1,114;19,911;18,797
80430.6;21,016;583;13,274;7,742;-5,532
80285.0;21,007;464;5,729;15,278;9,549
80416.8;21,003;339;16,105;4,898;-11,207
80294.4;20,992;327;10,154;10,838;0,684
80373.1;20,966;469;5,793;15,173;9,380
80470.5;20,944;206;0,763;20,181;19,418
80583.1;20,941;312;3,602;17,339;13,737
80278.8;20,933;394;11,537;9,396;-2,141
80502.6;20,918;425;8,420;12,498;4,078
80380.4;20,903;278;5,039;15,864;10,825
80599.9;20,882;318;11,298;9,584;-1,714
80549.1;20,846;174;20,765;0,081;-20,684
80344.1;20,832;441;6,560;14,272;7,712
80321.0;20,805;781;11,655;9,150;-2,505
80395.2;20,795;402;2,651;18,144;15,493
80305.0;20,742;529;10,700;10,042;-0,658
81294.8;20,685;291;1,753;18,932;17,179
80349.3;20,684;705;11,459;9,225;-2,234
80976.8;20,677;61;20,677;0,000;-20,677
80486.7;20,635;565;1,520;19,115;17,595
80475.6;20,633;409;16,542;4,091;-12,451
80418.4;20,594;414;19,045;1,549;-17,496
80533.0;20,589;294;11,520;9,069;-2,451
80279.3;20,568;147;15,957;4,611;-11,346
80573.4;20,562;159;2,622;17,940;15,318
80343.2;20,561;253;19,435;1,126;-18,309
80485.1;20,556;338;4,043;16,513;12,470
80345.8;20,526;376;7,516;13,010;5,494
80628.0;20,515;375;0,202;20,313;20,111
80396.7;20,466;544;14,319;6,147;-8,172
80449.7;20,430;480;19,412;1,018;-18,394
80455.8;20,401;554;17,761;2,640;-15,121
80358.2;20,358;584;4,481;15,877;11,396
80428.0;20,348;864;6,991;13,357;6,366
81076.5;20,314;386;18,429;1,885;-16,544
80363.9;20,310;334;10,662;9,648;-1,014
80430.0;20,299;853;15,938;4,361;-11,577
80423.7;20,287;352;13,925;6,362;-7,563
80300.2;20,255;369;9,806;10,449;0,643
80536.7;20,227;425;3,751;16,476;12,725
81284.1;20,223;127;10,358;9,865;-0,493
80226.4;20,208;553;14,722;5,486;-9,236
80570.3;20,204;149;3,065;17,139;14,074
80410.9;20,193;379;3,117;17,076;13,959
80436.3;20,188;478;11,230;8,958;-2,272
80424.9;20,176;531;14,619;5,557;-9,062
80298.3;20,169;395;0,531;19,638;19,107
80352.0;20,167;983;13,374;6,793;-6,581
80450.1;20,151;571;0,859;19,292;18,433
80319.1;20,144;495;12,732;7,412;-5,320
80545.1;20,140;336;10,323;9,817;-0,506
80583.2;20,104;203;11,577;8,527;-3,050
80346.3;20,051;376;18,494;1,557;-16,937
81127.3;20,049;55;20,049;0,000;-20,049
80431.1;20,022;306;9,836;10,186;0,350
80494.1;19,993;370;3,913;16,080;12,167
80448.0;19,992;910;5,708;14,284;8,576
80153.5;19,967;192;19,060;0,907;-18,153
80311.8;19,954;420;14,645;5,309;-9,336
80275.7;19,920;280;0,688;19,232;18,544
80427.2;19,919;471;8,179;11,740;3,561
80505.1;19,894;322;10,526;9,368;-1,158
80526.6;19,893;273;0,367;19,526;19,159
80453.4;19,872;558;12,832;7,040;-5,792
80354.2;19,861;847;2,086;17,775;15,689
81074.3;19,829;347;19,225;0,604;-18,621
80443.9;19,823;472;14,848;4,975;-9,873
80595.1;19,818;137;19,593;0,225;-19,368
80516.0;19,817;329;1,347;18,470;17,123
80452.1;19,815;463;1,328;18,487;17,159
80423.6;19,812;415;3,815;15,997;12,182
80379.0;19,797;318;17,635;2,162;-15,473
80352.4;19,770;450;3,509;16,261;12,752
80326.2;19,742;287;1,477;18,265;16,788
80593.6;19,727;144;15,745;3,982;-11,763
80311.1;19,676;338;6,926;12,750;5,824
80311.5;19,647;441;5,326;14,321;8,995
80442.9;19,593;505;11,817;7,776;-4,041
80307.0;19,592;344;18,888;0,704;-18,184
80460.6;19,587;427;11,585;8,002;-3,583
80456.2;19,581;340;6,668;12,913;6,245
80150.0;19,556;238;11,825;7,731;-4,094
80520.1;19,547;280;8,921;10,626;1,705
81060.9;19,489;386;16,266;3,223;-13,043
80477.0;19,478;369;15,867;3,611;-12,256
81251.1;19,467;466;4,926;14,541;9,615
80395.0;19,430;781;7,218;12,212;4,994
80458.9;19,402;500;5,202;14,200;8,998
80378.0;19,336;430;0,743;18,593;17,850
80332.3;19,308;519;7,591;11,717;4,126
80603.4;19,285;239;5,495;13,790;8,295
80461.9;19,251;656;12,116;7,135;-4,981
80532.9;19,226;107;17,552;1,674;-15,878
80330.4;19,203;429;16,348;2,855;-13,493
80420.8;19,177;386;13,329;5,848;-7,481
80348.0;19,173;712;12,697;6,476;-6,221
80470.2;19,171;266;17,779;1,392;-16,387
80284.2;19,133;582;0,989;18,144;17,155
80662.6;19,127;344;5,313;13,814;8,501
80289.9;19,126;379;14,641;4,485;-10,156
80553.0;19,120;131;5,630;13,490;7,860
80292.5;19,095;398;5,286;13,809;8,523
80404.8;19,088;226;18,457;0,631;-17,826
80427.5;19,073;607;12,548;6,525;-6,023
80479.9;19,065;548;8,336;10,729;2,393
81217.9;19,063;213;0,005;19,058;19,053
80448.9;19,058;556;13,964;5,094;-8,870
80329.9;19,056;604;11,406;7,650;-3,756
80324.7;19,047;385;6,979;12,068;5,089
80264.2;19,032;259;18,555;0,477;-18,078
80265.5;19,025;341;0,171;18,854;18,683
80309.2;19,022;386;8,728;10,294;1,566
80299.2;18,964;353;0,550;18,414;17,864
80332.2;18,945;406;12,632;6,313;-6,319
80442.0;18,942;631;7,892;11,050;3,158
80458.0;18,895;822;6,216;12,679;6,463
80415.2;18,891;341;8,195;10,696;2,501
80418.0;18,886;529;13,395;5,491;-7,904
80426.9;18,869;309;4,199;14,670;10,471
80290.6;18,844;155;3,123;15,721;12,598
80449.8;18,819;530;6,847;11,972;5,125
80509.1;18,785;273;15,179;3,606;-11,573
80462.2;18,783;477;17,029;1,754;-15,275
80488.9;18,775;363;7,393;11,382;3,989
80242.0;18,737;231;15,133;3,604;-11,529
80456.7;18,682;457;8,710;9,972;1,262
80442.1;18,632;513;11,590;7,042;-4,548
80581.3;18,600;207;9,257;9,343;0,086
80468.0;18,592;568;9,511;9,081;-0,430
80265.3;18,589;202;4,580;14,009;9,429
80481.5;18,580;330;8,830;9,750;0,920
80487.9;18,577;313;10,994;7,583;-3,411
80971.1;18,571;142;0,003;18,568;18,565
80286.1;18,562;262;7,099;11,463;4,364
80404.0;18,540;585;7,019;11,521;4,502
80458.7;18,534;402;2,921;15,613;12,692
80461.2;18,528;582;14,076;4,452;-9,624
80511.1;18,509;181;17,856;0,653;-17,203
80432.6;18,501;343;16,387;2,114;-14,273
80274.7;18,495;343;6,345;12,150;5,805
80292.2;18,490;393;4,803;13,687;8,884
80468.4;18,481;202;15,503;2,978;-12,525
80288.6;18,471;212;17,574;0,897;-16,677
80900.0;18,460;193;15,441;3,019;-12,422
80379.1;18,454;382;2,201;16,253;14,052
80235.9;18,431;344;5,151;13,280;8,129
80457.1;18,408;415;3,864;14,544;10,680
80316.4;18,407;387;13,622;4,785;-8,837
80315.8;18,386;318;2,224;16,162;13,938
80419.3;18,358;349;10,790;7,568;-3,222
80411.6;18,356;658;4,333;14,023;9,690
80406.4;18,351;492;15,557;2,794;-12,763
80281.6;18,350;279;13,319;5,031;-8,288
80480.5;18,331;372;6,524;11,807;5,283
80383.7;18,328;475;14,890;3,438;-11,452
80537.6;18,317;411;5,703;12,614;6,911
80521.0;18,315;222;11,399;6,916;-4,483
80418.9;18,296;486;15,345;2,951;-12,394
80962.5;18,277;299;18,272;0,005;-18,267
80403.1;18,265;352;15,824;2,441;-13,383
80350.2;18,259;306;5,162;13,097;7,935
80313.8;18,233;333;5,379;12,854;7,475
80277.9;18,206;133;14,665;3,541;-11,124
80449.0;18,168;340;1,811;16,357;14,546
80245.3;18,154;248;10,257;7,897;-2,360
80323.6;18,138;804;2,359;15,779;13,420
80311.0;18,119;489;10,263;7,856;-2,407
80468.9;18,072;524;6,886;11,186;4,300
80276.0;18,071;457;4,852;13,219;8,367
80362.3;18,032;446;4,702;13,330;8,628
80946.8;17,988;70;17,979;0,009;-17,970
80325.5;17,974;503;6,331;11,643;5,312
80283.2;17,964;464;15,064;2,900;-12,164
80358.7;17,960;493;7,934;10,026;2,092
80384.1;17,952;449;4,128;13,824;9,696
81089.2;17,927;198;17,730;0,197;-17,533
80480.9;17,921;376;1,986;15,935;13,949
80314.9;17,911;363;11,903;6,008;-5,895
80334.7;17,908;382;4,452;13,456;9,004
80435.0;17,899;636;7,853;10,046;2,193
80416.6;17,877;421;12,652;5,225;-7,427
80396.0;17,847;470;14,376;3,471;-10,905
80315.1;17,818;402;9,643;8,175;-1,468
80570.0;17,803;272;11,144;6,659;-4,485
80412.8;17,787;400;11,458;6,329;-5,129
80432.7;17,778;518;3,101;14,677;11,576
80376.1;17,772;390;13,597;4,175;-9,422
80535.8;17,765;270;7,569;10,196;2,627
80437.7;17,742;271;4,662;13,080;8,418
80429.3;17,707;249;8,040;9,667;1,627
80376.0;17,650;619;9,049;8,601;-0,448
80531.8;17,623;172;1,587;16,036;14,449
80481.8;17,619;435;0,874;16,745;15,871
80334.5;17,610;354;9,797;7,813;-1,984
80377.8;17,606;229;13,569;4,037;-9,532
80209.6;17,595;153;0,087;17,508;17,421
80471.0;17,575;374;0,879;16,696;15,817
80355.3;17,556;289;10,535;7,021;-3,514
80368.7;17,532;393;10,067;7,465;-2,602
80377.6;17,529;349;15,686;1,843;-13,843
80461.5;17,516;308;10,612;6,904;-3,708
80292.0;17,492;745;2,742;14,750;12,008
80282.8;17,481;321;8,299;9,182;0,883
80490.1;17,472;438;2,138;15,334;13,196
80478.6;17,427;312;15,087;2,340;-12,747
81255.0;17,410;478;0,709;16,701;15,992
80364.7;17,400;476;1,206;16,194;14,988
80434.7;17,385;438;13,357;4,028;-9,329
80304.2;17,380;345;9,907;7,473;-2,434
80336.0;17,376;596;3,783;13,593;9,810
80412.1;17,353;370;4,352;13,001;8,649
81206.2;17,341;116;0,142;17,199;17,057
80279.6;17,336;207;8,691;8,645;-0,046
80210.0;17,327;421;6,668;10,659;3,991
80593.7;17,301;186;8,055;9,246;1,191
80511.4;17,290;379;12,829;4,461;-8,368
80447.9;17,284;489;16,129;1,155;-14,974
80277.1;17,257;413;6,899;10,358;3,459
80287.2;17,252;276;3,558;13,694;10,136
80356.5;17,247;436;14,962;2,285;-12,677
80317.0;17,239;381;10,634;6,605;-4,029
80303.7;17,229;370;8,307;8,922;0,615
80495.3;17,226;224;1,614;15,612;13,998
80347.2;17,210;576;9,908;7,302;-2,606
80525.0;17,206;353;8,235;8,971;0,736
80277.0;17,197;291;9,241;7,956;-1,285
80453.0;17,188;331;16,153;1,035;-15,118
80284.6;17,174;277;16,132;1,042;-15,090
80292.3;17,172;313;9,712;7,460;-2,252
80496.9;17,160;395;9,994;7,166;-2,828
80286.8;17,158;242;16,744;0,414;-16,330
80332.1;17,117;383;2,821;14,296;11,475
81202.3;17,109;109;6,496;10,613;4,117
80355.9;17,106;354;6,940;10,166;3,226
80478.3;17,104;281;1,564;15,540;13,976
80324.6;17,081;292;9,750;7,331;-2,419
80573.8;17,052;167;0,780;16,272;15,492
80304.3;17,047;579;11,451;5,596;-5,855
80292.6;17,044;327;2,631;14,413;11,782
80365.9;17,025;317;6,776;10,249;3,473
80345.5;17,018;284;11,126;5,892;-5,234
80475.9;16,994;398;5,652;11,342;5,690
80439.8;16,962;374;10,258;6,704;-3,554
80515.2;16,958;348;12,078;4,880;-7,198
80346.0;16,954;487;11,584;5,370;-6,214
80282.0;16,929;300;15,442;1,487;-13,955
80583.0;16,893;204;14,248;2,645;-11,603
80505.7;16,892;275;0,660;16,232;15,572
80531.4;16,872;125;16,494;0,378;-16,116
80487.1;16,838;298;1,060;15,778;14,718
80314.4;16,832;206;4,072;12,760;8,688
80333.3;16,828;652;3,861;12,967;9,106
80367.7;16,824;331;6,331;10,493;4,162
80488.1;16,814;452;8,082;8,732;0,650
81132.6;16,810;218;0,008;16,802;16,794
80303.9;16,767;446;4,768;11,999;7,231
80345.0;16,750;807;3,660;13,090;9,430
80457.4;16,748;448;2,703;14,045;11,342
80424.2;16,743;361;4,329;12,414;8,085
80310.5;16,741;348;4,615;12,126;7,511
80328.0;16,735;812;12,057;4,678;-7,379
80174.9;16,714;78;16,701;0,013;-16,688
80455.1;16,705;393;4,245;12,460;8,215
81016.1;16,697;336;0,301;16,396;16,095
80492.3;16,694;376;14,043;2,651;-11,392
80612.2;16,672;114;0,739;15,933;15,194
80310.9;16,671;419;5,287;11,384;6,097
80316.7;16,663;231;11,962;4,701;-7,261
80342.9;16,643;292;10,231;6,412;-3,819
80118.2;16,640;111;16,640;0,000;-16,640
80228.9;16,639;158;15,380;1,259;-14,121
80418.1;16,634;268;0,752;15,882;15,130
80412.7;16,633;353;8,167;8,466;0,299
81227.3;16,620;350;12,689;3,931;-8,758
80512.1;16,612;149;0,058;16,554;16,496
80388.9;16,601;157;2,821;13,780;10,959
80417.5;16,577;438;5,109;11,468;6,359
80397.0;16,571;355;10,869;5,702;-5,167
81040.0;16,549;482;15,525;1,024;-14,501
80416.4;16,530;357;1,524;15,006;13,482
80280.3;16,528;279;11,044;5,484;-5,560
80460.7;16,503;284;2,148;14,355;12,207
80610.7;16,497;136;16,108;0,389;-15,719
80971.0;16,491;238;16,491;0,000;-16,491
80295.3;16,486;158;4,908;11,578;6,670
80458.8;16,472;292;14,970;1,502;-13,468
80302.1;16,469;357;6,400;10,069;3,669
80404.2;16,456;393;1,049;15,407;14,358
80291.2;16,446;142;2,787;13,659;10,872
80549.9;16,420;234;3,848;12,572;8,724
80249.9;16,371;353;14,199;2,172;-12,027
80474.3;16,355;306;7,080;9,275;2,195
80368.9;16,330;455;14,690;1,640;-13,050
80336.3;16,325;527;5,828;10,497;4,669
80464.9;16,321;324;11,937;4,384;-7,553
80215.1;16,308;332;1,890;14,418;12,528
80437.0;16,296;298;12,817;3,479;-9,338
80547.6;16,293;204;6,633;9,660;3,027
80500.2;16,289;315;4,358;11,931;7,573
80349.7;16,272;374;12,928;3,344;-9,584
80373.0;16,266;411;13,162;3,104;-10,058
80447.4;16,251;281;2,014;14,237;12,223
80419.4;16,235;321;1,662;14,573;12,911
80455.4;16,229;308;12,677;3,552;-9,125
80369.8;16,226;440;9,878;6,348;-3,530
80306.6;16,221;289;6,283;9,938;3,655
80355.0;16,211;535;10,596;5,615;-4,981
80353.6;16,202;301;14,417;1,785;-12,632
80464.4;16,181;354;12,287;3,894;-8,393
80321.3;16,174;474;14,646;1,528;-13,118
80313.2;16,148;181;15,323;0,825;-14,498
80265.4;16,136;145;13,517;2,619;-10,898
80487.3;16,087;297;5,652;10,435;4,783
80449.3;16,076;305;6,336;9,740;3,404
81250.0;16,068;414;4,596;11,472;6,876
80388.6;16,060;333;2,496;13,564;11,068
80418.6;16,040;327;8,155;7,885;-0,270
80466.2;16,022;387;9,802;6,220;-3,582
80291.0;16,009;324;0,715;15,294;14,579
80477.6;15,988;410;8,714;7,274;-1,440
80505.9;15,978;200;13,252;2,726;-10,526
80593.5;15,971;150;5,017;10,954;5,937
80600.2;15,949;235;11,375;4,574;-6,801
80499.8;15,929;285;8,896;7,033;-1,863
80505.2;15,888;232;2,219;13,669;11,450
80461.6;15,875;448;8,284;7,591;-0,693
80492.6;15,873;304;4,647;11,226;6,579
80354.5;15,872;462;7,282;8,590;1,308
80411.0;15,829;415;8,391;7,438;-0,953
80469.5;15,814;377;9,511;6,303;-3,208
80311.9;15,801;380;7,302;8,499;1,197
80336.9;15,748;309;1,817;13,931;12,114
80393.2;15,741;388;5,778;9,963;4,185
81280.6;15,739;128;13,859;1,880;-11,979
80292.4;15,709;384;5,133;10,576;5,443
80402.6;15,682;215;1,674;14,008;12,334
80451.4;15,679;442;3,494;12,185;8,691
80453.3;15,676;410;5,294;10,382;5,088
80383.8;15,674;287;6,388;9,286;2,898
80307.3;15,658;456;9,051;6,607;-2,444
80554.9;15,632;207;3,049;12,583;9,534
80547.5;15,578;117;14,785;0,793;-13,992
80375.5;15,573;315;9,024;6,549;-2,475
80444.0;15,545;737;8,000;7,545;-0,455
80477.1;15,541;385;0,598;14,943;14,345
80476.8;15,532;495;6,941;8,591;1,650
80411.9;15,517;331;6,967;8,550;1,583
80509.8;15,514;219;9,786;5,728;-4,058
80384.4;15,510;310;13,752;1,758;-11,994
80333.2;15,493;376;8,695;6,798;-1,897
80516.7;15,486;308;1,470;14,016;12,546
80461.7;15,484;322;1,704;13,780;12,076
80325.2;15,452;436;7,881;7,571;-0,310
80463.6;15,444;466;7,662;7,782;0,120
80331.1;15,436;327;2,331;13,105;10,774
80368.8;15,432;381;1,478;13,954;12,476
80331.2;15,417;423;9,215;6,202;-3,013
80323.5;15,415;457;15,069;0,346;-14,723
80301.4;15,413;368;4,716;10,697;5,981
80356.0;15,406;475;7,146;8,260;1,114
80480.6;15,386;390;1,555;13,831;12,276
80364.9;15,356;310;11,749;3,607;-8,142
80278.1;15,335;162;15,025;0,310;-14,715
80534.9;15,329;224;0,046;15,283;15,237
80246.9;15,328;161;1,984;13,344;11,360
80427.8;15,316;330;8,386;6,930;-1,456
80454.8;15,311;369;2,193;13,118;10,925
80440.5;15,301;640;0,719;14,582;13,863
80417.8;15,288;420;5,456;9,832;4,376
80266.2;15,281;353;7,825;7,456;-0,369
80444.4;15,269;433;10,529;4,740;-5,789
80328.3;15,250;491;12,383;2,867;-9,516
80375.0;15,247;681;6,479;8,768;2,289
80382.5;15,238;392;2,937;12,301;9,364
80291.6;15,232;174;9,982;5,250;-4,732
80474.4;15,226;367;10,363;4,863;-5,500
80394.5;15,213;259;8,586;6,627;-1,959
80465.8;15,212;563;1,272;13,940;12,668
80467.5;15,204;305;5,153;10,051;4,898
80469.8;15,194;347;13,607;1,587;-12,020
80435.2;15,187;269;10,259;4,928;-5,331
80446.4;15,184;457;12,294;2,890;-9,404
80263.2;15,178;287;4,327;10,851;6,524
80882.7;15,162;180;0,003;15,159;15,156
80328.7;15,157;439;12,925;2,232;-10,693
80560.1;15,149;56;15,071;0,078;-14,993
80267.6;15,138;160;8,929;6,209;-2,720
80462.5;15,126;560;6,948;8,178;1,230
80880.0;15,117;297;15,099;0,018;-15,081
80885.5;15,103;105;1,875;13,228;11,353
80473.3;15,090;274;9,365;5,725;-3,640
80282.9;15,049;360;6,799;8,250;1,451
80489.7;15,048;326;8,442;6,606;-1,836
80428.9;15,037;385;3,246;11,791;8,545
80465.6;15,036;349;4,051;10,985;6,934
80260.0;15,017;417;11,920;3,097;-8,823
80368.5;15,003;258;12,824;2,179;-10,645
80386.7;14,974;273;8,844;6,130;-2,714
80334.6;14,966;363;7,460;7,506;0,046
80348.1;14,936;337;2,548;12,388;9,840
80511.3;14,910;258;12,411;2,499;-9,912
80360.2;14,908;372;4,056;10,852;6,796
80316.9;14,903;543;2,988;11,915;8,927
80337.1;14,880;231;9,022;5,858;-3,164
80363.3;14,842;325;8,560;6,282;-2,278
80982.5;14,840;134;14,839;0,001;-14,838
80292.9;14,838;263;0,416;14,422;14,006
80297.8;14,833;210;0,911;13,922;13,011
80343.0;14,810;447;3,887;10,923;7,036
80308.6;14,790;260;4,145;10,645;6,500
81088.6;14,775;204;11,309;3,466;-7,843
80363.0;14,757;399;9,425;5,332;-4,093
80426.8;14,747;278;14,175;0,572;-13,603
80414.5;14,746;418;9,838;4,908;-4,930
80298.6;14,741;274;12,153;2,588;-9,565
80369.0;14,723;319;0,618;14,105;13,487
80570.1;14,706;193;4,019;10,687;6,668
80483.0;14,703;258;5,776;8,927;3,151
80330.5;14,689;456;6,215;8,474;2,259
80360.7;14,675;332;5,291;9,384;4,093
80351.1;14,674;369;8,808;5,866;-2,942
80286.7;14,661;223;1,583;13,078;11,495
80367.6;14,652;406;4,694;9,958;5,264
80306.7;14,634;241;2,112;12,522;10,410
80435.1;14,617;353;1,457;13,160;11,703
80360.8;14,614;434;7,637;6,977;-0,660
80419.7;14,600;397;12,322;2,278;-10,044
80352.3;14,594;348;11,850;2,744;-9,106
80313.7;14,589;265;11,728;2,861;-8,867
80562.8;14,584;81;2,828;11,756;8,928
80362.1;14,577;393;0,968;13,609;12,641
80437.4;14,572;401;4,546;10,026;5,480
80869.4;14,566;176;14,513;0,053;-14,460
80491.3;14,563;239;10,373;4,190;-6,183
80406.5;14,558;544;8,015;6,543;-1,472
80345.2;14,554;265;2,045;12,509;10,464
80269.0;14,544;159;0,484;14,060;13,576
80316.3;14,513;391;9,440;5,073;-4,367
80469.0;14,506;448;4,098;10,408;6,310
80633.6;14,500;173;7,241;7,259;0,018
80440.2;14,498;327;3,552;10,946;7,394
80388.8;14,492;336;10,247;4,245;-6,002
80461.4;14,483;322;11,890;2,593;-9,297
80388.5;14,478;268;7,058;7,420;0,362
80536.0;14,476;324;14,070;0,406;-13,664
80457.5;14,455;540;6,215;8,240;2,025
80395.1;14,442;445;12,751;1,691;-11,060
80227.3;14,434;111;3,895;10,539;6,644
80509.0;14,429;187;6,209;8,220;2,011
80321.1;14,417;464;7,701;6,716;-0,985
80298.4;14,385;280;7,357;7,028;-0,329
80457.9;14,376;427;11,862;2,514;-9,348
80466.6;14,362;434;13,247;1,115;-12,132
80364.1;14,359;414;6,234;8,125;1,891
80502.2;14,349;153;11,301;3,048;-8,253
80271.2;14,335;214;9,302;5,033;-4,269
80526.5;14,316;374;13,739;0,577;-13,162
80305.2;14,313;162;12,332;1,981;-10,351
80452.5;14,308;439;3,210;11,098;7,888
80918.0;14,294;79;14,283;0,011;-14,272
80226.2;14,286;280;14,028;0,258;-13,770
80486.8;14,281;207;12,196;2,085;-10,111
80312.4;14,277;201;9,716;4,561;-5,155
80358.0;14,270;527;11,478;2,792;-8,686
80332.5;14,269;407;0,652;13,617;12,965
80413.1;14,267;467;5,217;9,050;3,833
80527.9;14,266;239;2,788;11,478;8,690
80392.7;14,261;262;11,467;2,794;-8,673
80306.3;14,251;290;11,271;2,980;-8,291
80367.9;14,239;298;9,473;4,766;-4,707
80290.0;14,236;854;7,272;6,964;-0,308
80406.7;14,227;238;9,268;4,959;-4,309
80469.2;14,205;236;4,260;9,945;5,685
80310.6;14,189;315;7,349;6,840;-0,509
80578.2;14,173;191;4,496;9,677;5,181
80379.6;14,159;321;6,156;8,003;1,847
80303.1;14,156;331;7,652;6,504;-1,148
80301.8;14,153;395;10,906;3,247;-7,659
80433.8;14,140;469;3,884;10,256;6,372
80321.2;14,132;346;5,381;8,751;3,370
80447.0;14,131;239;1,703;12,428;10,725
80459.7;14,129;313;0,748;13,381;12,633
80207.3;14,126;142;0,259;13,867;13,608
80495.9;14,111;318;6,572;7,539;0,967
80323.9;14,106;320;12,825;1,281;-11,544
80686.8;14,101;69;0,065;14,036;13,971
80256.0;14,100;325;11,090;3,010;-8,080
80307.1;14,072;328;6,064;8,008;1,944
80498.6;14,037;177;1,156;12,881;11,725
80317.1;14,034;394;12,414;1,620;-10,794
80422.6;14,025;392;6,066;7,959;1,893
80371.8;14,016;320;5,835;8,181;2,346
80950.0;14,001;189;13,461;0,540;-12,921
80603.3;13,994;147;13,026;0,968;-12,058
80503.8;13,992;293;8,548;5,444;-3,104
80314.6;13,973;316;8,155;5,818;-2,337
80394.7;13,967;251;8,340;5,627;-2,713
80404.6;13,960;363;7,622;6,338;-1,284
80202.4;13,959;172;0,022;13,937;13,915
80317.8;13,936;320;8,744;5,192;-3,552
80271.6;13,908;234;0,652;13,256;12,604
80570.8;13,901;230;0,706;13,195;12,489
81112.8;13,893;143;11,616;2,277;-9,339
80453.6;13,868;293;3,279;10,589;7,310
80446.1;13,837;330;9,731;4,106;-5,625
81026.1;13,833;162;13,061;0,772;-12,289
81265.0;13,831;237;10,860;2,971;-7,889
80919.9;13,818;231;13,811;0,007;-13,804
80295.0;13,815;410;5,179;8,636;3,457
80227.8;13,812;520;0,022;13,790;13,768
80619.8;13,806;161;0,003;13,803;13,800
80159.3;13,804;153;7,524;6,280;-1,244
81224.8;13,793;199;12,861;0,932;-11,929
80468.7;13,792;340;0,863;12,929;12,066
80445.7;13,785;442;11,917;1,868;-10,049
80550.3;13,783;299;0,887;12,896;12,009
80406.6;13,778;482;4,731;9,047;4,316
80319.6;13,762;379;1,449;12,313;10,864
80516.6;13,757;180;10,739;3,018;-7,721
80364.3;13,742;445;11,860;1,882;-9,978
80233.0;13,727;179;12,987;0,740;-12,247
80315.6;13,726;428;9,618;4,108;-5,510
80405.9;13,719;203;7,341;6,378;-0,963
80368.1;13,713;397;1,820;11,893;10,073
80623.3;13,703;95;0,015;13,688;13,673
80125.9;13,702;88;0,003;13,699;13,696
81200.0;13,684;460;4,745;8,939;4,194
80434.4;13,664;319;1,565;12,099;10,534
80298.7;13,661;372;3,882;9,779;5,897
80368.2;13,646;304;11,287;2,359;-8,928
80290.5;13,634;183;9,513;4,121;-5,392
80375.6;13,633;334;6,451;7,182;0,731
80590.2;13,624;176;2,627;10,997;8,370
80464.6;13,622;367;10,743;2,879;-7,864
80496.0;13,608;486;3,431;10,177;6,746
80494.9;13,604;261;8,905;4,699;-4,206
80383.6;13,601;491;9,476;4,125;-5,351
80457.0;13,595;429;1,661;11,934;10,273
80340.2;13,586;201;4,782;8,804;4,022
80316.5;13,566;375;8,541;5,025;-3,516
80389.0;13,565;221;5,856;7,709;1,853
80351.2;13,555;459;4,073;9,482;5,409
80480.2;13,551;257;4,866;8,685;3,819
80325.6;13,517;298;5,397;8,120;2,723
80285.3;13,508;199;7,159;6,349;-0,810
80336.1;13,502;321;8,523;4,979;-3,544
80275.4;13,501;237;13,043;0,458;-12,585
80297.0;13,487;216;9,376;4,111;-5,265
80216.0;13,479;507;10,937;2,542;-8,395
80458.1;13,473;325;1,616;11,857;10,241
80299.4;13,468;390;3,873;9,595;5,722
80313.6;13,466;212;11,641;1,825;-9,816
80426.2;13,461;241;8,481;4,980;-3,501
80498.5;13,456;198;2,110;11,346;9,236
80419.8;13,455;382;5,158;8,297;3,139
81275.9;13,453;134;4,671;8,782;4,111
80271.9;13,449;199;7,276;6,173;-1,103
80890.0;13,445;190;7,233;6,212;-1,021
80493.5;13,441;231;11,354;2,087;-9,267
80721.7;13,438;105;13,438;0,000;-13,438
80472.1;13,437;277;2,129;11,308;9,179
80384.3;13,428;321;7,804;5,624;-2,180
80302.2;13,413;173;9,621;3,792;-5,829
81088.7;13,409;120;9,074;4,335;-4,739
80420.7;13,402;372;8,044;5,358;-2,686
80350.6;13,383;217;11,212;2,171;-9,041
80453.9;13,379;263;3,706;9,673;5,967
80342.4;13,371;343;4,249;9,122;4,873
80440.8;13,364;284;10,464;2,900;-7,564
80283.1;13,359;268;8,340;5,019;-3,321
80460.9;13,329;503;12,064;1,265;-10,799
80104.6;13,327;150;6,899;6,428;-0,471
81190.8;13,326;152;3,071;10,255;7,184
80962.6;13,323;243;0,011;13,312;13,301
80351.0;13,321;213;12,376;0,945;-11,431
80267.2;13,317;237;12,271;1,046;-11,225
80379.8;13,288;357;7,900;5,388;-2,512
80355.2;13,276;393;10,623;2,653;-7,970
80583.4;13,273;155;5,447;7,826;2,379
80342.5;13,271;404;4,758;8,513;3,755
80556.9;13,263;288;12,369;0,894;-11,475
80318.0;13,262;486;2,813;10,449;7,636
80479.8;13,259;433;10,536;2,723;-7,813
80415.5;13,250;329;10,518;2,732;-7,786
80286.9;13,225;395;3,205;10,020;6,815
80387.2;13,219;345;5,186;8,033;2,847
80584.0;13,205;250;8,328;4,877;-3,451
80324.4;13,190;308;7,601;5,589;-2,012
80509.2;13,174;252;1,982;11,192;9,210
80207.6;13,168;74;0,015;13,153;13,138
80477.8;13,167;333;5,250;7,917;2,667
80276.9;13,160;369;6,580;6,580;0,000
80298.9;13,150;289;8,867;4,283;-4,584
80548.2;13,145;227;0,777;12,368;11,591
80307.6;13,134;286;3,472;9,662;6,190
80508.9;13,131;113;8,987;4,144;-4,843
80907.9;13,130;213;10,762;2,368;-8,394
80498.4;13,129;246;9,946;3,183;-6,763
80380.8;13,113;140;11,043;2,070;-8,973
80580.1;13,092;329;2,123;10,969;8,846
80480.4;13,077;292;6,783;6,294;-0,489
80425.3;13,072;166;1,285;11,787;10,502
80340.9;13,066;205;2,599;10,467;7,868
80299.5;13,060;305;0,761;12,299;11,538
80296.2;13,056;328;2,455;10,601;8,146
80307.2;13,053;275;6,250;6,803;0,553
80387.4;13,052;268;10,094;2,958;-7,136
80339.8;13,051;212;1,559;11,492;9,933
80286.4;13,043;350;4,849;8,194;3,345
80656.8;13,028;138;12,999;0,029;-12,970
80466.9;13,006;284;5,739;7,267;1,528
80601.6;12,967;167;5,953;7,014;1,061
80287.1;12,966;331;3,427;9,539;6,112
80376.9;12,956;240;12,155;0,801;-11,354
80316.1;12,945;292;4,520;8,425;3,905
80470.8;12,936;305;8,729;4,207;-4,522
80249.3;12,931;251;0,898;12,033;11,135
80407.3;12,930;322;5,708;7,222;1,514
80370.4;12,922;246;1,778;11,144;9,366
80341.7;12,920;262;5,725;7,195;1,470
80359.8;12,918;398;6,672;6,246;-0,426
80503.9;12,907;173;6,354;6,553;0,199
80240.0;12,902;509;10,533;2,369;-8,164
80427.4;12,893;267;5,393;7,500;2,107
80503.7;12,887;235;7,433;5,454;-1,979
80378.4;12,876;314;4,635;8,241;3,606
80604.0;12,875;88;8,371;4,504;-3,867
80829.0;12,871;166;12,869;0,002;-12,867
80408.9;12,870;268;3,447;9,423;5,976
80378.7;12,869;297;10,316;2,553;-7,763
80331.7;12,856;258;5,291;7,565;2,274
81080.8;12,847;126;12,655;0,192;-12,463
80359.0;12,844;295;5,032;7,812;2,780
80519.6;12,834;192;7,669;5,165;-2,504
80313.3;12,833;328;9,497;3,336;-6,161
80378.8;12,832;484;5,102;7,730;2,628
80445.6;12,823;337;8,621;4,202;-4,419
80410.5;12,816;283;4,611;8,205;3,594
80332.7;12,808;316;7,908;4,900;-3,008
80365.8;12,802;412;6,148;6,654;0,506
80281.8;12,797;227;6,572;6,225;-0,347
80421.2;12,784;275;8,231;4,553;-3,678
80394.9;12,780;320;7,855;4,925;-2,930
80353.7;12,770;386;6,601;6,169;-0,432
80574.7;12,766;167;1,661;11,105;9,444
80424.3;12,759;244;6,351;6,408;0,057
80350.7;12,753;213;8,734;4,019;-4,715
80258.0;12,751;192;12,497;0,254;-12,243
80265.2;12,744;185;8,930;3,814;-5,116
80381.6;12,736;272;1,043;11,693;10,650
80340.4;12,734;381;10,005;2,729;-7,276
80442.2;12,733;382;1,045;11,688;10,643
80585.6;12,722;70;12,532;0,190;-12,342
80332.8;12,718;347;3,060;9,658;6,598
80335.2;12,716;331;8,443;4,273;-4,170
80291.9;12,699;254;6,670;6,029;-0,641
80550.1;12,691;195;0,169;12,522;12,353
80433.2;12,687;261;2,295;10,392;8,097
81070.1;12,683;151;0,164;12,519;12,355
80294.0;12,675;273;0,962;11,713;10,751
80581.4;12,664;208;3,150;9,514;6,364
81067.2;12,645;221;1,026;11,619;10,593
80585.1;12,634;191;6,635;5,999;-0,636
80408.8;12,609;322;5,007;7,602;2,595
80472.3;12,599;199;9,086;3,513;-5,573
80295.7;12,584;182;7,996;4,588;-3,408
80270.6;12,581;253;0,322;12,259;11,937
80222.5;12,575;296;0,445;12,130;11,685
80297.1;12,574;255;2,914;9,660;6,746
80217.9;12,571;94;12,447;0,124;-12,323
80488.6;12,569;252;0,423;12,146;11,723
80271.8;12,565;161;0,395;12,170;11,775
80454.3;12,560;452;6,712;5,848;-0,864
80437.3;12,546;231;11,735;0,811;-10,924
80404.9;12,519;298;4,470;8,049;3,579
80471.3;12,508;230;9,412;3,096;-6,316
80364.2;12,507;276;0,934;11,573;10,639
80405.7;12,502;207;6,775;5,727;-1,048
80884.0;12,491;197;12,355;0,136;-12,219
80446.7;12,485;341;1,081;11,404;10,323
80458.2;12,477;349;6,334;6,143;-0,191
81068.1;12,475;104;1,165;11,310;10,145
80367.1;12,459;335;9,879;2,580;-7,299
80361.1;12,458;445;1,876;10,582;8,706
81136.2;12,436;134;10,842;1,594;-9,248
80308.1;12,434;254;3,901;8,533;4,632
80456.3;12,433;292;6,534;5,899;-0,635
80501.8;12,430;97;10,171;2,259;-7,912
80341.0;12,427;324;8,044;4,383;-3,661
80448.2;12,425;300;6,099;6,326;0,227
81179.8;12,420;449;0,003;12,417;12,414
80287.9;12,419;260;11,033;1,386;-9,647
80464.0;12,417;886;7,110;5,307;-1,803
80826.3;12,416;192;12,411;0,005;-12,406
80262.6;12,411;248;0,067;12,344;12,277
80273.7;12,400;297;0,410;11,990;11,580
80485.2;12,399;222;9,543;2,856;-6,687
80560.4;12,397;129;4,371;8,026;3,655
80266.3;12,367;324;9,273;3,094;-6,179
80416.3;12,348;387;6,955;5,393;-1,562
80306.4;12,347;305;9,020;3,327;-5,693
80423.1;12,335;251;1,527;10,808;9,281
80308.2;12,328;325;8,974;3,354;-5,620
80445.8;12,327;400;3,028;9,299;6,271
80366.0;12,320;448;4,569;7,751;3,182
80259.9;12,314;255;5,308;7,006;1,698
80444.3;12,307;362;2,516;9,791;7,275
80344.7;12,301;145;10,642;1,659;-8,983
80432.8;12,300;360;5,769;6,531;0,762
80273.3;12,296;153;9,033;3,263;-5,770
80536.6;12,293;211;11,434;0,859;-10,575
80394.4;12,272;168;7,666;4,606;-3,060
80382.8;12,271;403;6,692;5,579;-1,113
80365.1;12,270;286;4,522;7,748;3,226
80317.3;12,267;182;10,750;1,517;-9,233
80346.6;12,261;285;7,460;4,801;-2,659
80330.6;12,254;370;6,959;5,295;-1,664
80375.8;12,242;230;5,656;6,586;0,930
80481.1;12,226;311;2,699;9,527;6,828
80365.2;12,222;373;7,540;4,682;-2,858
80258.1;12,210;125;2,689;9,521;6,832
80477.7;12,208;329;7,908;4,300;-3,608
80308.0;12,205;510;9,454;2,751;-6,703
80396.5;12,203;123;8,613;3,590;-5,023
80534.1;12,198;194;7,488;4,710;-2,778
80309.7;12,188;316;3,708;8,480;4,772
81080.4;12,187;340;0,014;12,173;12,159
80323.4;12,182;299;2,153;10,029;7,876
80390.3;12,181;313;0,467;11,714;11,247
81294.7;12,175;277;12,112;0,063;-12,049
80465.3;12,172;432;2,269;9,903;7,634
80434.1;12,171;221;10,771;1,400;-9,371
80420.4;12,169;360;3,315;8,854;5,539
80145.8;12,166;133;3,126;9,040;5,914
80418.8;12,165;244;7,807;4,358;-3,449
80343.5;12,164;350;8,903;3,261;-5,642
81260.9;12,160;105;12,145;0,015;-12,130
80463.5;12,151;365;9,070;3,081;-5,989
80268.6;12,126;219;3,229;8,897;5,668
80365.6;12,125;240;1,747;10,378;8,631
80312.2;12,122;264;3,516;8,606;5,090
80374.6;12,117;153;11,537;0,580;-10,957
80351.7;12,092;301;4,514;7,578;3,064
81227.6;12,087;163;0,061;12,026;11,965
80312.7;12,082;265;9,237;2,845;-6,392
80960.0;12,077;194;8,934;3,143;-5,791
80700.0;12,064;197;11,998;0,066;-11,932
80314.1;12,049;494;2,818;9,231;6,413
80396.1;12,048;336;2,828;9,220;6,392
80274.5;12,043;387;7,110;4,933;-2,177
80384.5;12,034;221;1,435;10,599;9,164
80390.5;12,033;296;2,238;9,795;7,557
80315.5;12,011;154;3,925;8,086;4,161
80574.1;12,007;166;6,760;5,247;-1,513
80125.8;12,005;258;2,799;9,206;6,407
80470.6;11,997;342;10,544;1,453;-9,091
80324.3;11,993;313;5,040;6,953;1,913
80414.8;11,990;362;9,460;2,530;-6,930
80309.1;11,978;248;2,572;9,406;6,834
80855.5;11,962;115;10,987;0,975;-10,012
80373.9;11,960;197;5,225;6,735;1,510
80373.6;11,950;497;9,054;2,896;-6,158
80482.6;11,948;305;3,889;8,059;4,170
80894.9;11,939;106;11,813;0,126;-11,687
80386.0;11,932;430;8,635;3,297;-5,338
80554.7;11,929;128;11,904;0,025;-11,879
80333.7;11,926;381;11,041;0,885;-10,156
80358.9;11,925;265;3,324;8,601;5,277
80427.0;11,923;252;4,895;7,028;2,133
80280.2;11,918;149;9,242;2,676;-6,566
80271.3;11,917;247;3,652;8,265;4,613
80476.4;11,897;323;2,979;8,918;5,939
80360.4;11,892;155;3,135;8,757;5,622
80343.4;11,891;346;2,881;9,010;6,129
80407.4;11,889;210;4,473;7,416;2,943
81077.0;11,884;163;1,455;10,429;8,974
80391.6;11,877;250;2,706;9,171;6,465
80360.6;11,876;197;8,363;3,513;-4,850
80417.3;11,867;280;3,796;8,071;4,275
80451.9;11,864;317;5,370;6,494;1,124
80472.2;11,857;346;1,147;10,710;9,563
81039.9;11,856;207;0,491;11,365;10,874
80311.4;11,845;280;7,430;4,415;-3,015
81040.4;11,839;75;0,265;11,574;11,309
80369.9;11,833;451;3,517;8,316;4,799
80221.0;11,823;156;10,613;1,210;-9,403
80413.2;11,817;442;2,035;9,782;7,747
80291.5;11,792;185;0,559;11,233;10,674
80577.2;11,768;157;5,490;6,278;0,788
80272.0;11,767;399;6,980;4,787;-2,193
80486.1;11,762;165;11,285;0,477;-10,808
80493.6;11,760;311;4,176;7,584;3,408
80256.1;11,755;326;5,146;6,609;1,463
80437.5;11,754;472;5,334;6,420;1,086
80311.2;11,749;231;4,183;7,566;3,383
80482.0;11,730;469;0,840;10,890;10,050
80507.1;11,729;326;10,458;1,271;-9,187
80479.7;11,721;433;4,702;7,019;2,317
81190.9;11,718;149;10,642;1,076;-9,566
80440.9;11,712;281;0,910;10,802;9,892
80210.1;11,700;302;0,376;11,324;10,948
80474.0;11,696;371;5,692;6,004;0,312
80489.9;11,691;367;8,026;3,665;-4,361
80377.4;11,690;219;2,305;9,385;7,080
80557.0;11,684;253;0,066;11,618;11,552
80275.5;11,679;304;4,780;6,899;2,119
81240.0;11,650;553;11,380;0,270;-11,110
80393.3;11,647;237;5,444;6,203;0,759
80252.2;11,643;182;10,919;0,724;-10,195
80427.6;11,636;456;5,908;5,728;-0,180
80442.5;11,625;508;9,901;1,724;-8,177
80391.7;11,621;161;6,128;5,493;-0,635
80354.3;11,618;274;9,225;2,393;-6,832
80535.3;11,616;143;0,284;11,332;11,048
80498.2;11,612;178;9,171;2,441;-6,730
80444.7;11,606;195;1,685;9,921;8,236
80456.5;11,596;422;7,803;3,793;-4,010
80210.5;11,590;178;10,305;1,285;-9,020
80482.1;11,589;230;7,840;3,749;-4,091
80504.4;11,583;140;0,446;11,137;10,691
80640.0;11,574;169;1,648;9,926;8,278
80349.8;11,566;510;3,463;8,103;4,640
80494.7;11,564;256;2,243;9,321;7,078
80836.4;11,560;98;11,559;0,001;-11,558
80492.4;11,553;137;1,599;9,954;8,355
80309.6;11,548;382;2,734;8,814;6,080
80367.0;11,500;296;4,440;7,060;2,620
80465.5;11,493;278;6,638;4,855;-1,783
80522.7;11,491;166;8,071;3,420;-4,651
80372.7;11,478;322;11,342;0,136;-11,206
80146.4;11,476;131;0,283;11,193;10,910
80330.8;11,474;255;9,846;1,628;-8,218
80422.1;11,473;299;4,771;6,702;1,931
80353.0;11,468;280;5,887;5,581;-0,306
81208.0;11,461;126;3,484;7,977;4,493
81071.1;11,447;137;2,010;9,437;7,427
80251.2;11,442;105;11,292;0,150;-11,142
80448.5;11,439;415;6,599;4,840;-1,759
80275.0;11,438;319;8,619;2,819;-5,800
80395.5;11,433;295;0,822;10,611;9,789
80397.1;11,431;289;2,761;8,670;5,909
80579.9;11,429;191;11,009;0,420;-10,589
80423.2;11,428;345;7,820;3,608;-4,212
80370.8;11,422;333;1,851;9,571;7,720
80408.3;11,412;212;4,567;6,845;2,278
80468.2;11,404;263;3,898;7,506;3,608
80673.8;11,399;62;11,395;0,004;-11,391
80488.3;11,397;215;8,005;3,392;-4,613
80426.5;11,393;219;5,997;5,396;-0,601
80238.2;11,385;134;0,796;10,589;9,793
80520.4;11,382;198;8,584;2,798;-5,786
80443.7;11,367;276;6,534;4,833;-1,701
81286.9;11,350;156;8,194;3,156;-5,038
80212.3;11,342;164;0,157;11,185;11,028
80359.1;11,340;260;7,444;3,896;-3,548
80316.6;11,332;295;1,719;9,613;7,894
80309.3;11,331;271;6,258;5,073;-1,185
80666.0;11,318;77;9,535;1,783;-7,752
80320.3;11,317;340;4,565;6,752;2,187
80520.5;11,316;125;2,370;8,946;6,576
80362.6;11,314;316;0,597;10,717;10,120
80482.9;11,309;216;4,875;6,434;1,559
80432.3;11,307;242;5,103;6,204;1,101
80552.9;11,302;90;0,456;10,846;10,390
80315.2;11,281;438;2,990;8,291;5,301
80473.1;11,279;284;9,539;1,740;-7,799
80428.4;11,272;324;9,181;2,091;-7,090
80326.9;11,262;392;10,863;0,399;-10,464
80127.9;11,260;60;11,121;0,139;-10,982
80436.7;11,259;365;1,727;9,532;7,805
80500.8;11,253;198;1,128;10,125;8,997
80415.7;11,247;319;4,144;7,103;2,959
80537.4;11,246;160;9,478;1,768;-7,710
80342.8;11,243;258;5,492;5,751;0,259
80486.6;11,238;351;6,816;4,422;-2,394
80443.4;11,231;380;4,355;6,876;2,521
80321.4;11,224;380;0,993;10,231;9,238
80538.0;11,221;231;9,207;2,014;-7,193
81286.3;11,220;115;0,081;11,139;11,058
80307.7;11,218;388;10,545;0,673;-9,872
80331.6;11,212;557;5,855;5,357;-0,498
80303.5;11,194;370;6,540;4,654;-1,886
80372.0;11,191;538;5,434;5,757;0,323
80298.0;11,184;291;4,331;6,853;2,522
80310.2;11,182;435;0,738;10,444;9,706
80244.9;11,155;143;2,330;8,825;6,495
80226.0;11,146;218;6,680;4,466;-2,214
80281.0;11,144;145;10,385;0,759;-9,626
80199.6;11,142;91;9,066;2,076;-6,990
80392.2;11,141;455;2,963;8,178;5,215
80358.4;11,138;284;1,285;9,853;8,568
80344.9;11,108;296;6,762;4,346;-2,416
80305.4;11,107;151;4,183;6,924;2,741
81133.0;11,105;121;10,802;0,303;-10,499
80188.0;11,104;166;5,721;5,383;-0,338
80341.6;11,100;207;8,350;2,750;-5,600
80428.1;11,093;365;2,519;8,574;6,055
80204.1;11,090;79;11,057;0,033;-11,024
80577.3;11,085;127;0,113;10,972;10,859
80222.4;11,081;266;10,844;0,237;-10,607
80463.7;11,073;353;9,838;1,235;-8,603
80351.6;11,067;183;6,924;4,143;-2,781
80335.9;11,062;207;5,924;5,138;-0,786
80549.6;11,061;161;1,870;9,191;7,321
80480.3;11,060;245;4,507;6,553;2,046
80435.7;11,059;330;7,157;3,902;-3,255
80433.9;11,053;254;3,038;8,015;4,977
80309.8;11,051;325;6,098;4,953;-1,145
81057.6;11,047;143;1,874;9,173;7,299
80268.0;11,044;268;5,220;5,824;0,604
80888.0;11,043;69;3,682;7,361;3,679
80561.1;11,039;53;10,819;0,220;-10,599
80398.4;11,030;196;4,161;6,869;2,708
80416.7;11,019;341;3,032;7,987;4,955
80598.0;11,011;102;1,696;9,315;7,619
80581.2;11,008;86;10,155;0,853;-9,302
80234.2;10,985;200;0,206;10,779;10,573
80287.7;10,984;208;10,476;0,508;-9,968
80295.1;10,976;257;2,968;8,008;5,040
80267.0;10,967;372;8,528;2,439;-6,089
80459.3;10,956;363;6,023;4,933;-1,090
81036.9;10,946;278;10,722;0,224;-10,498
80441.9;10,945;432;6,157;4,788;-1,369
80364.4;10,944;357;2,032;8,912;6,880
80325.9;10,943;331;8,652;2,291;-6,361
80435.8;10,937;368;1,404;9,533;8,129
80471.8;10,926;308;7,908;3,018;-4,890
80605.2;10,925;121;5,012;5,913;0,901
80457.3;10,912;443;7,050;3,862;-3,188
80475.7;10,897;365;5,794;5,103;-0,691
80452.6;10,881;303;5,331;5,550;0,219
80308.5;10,876;197;8,398;2,478;-5,920
80845.1;10,867;85;0,005;10,862;10,857
80363.1;10,863;418;4,740;6,123;1,383
80490.5;10,844;205;3,850;6,994;3,144
80339.0;10,840;201;2,012;8,828;6,816
80342.0;10,838;368;6,029;4,809;-1,220
80195.9;10,835;140;9,181;1,654;-7,527
80315.9;10,814;446;7,829;2,985;-4,844
81111.1;10,792;143;0,030;10,762;10,732
80416.9;10,789;376;0,498;10,291;9,793
80281.5;10,772;267;5,582;5,190;-0,392
80619.6;10,769;85;9,696;1,073;-8,623
80946.9;10,766;137;2,008;8,758;6,750
81238.1;10,753;240;1,060;9,693;8,633
80416.2;10,744;421;4,089;6,655;2,566
80488.5;10,739;283;9,782;0,957;-8,825
80444.6;10,736;125;8,760;1,976;-6,784
80331.4;10,727;204;2,940;7,787;4,847
80527.8;10,721;170;8,638;2,083;-6,555
80439.7;10,716;379;8,166;2,550;-5,616
80911.1;10,713;185;0,482;10,231;9,749
80377.2;10,708;212;7,897;2,811;-5,086
80401.0;10,687;198;9,614;1,073;-8,541
80481.6;10,685;314;3,814;6,871;3,057
80290.2;10,682;297;0,789;9,893;9,104
80436.1;10,671;324;3,809;6,862;3,053
80390.2;10,670;192;9,366;1,304;-8,062
80406.9;10,668;234;3,827;6,841;3,014
80594.0;10,665;131;7,985;2,680;-5,305
80385.9;10,656;227;9,935;0,721;-9,214
81061.0;10,650;222;0,686;9,964;9,278
80342.6;10,632;218;2,229;8,403;6,174
80463.9;10,630;291;5,192;5,438;0,246
81041.9;10,620;221;7,158;3,462;-3,696
80597.6;10,603;183;5,637;4,966;-0,671
80255.3;10,602;245;0,789;9,813;9,024
80415.3;10,596;192;8,659;1,937;-6,722
80284.9;10,591;238;5,103;5,488;0,385
80652.0;10,589;54;10,362;0,227;-10,135
80896.2;10,586;70;10,525;0,061;-10,464
81175.1;10,583;133;10,580;0,003;-10,577
80386.8;10,579;190;0,095;10,484;10,389
80508.0;10,567;327;1,880;8,687;6,807
80370.5;10,565;295;2,613;7,952;5,339
80374.2;10,554;313;4,066;6,488;2,422
80405.3;10,552;421;1,814;8,738;6,924
80190.9;10,546;131;9,389;1,157;-8,232
80335.8;10,529;229;5,619;4,910;-0,709
80423.5;10,525;322;7,901;2,624;-5,277
80474.2;10,514;201;7,599;2,915;-4,684
80536.9;10,510;171;0,882;9,628;8,746
80909.6;10,504;219;10,051;0,453;-9,598
80251.0;10,503;121;10,480;0,023;-10,457
80449.2;10,492;211;5,432;5,060;-0,372
80496.2;10,488;116;0,472;10,016;9,544
80408.0;10,481;572;4,621;5,860;1,239
80509.3;10,474;223;4,324;6,150;1,826
80302.5;10,473;452;2,457;8,016;5,559
81177.0;10,472;67;10,446;0,026;-10,420
80485.4;10,466;227;3,062;7,404;4,342
80514.3;10,458;191;7,103;3,355;-3,748
80387.9;10,438;295;6,449;3,989;-2,460
80370.7;10,426;206;9,030;1,396;-7,634
80534.0;10,425;185;10,283;0,142;-10,141
80242.9;10,392;98;0,443;9,949;9,506
80947.6;10,389;74;10,199;0,190;-10,009
80296.8;10,388;252;5,589;4,799;-0,790
80347.7;10,384;500;4,808;5,576;0,768
81249.9;10,376;250;10,371;0,005;-10,366
80322.1;10,350;386;2,932;7,418;4,486
81270.5;10,340;89;6,969;3,371;-3,598
80462.1;10,330;385;1,242;9,088;7,846
80143.2;10,325;59;0,003;10,322;10,319
81148.0;10,324;103;0,009;10,315;10,306
80492.8;10,322;288;1,867;8,455;6,588
81240.1;10,315;173;4,336;5,979;1,643
80478.0;10,311;392;6,321;3,990;-2,331
80463.4;10,298;232;3,149;7,149;4,000
80385.8;10,297;180;1,121;9,176;8,055
80534.2;10,294;154;0,630;9,664;9,034
80446.6;10,293;315;8,165;2,128;-6,037
80412.6;10,292;245;5,102;5,190;0,088
80314.8;10,291;302;1,857;8,434;6,577
80916.4;10,288;153;10,282;0,006;-10,276
80463.0;10,285;351;2,637;7,648;5,011
80592.1;10,284;118;9,138;1,146;-7,992
80462.4;10,277;341;0,849;9,428;8,579
80272.8;10,276;257;4,052;6,224;2,172
80487.4;10,269;237;2,021;8,248;6,227
80606.2;10,267;148;4,273;5,994;1,721
80356.2;10,264;265;8,115;2,149;-5,966
80368.4;10,254;163;2,328;7,926;5,598
81065.7;10,238;108;10,228;0,010;-10,218
80282.1;10,231;174;9,330;0,901;-8,429
80379.5;10,229;267;3,587;6,642;3,055
80363.4;10,228;265;4,341;5,887;1,546
80451.5;10,225;254;2,128;8,097;5,969
80324.5;10,211;369;5,843;4,368;-1,475
80362.7;10,204;142;0,258;9,946;9,688
80354.0;10,196;462;7,859;2,337;-5,522
80324.8;10,190;332;6,623;3,567;-3,056
81099.6;10,189;122;0,222;9,967;9,745
80331.5;10,185;288;8,264;1,921;-6,343
80493.9;10,184;146;1,357;8,827;7,470
80501.0;10,179;308;1,007;9,172;8,165
80392.3;10,171;199;4,649;5,522;0,873
80226.3;10,160;242;5,264;4,896;-0,368
80619.2;10,153;57;10,086;0,067;-10,019
80435.9;10,151;293;1,790;8,361;6,571
80259.1;10,144;144;1,805;8,339;6,534
80899.0;10,142;7;10,138;0,004;-10,134
80388.1;10,134;241;3,463;6,671;3,208
80568.0;10,131;132;2,784;7,347;4,563
80238.8;10,128;200;9,878;0,250;-9,628
80287.8;10,127;286;2,462;7,665;5,203
80499.3;10,121;209;0,427;9,694;9,267
80251.5;10,113;119;9,946;0,167;-9,779
80562.5;10,111;135;1,491;8,620;7,129
80493.7;10,101;137;2,388;7,713;5,325
80270.3;10,099;210;2,741;7,358;4,617
80382.0;10,098;438;2,314;7,784;5,470
81046.5;10,096;94;10,093;0,003;-10,090
80543.1;10,093;150;8,783;1,310;-7,473
80354.4;10,091;313;7,142;2,949;-4,193
81274.5;10,084;148;0,030;10,054;10,024
80347.8;10,082;233;0,860;9,222;8,362
80354.8;10,081;290;6,987;3,094;-3,893
80214.5;10,080;278;7,984;2,096;-5,888
80383.1;10,068;363;2,112;7,956;5,844
80441.7;10,059;260;1,390;8,669;7,279
80222.9;10,054;222;9,256;0,798;-8,458
80288.3;10,051;212;0,481;9,570;9,089
80532.3;10,050;157;0,126;9,924;9,798
80541.8;10,045;96;9,564;0,481;-9,083
81237.4;10,044;124;8,976;1,068;-7,908
80292.8;10,040;210;8,506;1,534;-6,972
80222.8;10,029;122;4,845;5,184;0,339
80259.7;10,024;181;7,023;3,001;-4,022
80348.5;10,023;277;5,276;4,747;-0,529
80427.9;10,021;354;6,526;3,495;-3,031
81272.5;10,018;78;0,023;9,995;9,972
80479.6;9,996;243;7,787;2,209;-5,578
80302.4;9,982;214;6,849;3,133;-3,716
80346.5;9,980;427;1,451;8,529;7,078
80540.0;9,972;270;5,483;4,489;-0,994
80476.6;9,970;215;6,693;3,277;-3,416
80358.3;9,968;218;2,286;7,682;5,396
80199.9;9,960;126;9,474;0,486;-8,988
80464.2;9,959;338;4,081;5,878;1,797
81237.5;9,957;309;6,933;3,024;-3,909
80512.0;9,954;254;4,166;5,788;1,622
80456.6;9,952;381;4,916;5,036;0,120
80421.4;9,949;203;0,185;9,764;9,579
80474.1;9,947;326;3,112;6,835;3,723
80455.5;9,942;204;1,978;7,964;5,986
81065.5;9,940;152;0,497;9,443;8,946
80372.1;9,921;285;6,719;3,202;-3,517
80456.8;9,914;310;0,844;9,070;8,226
80399.5;9,910;151;9,508;0,402;-9,106
80382.1;9,903;223;0,473;9,430;8,957
80227.0;9,900;292;9,870;0,030;-9,840
80273.8;9,899;221;8,400;1,499;-6,901
81095.2;9,896;127;4,767;5,129;0,362
80353.1;9,891;190;4,589;5,302;0,713
80461.1;9,887;450;3,610;6,277;2,667
80284.1;9,885;316;7,097;2,788;-4,309
80404.1;9,884;356;6,438;3,446;-2,992
80207.5;9,883;159;4,100;5,783;1,683
81080.3;9,882;244;7,952;1,930;-6,022
80285.4;9,881;260;8,527;1,354;-7,173
80493.1;9,870;221;0,921;8,949;8,028
80477.2;9,865;282;2,115;7,750;5,635
80326.7;9,862;351;7,594;2,268;-5,326
80438.9;9,861;430;1,373;8,488;7,115
80593.3;9,860;63;7,346;2,514;-4,832
81227.4;9,859;256;4,707;5,152;0,445
80335.7;9,856;239;5,784;4,072;-1,712
80310.8;9,847;347;3,066;6,781;3,715
80306.2;9,844;235;7,857;1,987;-5,870
80518.7;9,839;130;9,459;0,380;-9,079
80915.6;9,830;129;3,655;6,175;2,520
80188.2;9,829;109;6,312;3,517;-2,795
80389.8;9,823;164;3,192;6,631;3,439
80390.4;9,822;246;8,026;1,796;-6,230
80327.1;9,821;226;1,823;7,998;6,175
81034.9;9,816;119;8,899;0,917;-7,982
80378.3;9,813;262;4,653;5,160;0,507
80475.4;9,812;302;8,007;1,805;-6,202
80613.4;9,805;20;5,114;4,691;-0,423
80382.6;9,801;295;6,579;3,222;-3,357
80455.2;9,784;323;4,378;5,406;1,028
80703.9;9,778;59;0,000;9,778;9,778
80437.9;9,768;286;6,713;3,055;-3,658
80417.7;9,766;223;8,331;1,435;-6,896
80252.0;9,765;225;7,016;2,749;-4,267
80337.7;9,763;187;5,365;4,398;-0,967
80473.4;9,758;238;0,926;8,832;7,906
81090.5;9,752;155;0,263;9,489;9,226
81111.8;9,750;124;0,050;9,700;9,650
80332.9;9,742;304;2,974;6,768;3,794
80214.9;9,738;125;4,405;5,333;0,928
80261.7;9,736;167;1,316;8,420;7,104
80485.8;9,723;289;5,018;4,705;-0,313
80173.9;9,712;122;6,443;3,269;-3,174
80434.6;9,710;517;3,968;5,742;1,774
80507.2;9,709;167;0,236;9,473;9,237
81053.8;9,705;153;9,588;0,117;-9,471
80209.9;9,700;93;9,681;0,019;-9,662
80387.1;9,687;323;8,208;1,479;-6,729
80402.2;9,685;159;2,816;6,869;4,053
80465.4;9,684;284;7,916;1,768;-6,148
80323.7;9,683;324;5,658;4,025;-1,633
80409.6;9,679;185;5,110;4,569;-0,541
80410.8;9,663;237;2,798;6,865;4,067
80500.9;9,662;241;6,986;2,676;-4,310
80298.1;9,660;250;4,820;4,840;0,020
80531.2;9,657;105;0,338;9,319;8,981
81175.8;9,644;102;2,053;7,591;5,538
80220.1;9,640;144;3,357;6,283;2,926
81051.7;9,638;120;9,625;0,013;-9,612
80125.7;9,634;150;9,588;0,046;-9,542
80500.3;9,631;131;2,146;7,485;5,339
80483.6;9,626;194;8,805;0,821;-7,984
80561.7;9,623;130;8,223;1,400;-6,823
80850.0;9,619;136;7,368;2,251;-5,117
80581.0;9,612;116;5,312;4,300;-1,012
81068.0;9,611;228;4,558;5,053;0,495
80422.0;9,607;428;7,193;2,414;-4,779
80446.9;9,605;235;3,977;5,628;1,651
80348.4;9,604;238;0,391;9,213;8,822
80428.7;9,599;160;5,128;4,471;-0,657
80313.4;9,598;366;3,420;6,178;2,758
80368.3;9,587;370;2,913;6,674;3,761
80887.7;9,579;74;9,575;0,004;-9,571
80422.7;9,574;197;4,313;5,261;0,948
80226.1;9,573;211;3,712;5,861;2,149
80317.2;9,569;354;1,049;8,520;7,471
80470.9;9,553;262;7,136;2,417;-4,719
80322.5;9,542;635;1,268;8,274;7,006
80335.0;9,539;438;3,643;5,896;2,253
80490.2;9,533;202;4,573;4,960;0,387
80468.6;9,531;475;7,997;1,534;-6,463
80517.4;9,527;179;8,612;0,915;-7,697
80303.3;9,524;350;2,219;7,305;5,086
81155.3;9,522;80;9,520;0,002;-9,518
80399.0;9,509;267;8,152;1,357;-6,795
80536.8;9,503;159;7,037;2,466;-4,571
81000.8;9,491;240;8,283;1,208;-7,075
80392.8;9,480;359;3,347;6,133;2,786
80241.8;9,475;96;0,250;9,225;8,975
80430.7;9,470;411;1,740;7,730;5,990
80478.7;9,468;264;1,169;8,299;7,130
80589.1;9,466;142;8,863;0,603;-8,260
80227.1;9,449;310;0,086;9,363;9,277
80335.3;9,446;318;3,461;5,985;2,524
80525.2;9,436;275;0,010;9,426;9,416
80293.7;9,434;127;1,746;7,688;5,942
80409.2;9,432;174;8,023;1,409;-6,614
80265.1;9,419;80;2,744;6,675;3,931
81185.2;9,414;209;6,963;2,451;-4,512
80269.8;9,406;166;5,250;4,156;-1,094
80364.8;9,404;280;2,450;6,954;4,504
80338.2;9,403;363;0,820;8,583;7,763
80241.5;9,392;354;4,496;4,896;0,400
80506.8;9,386;195;8,488;0,898;-7,590
80398.3;9,381;159;7,905;1,476;-6,429
80338.6;9,380;245;6,642;2,738;-3,904
80268.9;9,367;171;1,150;8,217;7,067
80421.6;9,365;292;1,677;7,688;6,011
80520.7;9,363;69;5,441;3,922;-1,519
80435.5;9,352;338;1,491;7,861;6,370
80590.0;9,351;331;2,363;6,988;4,625
80429.5;9,349;274;8,669;0,680;-7,989
80454.2;9,344;477;2,180;7,164;4,984
80323.8;9,331;294;3,395;5,936;2,541
80410.1;9,314;226;3,337;5,977;2,640
80414.2;9,286;168;3,344;5,942;2,598
80407.0;9,281;275;5,050;4,231;-0,819
80655.0;9,279;114;9,013;0,266;-8,747
80433.7;9,278;327;7,282;1,996;-5,286
80655.6;9,276;83;9,238;0,038;-9,200
80285.8;9,270;158;8,549;0,721;-7,828
80407.6;9,255;308;7,268;1,987;-5,281
80392.6;9,253;208;2,509;6,744;4,235
80348.9;9,251;326;0,598;8,653;8,055
80923.1;9,238;70;8,232;1,006;-7,226
80286.0;9,237;329;4,238;4,999;0,761
80434.9;9,232;298;6,807;2,425;-4,382
80558.8;9,225;77;0,067;9,158;9,091
80572.3;9,224;90;8,920;0,304;-8,616
80460.5;9,219;376;5,968;3,251;-2,717
80298.5;9,211;192;0,870;8,341;7,471
80270.2;9,209;250;5,674;3,535;-2,139
80884.2;9,205;80;0,462;8,743;8,281
80443.8;9,204;238;5,446;3,758;-1,688
80397.5;9,202;369;8,707;0,495;-8,212
80588.0;9,190;204;2,690;6,500;3,810
80257.9;9,184;124;9,013;0,171;-8,842
80450.3;9,178;265;2,989;6,189;3,200
80561.5;9,174;73;7,906;1,268;-6,638
80460.4;9,171;356;2,268;6,903;4,635
80911.0;9,163;178;9,132;0,031;-9,101
80420.5;9,159;290;8,208;0,951;-7,257
80215.9;9,155;64;9,131;0,024;-9,107
80580.8;9,154;101;8,251;0,903;-7,348
80597.5;9,153;104;8,273;0,880;-7,393
80328.1;9,152;315;2,182;6,970;4,788
80376.6;9,146;261;5,135;4,011;-1,124
80429.0;9,144;284;6,206;2,938;-3,268
80493.0;9,143;314;5,318;3,825;-1,493
80296.4;9,140;257;4,316;4,824;0,508
80530.0;9,136;281;2,954;6,182;3,228
80234.6;9,124;160;8,416;0,708;-7,708
80366.5;9,122;166;6,852;2,270;-4,582
80254.6;9,120;236;6,292;2,828;-3,464
80457.6;9,115;316;2,843;6,272;3,429
80438.3;9,112;242;6,931;2,181;-4,750
80910.7;9,094;160;5,130;3,964;-1,166
80361.8;9,090;364;4,037;5,053;1,016
81270.6;9,086;171;8,914;0,172;-8,742
80435.3;9,081;275;2,254;6,827;4,573
80294.1;9,080;302;7,028;2,052;-4,976
80632.0;9,075;131;0,948;8,127;7,179
80262.5;9,074;263;3,248;5,826;2,578
80426.0;9,070;489;6,336;2,734;-3,602
80926.1;9,067;143;4,942;4,125;-0,817
80353.5;9,042;206;6,991;2,051;-4,940
80261.9;9,038;145;1,145;7,893;6,748
81083.6;9,036;130;9,004;0,032;-8,972
80153.4;9,034;169;0,558;8,476;7,918
80310.7;9,028;361;4,778;4,250;-0,528
80282.3;9,025;112;4,126;4,899;0,773
80456.1;9,024;360;3,088;5,936;2,848
80302.6;9,020;229;6,134;2,886;-3,248
80288.9;9,019;262;7,495;1,524;-5,971
80377.7;9,017;341;3,603;5,414;1,811
80326.3;9,015;327;8,469;0,546;-7,923
80464.5;9,014;276;1,212;7,802;6,590
81095.3;9,009;220;1,965;7,044;5,079
80421.8;9,005;284;0,568;8,437;7,869
80192.5;9,003;121;6,190;2,813;-3,377
80375.9;9,001;253;5,928;3,073;-2,855
80408.7;8,994;269;8,725;0,269;-8,456
80433.1;8,989;199;0,968;8,021;7,053
80482.5;8,985;388;1,852;7,133;5,281
80528.1;8,984;97;8,418;0,566;-7,852
80513.6;8,979;263;5,741;3,238;-2,503
80290.9;8,973;198;1,476;7,497;6,021
81073.4;8,968;400;0,396;8,572;8,176
80328.2;8,963;204;6,000;2,963;-3,037
80472.6;8,962;418;4,941;4,021;-0,920
80269.9;8,939;167;2,578;6,361;3,783
80251.3;8,935;143;5,277;3,658;-1,619
80257.5;8,931;208;8,050;0,881;-7,169
80957.4;8,929;101;0,000;8,929;8,929
80365.4;8,925;252;3,793;5,132;1,339
80392.0;8,920;477;3,704;5,216;1,512
80592.7;8,895;94;4,296;4,599;0,303
80208.4;8,894;96;2,376;6,518;4,142
80501.9;8,891;124;4,992;3,899;-1,093
80505.6;8,882;248;3,085;5,797;2,712
80373.4;8,877;310;5,203;3,674;-1,529
80440.7;8,876;273;2,778;6,098;3,320
80352.2;8,872;401;2,748;6,124;3,376
80291.4;8,867;196;3,562;5,305;1,743
80916.5;8,866;179;0,100;8,766;8,666
80300.5;8,861;157;8,285;0,576;-7,709
80492.1;8,856;184;3,233;5,623;2,390
80423.8;8,855;363;3,956;4,899;0,943
80353.3;8,852;228;6,275;2,577;-3,698
80276.7;8,849;305;2,309;6,540;4,231
80454.5;8,847;246;1,268;7,579;6,311
81080.0;8,835;312;6,578;2,257;-4,321
80299.7;8,823;237;4,819;4,004;-0,815
80910.9;8,819;58;0,204;8,615;8,411
80341.4;8,798;267;7,295;1,503;-5,792
80294.3;8,774;275;1,666;7,108;5,442
80347.9;8,770;232;7,857;0,913;-6,944
80413.7;8,768;205;6,919;1,849;-5,070
81219.4;8,767;81;4,966;3,801;-1,165
80301.7;8,762;326;2,901;5,861;2,960
80365.3;8,761;240;2,782;5,979;3,197
80251.6;8,753;102;3,960;4,793;0,833
80337.9;8,752;228;3,579;5,173;1,594
80349.6;8,751;232;6,742;2,009;-4,733
80341.5;8,746;336;4,005;4,741;0,736
81040.3;8,738;135;8,240;0,498;-7,742
81165.2;8,737;91;8,735;0,002;-8,733
80322.3;8,736;325;3,157;5,579;2,422
80551.1;8,728;155;8,050;0,678;-7,372
80481.3;8,715;344;5,083;3,632;-1,451
80293.9;8,695;222;0,904;7,791;6,887
81259.8;8,684;83;8,583;0,101;-8,482
80266.7;8,679;180;1,779;6,900;5,121
80445.2;8,675;216;5,321;3,354;-1,967
80373.5;8,670;339;3,686;4,984;1,298
80376.8;8,659;429;3,153;5,506;2,353
80438.7;8,652;254;4,204;4,448;0,244
80254.1;8,649;194;1,063;7,586;6,523
80371.7;8,648;239;7,561;1,087;-6,474
80760.3;8,643;50;8,643;0,000;-8,643
80278.7;8,640;225;4,123;4,517;0,394
80297.4;8,634;136;3,397;5,237;1,840
80593.4;8,629;136;3,070;5,559;2,489
80422.3;8,625;329;4,321;4,304;-0,017
80811.9;8,624;88;0,007;8,617;8,610
80264.9;8,612;172;1,441;7,171;5,730
80493.8;8,607;300;7,166;1,441;-5,725
80836.1;8,606;62;8,458;0,148;-8,310
80479.5;8,600;236;1,637;6,963;5,326
80325.3;8,598;321;2,634;5,964;3,330
80366.4;8,593;266;0,652;7,941;7,289
80324.2;8,588;226;2,375;6,213;3,838
81126.5;8,580;124;8,577;0,003;-8,574
80357.4;8,575;243;2,014;6,561;4,547
81239.7;8,571;110;8,133;0,438;-7,695
80291.3;8,565;152;6,539;2,026;-4,513
80411.1;8,555;266;0,590;7,965;7,375
80650.9;8,547;38;8,390;0,157;-8,233
81099.2;8,539;122;0,402;8,137;7,735
80360.3;8,534;243;6,458;2,076;-4,382
80425.9;8,529;280;1,538;6,991;5,453
80320.7;8,521;278;6,660;1,861;-4,799
81059.4;8,519;222;0,547;7,972;7,425
81230.1;8,516;250;4,623;3,893;-0,730
81089.3;8,502;115;0,385;8,117;7,732
80352.9;8,498;293;8,109;0,389;-7,720
80862.6;8,496;63;0,025;8,471;8,446
80153.3;8,494;150;8,263;0,231;-8,032
80962.3;8,492;139;5,676;2,816;-2,860
80459.5;8,488;314;0,967;7,521;6,554
80428.5;8,477;289;1,985;6,492;4,507
80491.6;8,476;234;3,890;4,586;0,696
80279.5;8,472;158;6,825;1,647;-5,178
80372.2;8,469;213;1,881;6,588;4,707
80531.0;8,461;122;6,051;2,410;-3,641
80300.8;8,457;157;5,643;2,814;-2,829
80350.5;8,453;178;3,198;5,255;2,057
80316.2;8,441;331;4,944;3,497;-1,447
80388.4;8,437;103;5,570;2,867;-2,703
80788.0;8,436;39;8,272;0,164;-8,108
80314.3;8,435;247;7,648;0,787;-6,861
81119.5;8,434;142;0,011;8,423;8,412
80760.5;8,433;112;8,433;0,000;-8,433
80467.3;8,425;214;5,082;3,343;-1,739
80469.4;8,423;177;5,663;2,760;-2,903
80391.9;8,421;210;6,628;1,793;-4,835
80580.9;8,411;65;7,016;1,395;-5,621
80557.9;8,406;129;8,032;0,374;-7,658
80290.8;8,399;263;5,279;3,120;-2,159
80279.9;8,397;177;6,909;1,488;-5,421
80267.3;8,391;169;2,287;6,104;3,817
80395.8;8,386;160;1,902;6,484;4,582
80341.9;8,382;127;6,374;2,008;-4,366
81116.5;8,372;129;0,068;8,304;8,236
80328.6;8,357;248;1,599;6,758;5,159
80326.0;8,356;513;2,708;5,648;2,940
80520.6;8,348;70;2,023;6,325;4,302
80511.6;8,339;146;2,925;5,414;2,489
80240.3;8,338;164;0,586;7,752;7,166
80426.4;8,332;335;2,747;5,585;2,838
80843.0;8,331;169;0,219;8,112;7,893
80367.4;8,330;237;0,594;7,736;7,142
80349.2;8,328;157;7,615;0,713;-6,902
80888.8;8,327;72;8,227;0,100;-8,127
80417.9;8,326;287;4,401;3,925;-0,476
80201.6;8,321;137;0,005;8,316;8,311
80402.7;8,315;286;2,720;5,595;2,875
80256.2;8,307;204;1,632;6,675;5,043
80431.6;8,300;201;2,698;5,602;2,904
80379.4;8,298;147;4,692;3,606;-1,086
80543.2;8,297;137;0,279;8,018;7,739
80297.6;8,294;254;3,754;4,540;0,786
80285.1;8,291;192;1,387;6,904;5,517
80333.4;8,289;222;2,715;5,574;2,859
80381.5;8,285;215;4,251;4,034;-0,217
80270.9;8,277;210;4,061;4,216;0,155
80309.5;8,271;152;6,501;1,770;-4,731
80249.0;8,265;143;8,138;0,127;-8,011
80148.4;8,260;117;0,665;7,595;6,930
80470.3;8,254;192;5,977;2,277;-3,700
80325.4;8,251;232;6,804;1,447;-5,357
80490.3;8,231;264;7,118;1,113;-6,005
80408.1;8,221;237;7,673;0,548;-7,125
80305.5;8,218;176;1,147;7,071;5,924
80459.6;8,214;248;4,294;3,920;-0,374
80489.6;8,213;219;3,553;4,660;1,107
80304.8;8,212;155;6,780;1,432;-5,348
81070.0;8,208;188;7,620;0,588;-7,032
80547.9;8,204;99;4,534;3,670;-0,864
80606.3;8,201;93;0,033;8,168;8,135
80452.2;8,198;196;2,408;5,790;3,382
80268.8;8,197;87;7,610;0,587;-7,023
81251.4;8,194;280;0,675;7,519;6,844
80338.5;8,192;142;0,179;8,013;7,834
80227.7;8,188;251;8,159;0,029;-8,130
81050.3;8,187;290;1,590;6,597;5,007
80730.2;8,186;4;8,186;0,000;-8,186
80402.3;8,185;277;2,552;5,633;3,081
80446.5;8,182;298;0,223;7,959;7,736
80331.8;8,175;212;5,291;2,884;-2,407
80428.3;8,173;318;3,245;4,928;1,683
80288.8;8,166;170;6,878;1,288;-5,590
80528.0;8,164;186;0,249;7,915;7,666
80265.6;8,163;153;0,190;7,973;7,783
80387.6;8,157;288;4,646;3,511;-1,135
80469.6;8,155;258;0,319;7,836;7,517
80563.0;8,150;89;6,700;1,450;-5,250
80684.3;8,149;103;8,149;0,000;-8,149
80441.3;8,147;318;6,775;1,372;-5,403
80556.5;8,129;125;8,117;0,012;-8,105
80439.5;8,128;315;0,719;7,409;6,690
80511.8;8,118;141;2,393;5,725;3,332
80314.7;8,109;345;2,068;6,041;3,973
80153.6;8,090;155;2,988;5,102;2,114
80624.0;8,088;172;1,140;6,948;5,808
80313.0;8,087;296;3,856;4,231;0,375
81085.2;8,086;149;7,435;0,651;-6,784
80326.1;8,081;319;4,246;3,835;-0,411
80502.5;8,080;297;7,946;0,134;-7,812
80322.9;8,079;274;0,800;7,279;6,479
80337.2;8,064;328;3,701;4,363;0,662
80442.4;8,053;251;3,923;4,130;0,207
80429.9;8,048;280;5,835;2,213;-3,622
80484.3;8,045;240;3,473;4,572;1,099
80561.2;8,027;129;0,038;7,989;7,951
80421.7;8,004;255;6,941;1,063;-5,878
80296.9;8,000;151;0,193;7,807;7,614
80263.6;7,996;178;0,671;7,325;6,654
81264.9;7,986;192;7,726;0,260;-7,466
80888.7;7,977;114;0,011;7,966;7,955
80499.1;7,976;322;0,331;7,645;7,314
80384.6;7,974;278;7,038;0,936;-6,102
80350.4;7,971;204;6,351;1,620;-4,731
80308.4;7,970;177;3,046;4,924;1,878
80361.7;7,969;275;3,079;4,890;1,811
80497.3;7,968;147;0,248;7,720;7,472
80707.3;7,956;63;0,002;7,954;7,952
80579.6;7,952;100;6,956;0,996;-5,960
80330.3;7,946;242;4,998;2,948;-2,050
81075.5;7,939;73;0,087;7,852;7,765
80519.9;7,927;160;4,206;3,721;-0,485
80466.3;7,922;253;1,631;6,291;4,660
80524.9;7,919;74;0,962;6,957;5,995
80285.7;7,914;159;3,495;4,419;0,924
80468.5;7,907;256;4,959;2,948;-2,011
80459.1;7,906;242;0,853;7,053;6,200
80869.3;7,905;136;7,903;0,002;-7,901
80518.8;7,902;264;1,964;5,938;3,974
80419.1;7,897;319;0,278;7,619;7,341
80874.9;7,894;75;0,003;7,891;7,888
81060.0;7,893;151;2,155;5,738;3,583
81237.6;7,892;168;0,015;7,877;7,862
80311.6;7,885;190;6,433;1,452;-4,981
80410.4;7,884;221;5,703;2,181;-3,522
80311.3;7,879;194;4,071;3,808;-0,263
80366.6;7,876;306;4,226;3,650;-0,576
80310.4;7,872;280;5,073;2,799;-2,274
80286.3;7,863;331;6,776;1,087;-5,689
80482.4;7,862;223;7,091;0,771;-6,320
80296.7;7,860;113;0,345;7,515;7,170
80482.2;7,857;127;6,008;1,849;-4,159
80261.6;7,854;159;7,493;0,361;-7,132
80481.9;7,851;238;6,431;1,420;-5,011
80335.4;7,845;186;0,525;7,320;6,795
80421.9;7,842;205;5,267;2,575;-2,692
81251.8;7,837;239;1,177;6,660;5,483
80445.4;7,835;194;1,057;6,778;5,721
80303.4;7,833;225;2,609;5,224;2,615
80457.2;7,832;241;4,184;3,648;-0,536
80299.8;7,830;317;4,110;3,720;-0,390
80386.9;7,804;83;7,253;0,551;-6,702
80246.8;7,792;64;6,004;1,788;-4,216
80437.1;7,785;247;1,372;6,413;5,041
80593.8;7,783;93;0,690;7,093;6,403
80379.2;7,781;238;2,239;5,542;3,303
81086.5;7,778;189;0,756;7,022;6,266
80219.8;7,775;173;2,569;5,206;2,637
80532.8;7,771;139;0,298;7,473;7,175
80389.7;7,770;268;4,447;3,323;-1,124
80514.1;7,767;200;1,767;6,000;4,233
80492.7;7,762;281;2,506;5,256;2,750
80425.4;7,752;215;7,182;0,570;-6,612
80426.3;7,742;246;6,492;1,250;-5,242
80575.9;7,741;141;6,682;1,059;-5,623
80564.0;7,739;166;6,477;1,262;-5,215
80383.0;7,735;212;2,346;5,389;3,043
80187.9;7,732;93;7,724;0,008;-7,716
80558.0;7,728;115;0,259;7,469;7,210
80607.1;7,727;23;0,013;7,714;7,701
80442.6;7,719;272;5,032;2,687;-2,345
80356.8;7,696;383;3,947;3,749;-0,198
80644.0;7,693;107;7,623;0,070;-7,553
80321.9;7,687;214;4,464;3,223;-1,241
80960.1;7,685;154;5,718;1,967;-3,751
80448.8;7,682;207;5,921;1,761;-4,160
80576.8;7,674;129;7,442;0,232;-7,210
80468.8;7,670;318;5,387;2,283;-3,104
80548.5;7,663;170;4,958;2,705;-2,253
80444.8;7,662;225;4,950;2,712;-2,238
80576.0;7,650;218;0,137;7,513;7,376
80731.1;7,647;49;7,647;0,000;-7,647
80930.0;7,646;114;7,363;0,283;-7,080
80908.0;7,645;175;1,817;5,828;4,011
80892.8;7,638;57;7,595;0,043;-7,552
80359.3;7,632;194;3,421;4,211;0,790
80311.7;7,631;193;5,680;1,951;-3,729
80383.2;7,625;200;2,457;5,168;2,711
80586.3;7,618;142;7,311;0,307;-7,004
80340.8;7,610;237;3,648;3,962;0,314
80747.9;7,605;33;7,605;0,000;-7,605
80608.6;7,599;58;7,280;0,319;-6,961
81039.3;7,596;169;6,316;1,280;-5,036
80502.7;7,592;175;2,296;5,296;3,000
80654.3;7,582;89;5,999;1,583;-4,416
80581.1;7,580;100;0,959;6,621;5,662
80238.9;7,578;248;4,763;2,815;-1,948
80290.3;7,572;206;3,293;4,279;0,986
80487.7;7,571;206;6,117;1,454;-4,663
80360.5;7,568;190;4,067;3,501;-0,566
80333.5;7,564;375;5,762;1,802;-3,960
80517.3;7,561;85;5,488;2,073;-3,415
81076.4;7,549;108;6,531;1,018;-5,513
80355.8;7,547;271;3,610;3,937;0,327
80336.6;7,540;195;6,778;0,762;-6,016
80433.4;7,539;165;4,509;3,030;-1,479
80550.5;7,537;159;6,265;1,272;-4,993
80514.2;7,522;161;2,722;4,800;2,078
80251.7;7,496;115;6,639;0,857;-5,782
80508.6;7,495;97;4,511;2,984;-1,527
80497.8;7,493;103;1,343;6,150;4,807
80614.1;7,490;89;6,993;0,497;-6,496
80464.7;7,487;261;0,493;6,994;6,501
81152.9;7,486;123;6,519;0,967;-5,552
81039.8;7,484;223;6,739;0,745;-5,994
80361.0;7,482;259;6,746;0,736;-6,010
80543.8;7,476;125;2,112;5,364;3,252
80452.9;7,469;198;2,959;4,510;1,551
80432.4;7,460;218;4,010;3,450;-0,560
81251.7;7,459;236;4,972;2,487;-2,485
80453.1;7,448;251;3,312;4,136;0,824
80417.6;7,439;225;3,955;3,484;-0,471
80421.1;7,437;194;3,751;3,686;-0,065
80318.6;7,430;177;4,090;3,340;-0,750
81077.8;7,425;271;0,027;7,398;7,371
81136.7;7,423;85;7,421;0,002;-7,419
80192.6;7,422;94;6,784;0,638;-6,146
80433.6;7,411;230;4,120;3,291;-0,829
80336.8;7,409;310;2,245;5,164;2,919
80546.0;7,403;158;0,701;6,702;6,001
80146.3;7,401;121;7,373;0,028;-7,345
80579.1;7,397;77;3,577;3,820;0,243
80424.7;7,396;172;2,122;5,274;3,152
80947.8;7,395;104;7,372;0,023;-7,349
80208.5;7,394;103;2,196;5,198;3,002
80452.3;7,389;160;4,626;2,763;-1,863
80559.7;7,379;211;3,739;3,640;-0,099
81127.4;7,378;77;1,057;6,321;5,264
80296.5;7,374;179;5,191;2,183;-3,008
81216.0;7,370;77;6,397;0,973;-5,424
80455.3;7,368;203;3,878;3,490;-0,388
80281.9;7,365;174;1,860;5,505;3,645
80497.7;7,355;144;2,083;5,272;3,189
80469.1;7,351;271;2,474;4,877;2,403
80339.5;7,350;406;0,452;6,898;6,446
80338.7;7,349;300;0,594;6,755;6,161
80343.1;7,346;202;4,608;2,738;-1,870
80467.4;7,342;246;1,540;5,802;4,262
80285.2;7,340;110;6,686;0,654;-6,032
80278.6;7,333;177;5,403;1,930;-3,473
80640.8;7,325;90;0,351;6,974;6,623
80340.6;7,323;191;1,323;6,000;4,677
81103.8;7,303;61;7,301;0,002;-7,299
80438.6;7,298;113;2,754;4,544;1,790
80491.5;7,293;208;4,958;2,335;-2,623
80460.2;7,284;350;3,752;3,532;-0,220
80248.8;7,276;232;5,795;1,481;-4,314
80337.0;7,271;319;5,559;1,712;-3,847
81265.7;7,269;222;7,267;0,002;-7,265
80382.7;7,268;402;3,896;3,372;-0,524
80277.8;7,260;174;5,527;1,733;-3,794
80343.9;7,254;252;1,485;5,769;4,284
80669.4;7,250;44;7,250;0,000;-7,250
80270.7;7,248;213;5,845;1,403;-4,442
80281.2;7,247;193;2,733;4,514;1,781
80246.5;7,240;166;4,620;2,620;-2,000
80291.8;7,239;186;1,915;5,324;3,409
81265.1;7,231;119;1,855;5,376;3,521
80381.8;7,229;259;1,224;6,005;4,781
80390.1;7,217;231;2,507;4,710;2,203
81248.2;7,214;88;4,706;2,508;-2,198
80166.0;7,208;78;5,993;1,215;-4,778
80592.6;7,207;81;5,540;1,667;-3,873
80277.5;7,200;214;1,719;5,481;3,762
80485.9;7,189;172;1,736;5,453;3,717
80477.9;7,178;311;4,146;3,032;-1,114
80371.1;7,174;154;1,468;5,706;4,238
80492.9;7,168;187;4,245;2,923;-1,322
80235.0;7,165;270;5,209;1,956;-3,253
80651.1;7,162;71;7,136;0,026;-7,110
80402.1;7,161;150;5,709;1,452;-4,257
80472.0;7,160;661;3,681;3,479;-0,202
80319.0;7,156;262;2,670;4,486;1,816
81071.9;7,154;177;6,386;0,768;-5,618
80499.6;7,153;112;6,753;0,400;-6,353
80407.9;7,151;197;5,796;1,355;-4,441
80650.0;7,148;100;4,995;2,153;-2,842
81235.2;7,147;46;0,014;7,133;7,119
80439.6;7,134;258;4,268;2,866;-1,402
80355.7;7,132;254;6,004;1,128;-4,876
80499.7;7,130;195;5,028;2,102;-2,926
80234.7;7,124;136;1,252;5,872;4,620
80442.8;7,123;357;5,622;1,501;-4,121
80660.9;7,118;68;0,002;7,116;7,114
80299.6;7,114;179;1,819;5,295;3,476
80689.0;7,107;37;7,107;0,000;-7,107
80438.2;7,098;345;1,478;5,620;4,142
80587.2;7,097;69;5,986;1,111;-4,875
81230.0;7,096;106;6,028;1,068;-4,960
80358.6;7,089;287;2,389;4,700;2,311
80514.5;7,088;55;6,978;0,110;-6,868
80666.9;7,087;84;0,370;6,717;6,347
80452.4;7,086;250;3,811;3,275;-0,536
80502.3;7,084;201;3,402;3,682;0,280
80387.5;7,083;383;1,519;5,564;4,045
80347.1;7,073;261;5,435;1,638;-3,797
80441.8;7,065;322;3,495;3,570;0,075
80414.4;7,063;212;6,341;0,722;-5,619
80225.5;7,061;73;5,634;1,427;-4,207
80475.2;7,059;307;4,103;2,956;-1,147
80514.0;7,054;181;4,017;3,037;-0,980
80455.7;7,047;279;4,049;2,998;-1,051
81184.5;7,046;56;6,611;0,435;-6,176
80530.9;7,044;45;2,924;4,120;1,196
81076.6;7,041;327;1,827;5,214;3,387
80396.3;7,038;102;2,502;4,536;2,034
80454.4;7,036;258;2,003;5,033;3,030
80376.3;7,033;289;1,027;6,006;4,979
81065.0;7,031;145;2,123;4,908;2,785
80406.0;7,027;364;4,143;2,884;-1,259
80342.7;7,026;282;3,292;3,734;0,442
80443.6;7,016;394;3,722;3,294;-0,428
80497.2;7,013;240;3,117;3,896;0,779
80318.7;7,012;234;1,793;5,219;3,426
80393.9;7,008;245;6,567;0,441;-6,126
80590.5;7,005;49;6,903;0,102;-6,801
80462.6;7,004;330;1,648;5,356;3,708
80450.2;7,003;215;5,403;1,600;-3,803
80539.9;7,002;45;0,131;6,871;6,740
80305.9;7,000;274;3,358;3,642;0,284
80254.0;6,997;200;5,070;1,927;-3,143
80487.2;6,994;246;5,545;1,449;-4,096
81251.3;6,987;220;6,773;0,214;-6,559
80616.2;6,984;52;2,525;4,459;1,934
81093.4;6,979;23;6,878;0,101;-6,777
81040.1;6,974;196;0,397;6,577;6,180
80508.7;6,972;128;4,023;2,949;-1,074
81099.1;6,965;111;6,825;0,140;-6,685
80491.4;6,958;255;2,256;4,702;2,446
80589.8;6,957;145;5,772;1,185;-4,587
80496.3;6,953;109;0,596;6,357;5,761
81231.4;6,950;92;0,129;6,821;6,692
80526.1;6,949;75;2,606;4,343;1,737
80280.7;6,946;225;2,133;4,813;2,680
80220.0;6,942;299;4,807;2,135;-2,672
80571.5;6,936;131;2,520;4,416;1,896
81232.8;6,931;47;0,037;6,894;6,857
80346.8;6,928;204;5,132;1,796;-3,336
80513.1;6,915;82;0,105;6,810;6,705
80371.9;6,910;213;3,193;3,717;0,524
80874.5;6,908;155;6,908;0,000;-6,908
80271.4;6,904;155;4,191;2,713;-1,478
80482.3;6,903;201;6,572;0,331;-6,241
80407.7;6,901;210;3,901;3,000;-0,901
80198.0;6,900;130;5,865;1,035;-4,830
80595.2;6,899;116;0,040;6,859;6,819
80234.3;6,898;169;6,754;0,144;-6,610
80538.6;6,894;152;3,880;3,014;-0,866
80381.0;6,892;138;1,901;4,991;3,090
80513.7;6,890;154;0,359;6,531;6,172
80607.5;6,889;72;0,027;6,862;6,835
80638.1;6,881;55;6,868;0,013;-6,855
80518.1;6,878;196;0,422;6,456;6,034
80195.1;6,877;74;6,872;0,005;-6,867
80300.6;6,875;191;5,721;1,154;-4,567
80233.4;6,872;76;0,105;6,767;6,662
80409.8;6,871;301;1,381;5,490;4,109
80398.6;6,870;201;3,157;3,713;0,556
80214.7;6,865;111;5,829;1,036;-4,793
80185.5;6,862;78;5,975;0,887;-5,088
80380.5;6,859;309;6,130;0,729;-5,401
81217.8;6,857;139;6,816;0,041;-6,775
80356.3;6,855;233;0,095;6,760;6,665
80386.6;6,846;130;4,643;2,203;-2,440
80367.5;6,842;345;2,943;3,899;0,956
80530.8;6,840;74;6,273;0,567;-5,706
80324.9;6,833;191;2,045;4,788;2,743
80716.5;6,832;98;6,832;0,000;-6,832
80415.9;6,823;206;6,180;0,643;-5,537
81127.6;6,817;99;6,312;0,505;-5,807
80877.4;6,804;120;0,012;6,792;6,780
80273.6;6,795;210;6,129;0,666;-5,463
80546.5;6,793;50;5,885;0,908;-4,977
80534.8;6,790;108;6,641;0,149;-6,492
80439.4;6,786;314;5,292;1,494;-3,798
80380.6;6,782;234;2,078;4,704;2,626
80920.3;6,781;124;0,009;6,772;6,763
80548.8;6,779;83;0,300;6,479;6,179
80544.1;6,775;156;4,503;2,272;-2,231
80605.3;6,770;126;0,068;6,702;6,634
80167.6;6,768;50;6,767;0,001;-6,766
81117.5;6,766;234;4,398;2,368;-2,030
80261.2;6,754;47;6,745;0,009;-6,736
80418.2;6,750;168;4,633;2,117;-2,516
81268.0;6,749;109;0,145;6,604;6,459
80407.2;6,738;196;0,371;6,367;5,996
80229.2;6,735;99;6,662;0,073;-6,589
80377.0;6,734;243;3,558;3,176;-0,382
81064.0;6,732;104;0,233;6,499;6,266
80392.5;6,731;277;2,411;4,320;1,909
80447.8;6,730;174;2,556;4,174;1,618
80338.9;6,726;144;2,714;4,012;1,298
80490.4;6,723;163;2,984;3,739;0,755
80560.2;6,706;29;6,083;0,623;-5,460
80241.4;6,705;162;6,194;0,511;-5,683
80393.0;6,702;158;5,932;0,770;-5,162
80385.0;6,699;331;4,629;2,070;-2,559
81069.9;6,689;145;0,119;6,570;6,451
80506.1;6,685;193;2,447;4,238;1,791
80111.1;6,683;94;0,895;5,788;4,893
80365.7;6,679;273;4,752;1,927;-2,825
80868.6;6,674;24;0,002;6,672;6,670
80399.8;6,673;333;5,504;1,169;-4,335
80457.7;6,671;222;2,152;4,519;2,367
80356.1;6,669;291;4,882;1,787;-3,095
81281.4;6,668;147;0,050;6,618;6,568
80367.8;6,667;238;3,919;2,748;-1,171
81178.6;6,665;74;6,663;0,002;-6,661
81158.1;6,664;125;0,066;6,598;6,532
80362.9;6,663;165;4,383;2,280;-2,103
80399.6;6,662;153;0,772;5,890;5,118
80589.7;6,655;43;2,518;4,137;1,619
80180.6;6,646;97;6,480;0,166;-6,314
80300.7;6,645;165;3,670;2,975;-0,695
80272.2;6,629;273;1,947;4,682;2,735
80432.5;6,617;355;2,934;3,683;0,749
80471.2;6,610;236;5,219;1,391;-3,828
80231.6;6,599;97;5,545;1,054;-4,491
80925.8;6,593;99;6,587;0,006;-6,581
80422.9;6,589;231;4,554;2,035;-2,519
80276.6;6,588;230;6,372;0,216;-6,156
80345.4;6,587;174;1,162;5,425;4,263
80438.1;6,580;276;1,499;5,081;3,582
80461.8;6,577;304;4,815;1,762;-3,053
80869.5;6,572;74;0,402;6,170;5,768
80458.4;6,569;247;1,498;5,071;3,573
80267.8;6,566;240;1,047;5,519;4,472
80390.8;6,562;320;1,976;4,586;2,610
80510.5;6,560;124;0,927;5,633;4,706
80222.6;6,555;141;1,031;5,524;4,493
80639.7;6,551;14;6,483;0,068;-6,415
80700.3;6,546;77;6,546;0,000;-6,546
80488.8;6,545;208;3,410;3,135;-0,275
80374.5;6,544;190;2,108;4,436;2,328
80312.5;6,539;440;3,512;3,027;-0,485
80313.9;6,538;217;5,242;1,296;-3,946
80251.4;6,535;50;6,509;0,026;-6,483
80548.7;6,534;91;2,661;3,873;1,212
80552.8;6,533;81;2,607;3,926;1,319
80537.1;6,532;85;3,925;2,607;-1,318
80845.8;6,529;55;6,132;0,397;-5,735
80281.3;6,526;129;1,145;5,381;4,236
80398.0;6,523;214;2,909;3,614;0,705
81065.4;6,515;128;6,466;0,049;-6,417
80330.7;6,514;303;2,508;4,006;1,498
80436.6;6,511;230;3,822;2,689;-1,133
81035.0;6,510;146;3,284;3,226;-0,058
80413.4;6,506;245;3,238;3,268;0,030
80512.5;6,500;133;0,931;5,569;4,638
80341.1;6,491;190;2,619;3,872;1,253
81010.3;6,487;52;5,837;0,650;-5,187
80327.4;6,477;146;4,257;2,220;-2,037
80515.0;6,472;215;3,967;2,505;-1,462
80318.5;6,471;167;1,927;4,544;2,617
80295.4;6,470;125;3,116;3,354;0,238
80327.2;6,467;186;3,467;3,000;-0,467
80409.5;6,464;127;2,748;3,716;0,968
81094.4;6,463;266;0,384;6,079;5,695
80277.3;6,462;98;6,375;0,087;-6,288
80518.0;6,458;176;3,038;3,420;0,382
80406.3;6,456;174;5,281;1,175;-4,106
80403.7;6,447;231;2,556;3,891;1,335
80589.2;6,445;220;1,338;5,107;3,769
80828.1;6,443;77;0,399;6,044;5,645
80590.1;6,442;140;5,744;0,698;-5,046
80516.2;6,439;123;3,851;2,588;-1,263
80515.3;6,433;208;1,062;5,371;4,309
81176.5;6,432;203;6,285;0,147;-6,138
80915.0;6,431;118;6,355;0,076;-6,279
80394.2;6,430;94;1,241;5,189;3,948
81198.6;6,428;80;0,001;6,427;6,426
80372.3;6,427;237;5,742;0,685;-5,057
80403.0;6,426;105;6,157;0,269;-5,888
80466.7;6,422;217;0,703;5,719;5,016
80371.6;6,421;147;3,203;3,218;0,015
80358.5;6,418;247;4,577;1,841;-2,736
80292.7;6,417;148;0,218;6,199;5,981
80263.3;6,415;259;1,702;4,713;3,011
81287.2;6,412;56;6,259;0,153;-6,106
80224.9;6,406;79;4,320;2,086;-2,234
80278.5;6,398;234;1,686;4,712;3,026
81225.4;6,396;166;4,206;2,190;-2,016
80402.4;6,394;166;2,910;3,484;0,574
80386.2;6,389;152;6,172;0,217;-5,955
80634.7;6,385;17;6,379;0,006;-6,373
80464.8;6,380;236;3,003;3,377;0,374
81137.0;6,377;94;5,644;0,733;-4,911
80887.2;6,376;91;0,006;6,370;6,364
80504.0;6,372;337;0,899;5,473;4,574
80229.9;6,371;225;6,071;0,300;-5,771
80502.4;6,365;99;1,270;5,095;3,825
81154.5;6,363;99;2,385;3,978;1,593
81064.3;6,353;65;4,222;2,131;-2,091
80312.9;6,352;232;6,093;0,259;-5,834
80366.1;6,349;212;0,533;5,816;5,283
80159.4;6,340;93;0,013;6,327;6,314
80448.7;6,325;167;1,010;5,315;4,305
80291.7;6,323;125;4,874;1,449;-3,425
80507.8;6,318;152;3,222;3,096;-0,126
81049.4;6,315;131;5,917;0,398;-5,519
80278.3;6,314;157;0,404;5,910;5,506
80418.7;6,311;265;2,378;3,933;1,555
80653.0;6,305;65;6,296;0,009;-6,287
80340.3;6,300;204;1,459;4,841;3,382
81215.1;6,285;65;0,005;6,280;6,275
81294.5;6,277;229;5,806;0,471;-5,335
80390.7;6,276;195;5,943;0,333;-5,610
80259.8;6,275;135;5,116;1,159;-3,957
80560.8;6,274;22;6,229;0,045;-6,184
80890.1;6,273;166;6,065;0,208;-5,857
80404.3;6,272;121;4,125;2,147;-1,978
80395.7;6,266;218;4,065;2,201;-1,864
80392.1;6,261;200;4,337;1,924;-2,413
80626.2;6,254;83;5,551;0,703;-4,848
80384.8;6,253;208;2,812;3,441;0,629
80813.9;6,249;132;6,249;0,000;-6,249
80524.0;6,243;219;0,209;6,034;5,825
80584.3;6,241;107;0,979;5,262;4,283
80478.8;6,238;112;5,060;1,178;-3,882
80451.8;6,236;278;5,718;0,518;-5,200
80274.6;6,233;276;1,839;4,394;2,555
80887.1;6,229;96;3,626;2,603;-1,023
80362.4;6,227;344;0,521;5,706;5,185
80483.2;6,222;134;0,375;5,847;5,472
80365.5;6,221;268;2,545;3,676;1,131
80363.6;6,218;179;4,839;1,379;-3,460
80262.3;6,217;99;6,212;0,005;-6,207
80302.7;6,216;181;2,441;3,775;1,334
80319.5;6,212;189;2,508;3,704;1,196
80502.8;6,205;126;0,262;5,943;5,681
80655.1;6,203;178;0,669;5,534;4,865
80343.7;6,198;218;1,696;4,502;2,806
80397.8;6,190;116;1,319;4,871;3,552
80275.6;6,187;219;2,911;3,276;0,365
80350.9;6,185;136;3,776;2,409;-1,367
80437.8;6,184;265;1,800;4,384;2,584
80248.9;6,174;276;0,042;6,132;6,090
80148.3;6,173;118;3,751;2,422;-1,329
81275.5;6,168;164;0,051;6,117;6,066
80263.1;6,167;124;5,579;0,588;-4,991
80700.6;6,156;40;0,000;6,156;6,156
80295.8;6,153;185;2,100;4,053;1,953
80285.9;6,148;154;4,914;1,234;-3,680
80255.0;6,147;236;4,027;2,120;-1,907
81226.5;6,143;63;0,014;6,129;6,115
81209.9;6,136;146;0,004;6,132;6,128
80560.5;6,135;104;0,435;5,700;5,265
81272.1;6,133;83;1,449;4,684;3,235
80222.7;6,128;162;1,920;4,208;2,288
80315.7;6,127;229;1,580;4,547;2,967
81037.9;6,126;160;5,476;0,650;-4,826
80297.7;6,124;180;2,074;4,050;1,976
80435.6;6,119;289;4,042;2,077;-1,965
80226.5;6,117;247;0,121;5,996;5,875
80451.6;6,113;170;5,208;0,905;-4,303
81086.1;6,108;130;4,823;1,285;-3,538
80387.0;6,107;140;2,683;3,424;0,741
80293.0;6,106;167;2,625;3,481;0,856
80513.3;6,104;85;4,775;1,329;-3,446
80280.6;6,093;188;5,704;0,389;-5,315
80151.2;6,088;90;6,085;0,003;-6,082
80414.0;6,082;348;3,233;2,849;-0,384
80154.0;6,081;98;5,143;0,938;-4,205
80554.3;6,079;59;1,010;5,069;4,059
80479.4;6,066;232;5,816;0,250;-5,566
80399.4;6,065;166;4,647;1,418;-3,229
80407.1;6,064;210;0,671;5,393;4,722
80638.3;6,062;8;6,059;0,003;-6,056
81287.7;6,056;107;6,051;0,005;-6,046
80515.8;6,052;124;2,720;3,332;0,612
80484.2;6,048;295;0,620;5,428;4,808
81075.4;6,046;89;5,626;0,420;-5,206
80955.1;6,039;100;5,387;0,652;-4,735
80726.3;6,038;85;6,038;0,000;-6,038
80407.8;6,037;151;2,626;3,411;0,785
81234.7;6,035;130;5,538;0,497;-5,041
80151.3;6,034;118;0,122;5,912;5,790
80522.1;6,030;42;5,569;0,461;-5,108
80938.4;6,010;374;3,016;2,994;-0,022
80329.5;6,006;138;4,330;1,676;-2,654
80286.6;6,005;211;4,895;1,110;-3,785
80504.3;6,004;144;1,619;4,385;2,766
80537.7;5,999;118;1,496;4,503;3,007
80223.0;5,995;116;0,516;5,479;4,963
80375.7;5,990;199;3,776;2,214;-1,562
80466.4;5,989;168;1,277;4,712;3,435
80431.2;5,987;171;4,022;1,965;-2,057
80824.0;5,983;71;0,120;5,863;5,743
80590.7;5,982;147;0,387;5,595;5,208
80560.3;5,981;28;1,234;4,747;3,513
80420.2;5,977;322;0,847;5,130;4,283
80561.4;5,970;45;2,902;3,068;0,166
80352.8;5,969;176;2,526;3,443;0,917
80386.4;5,961;185;0,479;5,482;5,003
80240.8;5,954;101;5,755;0,199;-5,556
80484.1;5,950;225;1,316;4,634;3,318
81080.7;5,949;62;5,945;0,004;-5,941
80684.2;5,944;42;5,913;0,031;-5,882
80558.6;5,943;40;0,026;5,917;5,891
80868.2;5,939;64;3,701;2,238;-1,463
80628.9;5,931;11;5,924;0,007;-5,917
80259.0;5,928;143;5,878;0,050;-5,828
80348.7;5,926;158;0,810;5,116;4,306
80190.8;5,922;55;5,914;0,008;-5,906
80120.0;5,919;53;5,795;0,124;-5,671
80236.0;5,914;200;2,009;3,905;1,896
80265.7;5,911;110;5,358;0,553;-4,805
80293.5;5,906;138;1,273;4,633;3,360
80165.3;5,904;74;0,099;5,805;5,706
80241.9;5,896;67;5,487;0,409;-5,078
80750.0;5,893;116;5,893;0,000;-5,893
80236.7;5,892;115;0,383;5,509;5,126
81060.8;5,891;60;3,719;2,172;-1,547
80404.5;5,890;236;3,846;2,044;-1,802
80327.9;5,888;271;3,078;2,810;-0,268
80514.6;5,880;61;3,021;2,859;-0,162
80517.5;5,876;123;0,884;4,992;4,108
81062.0;5,872;101;1,523;4,349;2,826
80239.5;5,866;72;1,024;4,842;3,818
80392.4;5,860;101;3,613;2,247;-1,366
80554.8;5,858;89;1,475;4,383;2,908
81073.3;5,853;131;5,779;0,074;-5,705
80501.5;5,851;192;5,264;0,587;-4,677
80294.9;5,849;158;1,840;4,009;2,169
80282.2;5,845;71;5,016;0,829;-4,187
80532.2;5,844;120;2,031;3,813;1,782
80278.2;5,843;99;4,037;1,806;-2,231
80275.8;5,834;295;4,279;1,555;-2,724
80358.8;5,832;300;2,206;3,626;1,420
80669.1;5,830;9;5,830;0,000;-5,830
81001.0;5,824;148;2,678;3,146;0,468
80651.0;5,820;43;5,049;0,771;-4,278
80382.9;5,814;217;4,073;1,741;-2,332
80920.2;5,809;96;5,722;0,087;-5,635
80524.5;5,807;95;3,187;2,620;-0,567
80351.3;5,803;228;2,454;3,349;0,895
80319.4;5,798;191;2,231;3,567;1,336
80217.0;5,794;148;0,538;5,256;4,718
80381.9;5,791;238;4,900;0,891;-4,009
80151.0;5,790;81;2,841;2,949;0,108
80291.1;5,784;210;3,427;2,357;-1,070
80450.7;5,777;223;1,376;4,401;3,025
80378.9;5,776;243;0,140;5,636;5,496
80912.0;5,775;41;5,759;0,016;-5,743
80359.6;5,771;202;2,897;2,874;-0,023
81035.6;5,770;108;0,187;5,583;5,396
80446.3;5,764;131;2,009;3,755;1,746
80658.5;5,761;21;5,749;0,012;-5,737
80950.1;5,759;69;0,706;5,053;4,347
81187.9;5,755;114;5,750;0,005;-5,745
80478.5;5,754;223;0,351;5,403;5,052
80542.0;5,750;166;4,716;1,034;-3,682
80191.0;5,748;140;0,148;5,600;5,452
80271.5;5,746;212;5,451;0,295;-5,156
80357.0;5,745;193;2,444;3,301;0,857
80479.2;5,744;182;2,655;3,089;0,434
80278.4;5,742;138;1,726;4,016;2,290
80269.3;5,737;134;3,194;2,543;-0,651
81236.9;5,735;58;0,101;5,634;5,533
81087.6;5,729;130;5,714;0,015;-5,699
80431.8;5,722;204;2,868;2,854;-0,014
80447.1;5,720;232;3,454;2,266;-1,188
80121.2;5,713;57;0,000;5,713;5,713
80293.8;5,708;194;2,781;2,927;0,146
80441.1;5,706;159;2,225;3,481;1,256
80262.4;5,704;219;1,066;4,638;3,572
80545.2;5,701;188;0,432;5,269;4,837
81040.5;5,693;87;5,648;0,045;-5,603
80490.7;5,692;92;3,276;2,416;-0,860
80574.2;5,688;68;0,216;5,472;5,256
80385.7;5,685;199;2,959;2,726;-0,233
80503.5;5,684;159;2,011;3,673;1,662
80159.2;5,684;47;5,482;0,202;-5,280
80282.7;5,680;265;0,500;5,180;4,680
80479.1;5,679;222;5,027;0,652;-4,375
81207.9;5,678;95;4,831;0,847;-3,984
80309.4;5,677;170;3,033;2,644;-0,389
80321.7;5,671;205;4,995;0,676;-4,319
80289.5;5,669;148;2,684;2,985;0,301
80301.6;5,668;216;2,543;3,125;0,582
80412.3;5,665;178;5,079;0,586;-4,493
81222.7;5,663;15;0,006;5,657;5,651
80353.8;5,662;257;3,700;1,962;-1,738
80368.6;5,660;209;1,710;3,950;2,240
80962.8;5,658;142;5,237;0,421;-4,816
80457.8;5,657;208;3,031;2,626;-0,405
81197.1;5,656;76;5,577;0,079;-5,498
81124.9;5,653;42;0,014;5,639;5,625
80371.5;5,651;168;3,257;2,394;-0,863
80489.0;5,650;189;2,800;2,850;0,050
80666.8;5,649;111;5,385;0,264;-5,121
80519.5;5,648;55;3,232;2,416;-0,816
80379.3;5,643;187;3,519;2,124;-1,395
81042.2;5,641;61;0,009;5,632;5,623
81292.2;5,635;99;0,033;5,602;5,569
80409.7;5,633;179;1,312;4,321;3,009
80425.5;5,630;166;1,440;4,190;2,750
80417.4;5,629;315;2,626;3,003;0,377
80273.9;5,627;164;0,083;5,544;5,461
80494.3;5,620;139;3,529;2,091;-1,438
81140.9;5,617;104;5,617;0,000;-5,617
81249.7;5,614;134;5,274;0,340;-4,934
80523.9;5,609;111;5,416;0,193;-5,223
80433.5;5,608;264;0,984;4,624;3,640
80337.4;5,605;98;0,818;4,787;3,969
80499.4;5,601;187;5,046;0,555;-4,491
81058.8;5,600;87;0,058;5,542;5,484
80648.4;5,597;51;0,313;5,284;4,971
80592.3;5,589;53;0,492;5,097;4,605
80448.6;5,587;185;1,252;4,335;3,083
80242.1;5,584;85;4,861;0,723;-4,138
80219.6;5,583;82;0,667;4,916;4,249
80663.2;5,582;9;5,579;0,003;-5,576
80673.5;5,581;5;5,574;0,007;-5,567
80297.5;5,578;225;1,433;4,145;2,712
81247.0;5,576;227;0,193;5,383;5,190
80431.7;5,574;305;3,019;2,555;-0,464
80579.3;5,570;50;1,774;3,796;2,022
80333.6;5,566;214;4,349;1,217;-3,132
80385.3;5,560;110;5,461;0,099;-5,362
80163.8;5,559;29;5,527;0,032;-5,495
80244.4;5,553;137;1,508;4,045;2,537
80335.6;5,552;155;0,525;5,027;4,502
81055.9;5,549;199;1,674;3,875;2,201
80434.8;5,547;237;0,753;4,794;4,041
80363.5;5,545;216;0,718;4,827;4,109
81120.0;5,544;152;4,327;1,217;-3,110
80982.6;5,543;108;0,003;5,540;5,537
80417.2;5,539;205;4,038;1,501;-2,537
80155.0;5,537;59;4,125;1,412;-2,713
80306.1;5,533;173;1,366;4,167;2,801
80584.5;5,522;136;1,335;4,187;2,852
80339.4;5,519;218;3,132;2,387;-0,745
80338.8;5,518;150;3,981;1,537;-2,444
80167.0;5,516;81;1,318;4,198;2,880
80610.0;5,514;112;2,621;2,893;0,272
80509.7;5,511;142;3,731;1,780;-1,951
80405.8;5,499;222;2,001;3,498;1,497
80478.4;5,497;221;3,190;2,307;-0,883
80413.3;5,494;260;4,452;1,042;-3,410
80828.7;5,493;17;5,491;0,002;-5,489
80346.9;5,492;169;3,190;2,302;-0,888
80161.8;5,491;22;2,288;3,203;0,915
80516.1;5,487;49;0,295;5,192;4,897
80263.5;5,482;143;4,136;1,346;-2,790
80380.2;5,480;201;0,688;4,792;4,104
80204.2;5,479;123;0,018;5,461;5,443
80575.0;5,477;185;1,233;4,244;3,011
80236.1;5,472;62;0,018;5,454;5,436
80424.5;5,471;148;3,649;1,822;-1,827
80426.7;5,466;202;2,542;2,924;0,382
80503.4;5,464;130;4,328;1,136;-3,192
80582.9;5,463;75;5,253;0,210;-5,043
80868.4;5,461;26;1,486;3,975;2,489
80564.9;5,459;91;1,700;3,759;2,059
80336.4;5,451;190;0,771;4,680;3,909
80517.9;5,446;42;1,828;3,618;1,790
80327.8;5,433;298;0,606;4,827;4,221
80218.7;5,432;93;5,400;0,032;-5,368
81190.7;5,428;43;5,397;0,031;-5,366
80161.2;5,427;87;5,363;0,064;-5,299
81282.3;5,426;97;0,155;5,271;5,116
80500.7;5,421;93;4,629;0,792;-3,837
80498.9;5,414;172;0,914;4,500;3,586
80262.0;5,411;224;2,650;2,761;0,111
80487.8;5,409;148;3,430;1,979;-1,451
80429.2;5,408;160;2,179;3,229;1,050
80410.3;5,400;229;4,961;0,439;-4,522
80644.7;5,395;92;0,938;4,457;3,519
80352.6;5,394;283;0,953;4,441;3,488
80591.5;5,389;101;5,130;0,259;-4,871
80353.2;5,388;186;0,642;4,746;4,104
80287.0;5,384;292;2,694;2,690;-0,004
80414.1;5,377;214;1,358;4,019;2,661
81100.6;5,374;125;2,132;3,242;1,110
80484.4;5,370;205;2,505;2,865;0,360
80188.9;5,369;61;5,160;0,209;-4,951
80104.5;5,365;98;5,364;0,001;-5,363
81257.3;5,362;100;0,009;5,353;5,344
80830.2;5,356;59;5,354;0,002;-5,352
80238.0;5,355;132;4,054;1,301;-2,753
80440.3;5,353;153;2,028;3,325;1,297
80478.1;5,347;221;1,146;4,201;3,055
80320.5;5,346;207;3,600;1,746;-1,854
80375.3;5,345;132;3,973;1,372;-2,601
80287.3;5,342;130;2,127;3,215;1,088
80228.0;5,341;145;1,155;4,186;3,031
80387.3;5,337;263;1,759;3,578;1,819
80511.0;5,329;88;1,175;4,154;2,979
80946.4;5,327;46;4,215;1,112;-3,103
80326.5;5,326;250;1,435;3,891;2,456
80595.4;5,325;20;0,175;5,150;4,975
81042.1;5,320;111;5,301;0,019;-5,282
80370.9;5,316;134;3,291;2,025;-1,266
80374.8;5,303;151;3,785;1,518;-2,267
80494.0;5,301;287;4,250;1,051;-3,199
80665.1;5,300;90;5,046;0,254;-4,792
81156.2;5,299;67;5,298;0,001;-5,297
80264.0;5,298;267;5,046;0,252;-4,794
80543.6;5,295;70;0,256;5,039;4,783
80362.8;5,292;118;0,222;5,070;4,848
80234.1;5,290;108;5,275;0,015;-5,260
80399.2;5,288;160;1,557;3,731;2,174
80570.2;5,287;44;2,327;2,960;0,633
80380.3;5,283;227;3,384;1,899;-1,485
80560.0;5,282;239;0,961;4,321;3,360
80510.1;5,277;190;0,132;5,145;5,013
80398.7;5,272;169;1,083;4,189;3,106
80437.2;5,271;157;3,951;1,320;-2,631
80397.4;5,269;129;0,791;4,478;3,687
80288.1;5,268;193;1,276;3,992;2,716
80349.5;5,267;133;1,726;3,541;1,815
80430.2;5,260;270;0,979;4,281;3,302
80235.8;5,258;134;5,242;0,016;-5,226
80505.4;5,253;188;4,027;1,226;-2,801
81243.0;5,251;162;5,082;0,169;-4,913
80504.2;5,250;120;3,916;1,334;-2,582
80874.8;5,235;97;5,232;0,003;-5,229
80250.3;5,232;72;4,066;1,166;-2,900
80191.5;5,228;30;4,948;0,280;-4,668
80412.4;5,226;234;0,850;4,376;3,526
80398.9;5,223;167;0,341;4,882;4,541
81068.8;5,222;18;5,165;0,057;-5,108
80397.6;5,221;201;2,377;2,844;0,467
80493.4;5,220;277;0,441;4,779;4,338
80559.9;5,214;64;2,274;2,940;0,666
80660.0;5,207;75;3,030;2,177;-0,853
80290.4;5,195;180;0,386;4,809;4,423
80243.9;5,192;51;0,249;4,943;4,694
80822.3;5,190;33;0,032;5,158;5,126
80366.9;5,188;234;2,088;3,100;1,012
80599.8;5,185;102;2,130;3,055;0,925
80294.6;5,184;128;0,279;4,905;4,626
80528.4;5,182;74;4,843;0,339;-4,504
80357.5;5,181;324;2,393;2,788;0,395
80820.0;5,176;56;4,329;0,847;-3,482
80411.2;5,174;291;3,846;1,328;-2,518
80357.6;5,172;256;1,437;3,735;2,298
80349.0;5,168;192;3,438;1,730;-1,708
80411.7;5,165;194;1,493;3,672;2,179
80366.2;5,162;161;4,003;1,159;-2,844
80129.2;5,160;5;5,160;0,000;-5,160
80153.0;5,158;38;0,396;4,762;4,366
80325.7;5,155;258;1,136;4,019;2,883
80496.6;5,146;133;0,808;4,338;3,530
80427.1;5,144;224;3,607;1,537;-2,070
80342.2;5,135;278;3,972;1,163;-2,809
80268.1;5,129;117;3,424;1,705;-1,719
80591.1;5,126;101;0,967;4,159;3,192
80255.8;5,123;91;0,665;4,458;3,793
80247.7;5,120;113;0,007;5,113;5,106
80608.7;5,119;66;2,140;2,979;0,839
80503.6;5,118;146;0,780;4,338;3,558
80551.2;5,112;126;0,768;4,344;3,576
80212.0;5,111;89;0,626;4,485;3,859
80403.3;5,105;213;1,152;3,953;2,801
80527.7;5,104;83;4,977;0,127;-4,850
80242.5;5,102;133;0,693;4,409;3,716
80581.6;5,099;75;4,503;0,596;-3,907
80567.4;5,098;162;0,145;4,953;4,808
80533.9;5,094;40;1,200;3,894;2,694
80633.5;5,091;65;4,965;0,126;-4,839
80348.8;5,079;258;4,036;1,043;-2,993
81074.4;5,078;172;1,653;3,425;1,772
80417.1;5,077;209;4,302;0,775;-3,527
80347.6;5,076;193;4,542;0,534;-4,008
80959.9;5,067;51;5,063;0,004;-5,059
80158.0;5,059;67;3,217;1,842;-1,375
80516.8;5,058;77;0,892;4,166;3,274
80202.7;5,054;60;5,051;0,003;-5,048
80252.3;5,053;112;0,241;4,812;4,571
80396.6;5,047;200;3,270;1,777;-1,493
80625.9;5,044;37;5,011;0,033;-4,978
80375.2;5,043;104;4,383;0,660;-3,723
81101.1;5,042;59;4,916;0,126;-4,790
80220.6;5,035;69;2,546;2,489;-0,057
80220.7;5,034;116;4,866;0,168;-4,698
80511.9;5,033;170;0,491;4,542;4,051
80400.4;5,029;148;2,605;2,424;-0,181
80483.3;5,028;141;2,824;2,204;-0,620
80216.1;5,025;280;0,688;4,337;3,649
80374.4;5,023;188;3,176;1,847;-1,329
81236.4;5,022;50;3,347;1,675;-1,672
80498.8;5,019;128;0,061;4,958;4,897
80419.6;5,013;263;1,113;3,900;2,787
80985.3;5,011;6;5,009;0,002;-5,007
80510.4;5,009;199;2,662;2,347;-0,315
80736.0;5,008;28;5,008;0,000;-5,008
80216.2;5,006;74;0,052;4,954;4,902
81070.8;4,992;108;3,537;1,455;-2,082
80247.2;4,991;166;2,814;2,177;-0,637
80565.2;4,989;74;0,140;4,849;4,709
80888.6;4,985;77;4,913;0,072;-4,841
80206.3;4,981;89;3,677;1,304;-2,373
81278.3;4,976;182;0,006;4,970;4,964
80791.2;4,973;9;4,973;0,000;-4,973
80242.6;4,971;101;0,432;4,539;4,107
80308.8;4,965;222;2,238;2,727;0,489
80330.2;4,957;168;3,380;1,577;-1,803
80276.3;4,953;158;2,736;2,217;-0,519
80280.9;4,950;114;4,602;0,348;-4,254
80435.4;4,944;199;3,862;1,082;-2,780
80535.9;4,943;72;2,522;2,421;-0,101
80395.3;4,939;154;2,860;2,079;-0,781
80255.2;4,938;95;2,231;2,707;0,476
80367.2;4,937;158;3,802;1,135;-2,667
80305.6;4,935;139;1,076;3,859;2,783
80428.6;4,928;190;2,317;2,611;0,294
80444.1;4,926;252;0,540;4,386;3,846
80260.9;4,922;72;2,542;2,380;-0,162
80962.9;4,918;135;1,458;3,460;2,002
80490.6;4,913;116;0,545;4,368;3,823
80251.8;4,911;71;4,225;0,686;-3,539
80274.4;4,910;132;3,670;1,240;-2,430
81134.9;4,904;104;0,003;4,901;4,898
81039.7;4,902;83;4,296;0,606;-3,690
80614.2;4,891;50;4,164;0,727;-3,437
80885.0;4,889;54;3,016;1,873;-1,143
80467.1;4,888;122;3,324;1,564;-1,760
80650.7;4,886;87;0,215;4,671;4,456
81225.7;4,885;70;0,039;4,846;4,807
80471.1;4,883;270;2,809;2,074;-0,735
80212.2;4,878;97;1,159;3,719;2,560
80294.7;4,876;151;0,885;3,991;3,106
80245.2;4,871;159;3,350;1,521;-1,829
80467.6;4,863;216;2,432;2,431;-0,001
80265.0;4,860;258;0,765;4,095;3,330
80372.5;4,858;324;4,159;0,699;-3,460
80572.2;4,855;77;3,367;1,488;-1,879
80376.5;4,854;154;2,193;2,661;0,468
80378.5;4,851;170;3,215;1,636;-1,579
80313.1;4,846;152;1,387;3,459;2,072
80532.5;4,845;102;0,048;4,797;4,749
80218.8;4,844;123;0,020;4,824;4,804
80278.9;4,840;202;0,387;4,453;4,066
80426.1;4,837;196;2,289;2,548;0,259
80318.9;4,835;162;4,609;0,226;-4,383
80589.6;4,832;34;0,076;4,756;4,680
80578.8;4,831;35;1,368;3,463;2,095
80406.2;4,826;302;2,006;2,820;0,814
80894.3;4,824;45;0,006;4,818;4,812
80579.0;4,823;45;1,791;3,032;1,241
80915.2;4,816;104;4,794;0,022;-4,772
80393.4;4,814;132;1,924;2,890;0,966
80246.7;4,811;84;4,024;0,787;-3,237
80556.1;4,809;71;0,303;4,506;4,203
80460.8;4,803;266;1,900;2,903;1,003
80606.1;4,798;63;3,932;0,866;-3,066
80218.1;4,793;144;4,644;0,149;-4,495
80280.4;4,790;126;3,289;1,501;-1,788
80574.8;4,787;68;2,261;2,526;0,265
80590.6;4,782;146;4,504;0,278;-4,226
80604.4;4,780;83;0,094;4,686;4,592
80640.4;4,778;74;0,072;4,706;4,634
80484.8;4,776;180;1,766;3,010;1,244
80888.9;4,775;40;0,013;4,762;4,749
80300.9;4,773;151;1,132;3,641;2,509
80272.5;4,768;216;0,783;3,985;3,202
80904.4;4,765;18;4,764;0,001;-4,763
80255.9;4,762;114;0,695;4,067;3,372
80277.2;4,761;108;3,169;1,592;-1,577
81081.8;4,759;109;4,743;0,016;-4,727
81115.3;4,756;32;0,755;4,001;3,246
81154.0;4,753;135;4,637;0,116;-4,521
80233.7;4,752;141;4,289;0,463;-3,826
80618.1;4,749;78;1,379;3,370;1,991
80397.3;4,744;88;3,902;0,842;-3,060
80267.9;4,743;128;3,879;0,864;-3,015
80563.5;4,736;50;0,862;3,874;3,012
80264.8;4,730;109;1,770;2,960;1,190
80579.8;4,727;68;4,379;0,348;-4,031
80672.5;4,723;46;4,721;0,002;-4,719
80444.2;4,721;167;1,899;2,822;0,923
81188.0;4,716;82;1,851;2,865;1,014
80389.5;4,714;144;1,458;3,256;1,798
80350.3;4,710;227;3,393;1,317;-2,076
80955.0;4,705;30;0,834;3,871;3,037
80400.7;4,702;145;4,058;0,644;-3,414
80218.4;4,700;94;1,445;3,255;1,810
80320.6;4,698;139;3,299;1,399;-1,900
81003.9;4,696;145;3,555;1,141;-2,414
80536.1;4,694;210;0,070;4,624;4,554
80323.0;4,692;207;4,370;0,322;-4,048
80235.1;4,690;121;1,023;3,667;2,644
80517.2;4,687;95;3,874;0,813;-3,061
80625.7;4,685;70;2,476;2,209;-0,267
81202.4;4,675;32;0,011;4,664;4,653
80310.3;4,663;164;3,074;1,589;-1,485
80359.5;4,659;163;2,353;2,306;-0,047
80454.7;4,658;163;2,931;1,727;-1,204
80752.4;4,657;59;4,649;0,008;-4,641
80411.8;4,655;212;2,697;1,958;-0,739
80895.0;4,653;69;0,260;4,393;4,133
80393.7;4,651;181;0,420;4,231;3,811
80490.8;4,646;144;1,152;3,494;2,342
81039.6;4,640;93;1,895;2,745;0,850
80389.6;4,637;234;1,344;3,293;1,949
80931.4;4,633;32;0,373;4,260;3,887
80241.3;4,631;116;0,433;4,198;3,765
80593.0;4,626;92;0,892;3,734;2,842
81078.8;4,624;58;4,512;0,112;-4,400
80413.8;4,613;171;1,249;3,364;2,115
80266.6;4,606;156;1,144;3,462;2,318
81184.6;4,604;213;4,565;0,039;-4,526
80289.4;4,603;79;0,411;4,192;3,781
80344.4;4,602;110;1,283;3,319;2,036
80361.5;4,592;218;3,429;1,163;-2,266
80345.1;4,590;237;4,006;0,584;-3,422
80584.4;4,589;101;3,629;0,960;-2,669
80445.3;4,583;195;1,836;2,747;0,911
80373.3;4,582;140;0,448;4,134;3,686
80436.2;4,581;232;2,514;2,067;-0,447
80286.5;4,577;152;1,387;3,190;1,803
80288.4;4,572;77;4,300;0,272;-4,028
80339.1;4,565;134;1,718;2,847;1,129
80266.0;4,563;187;2,106;2,457;0,351
80339.2;4,559;209;3,104;1,455;-1,649
80436.5;4,553;234;0,459;4,094;3,635
81039.0;4,552;78;4,483;0,069;-4,414
80339.3;4,551;341;3,291;1,260;-2,031
81005.0;4,549;77;4,537;0,012;-4,525
80473.6;4,545;193;1,734;2,811;1,077
80352.5;4,544;351;2,018;2,526;0,508
80417.0;4,542;283;2,152;2,390;0,238
80534.3;4,537;86;0,569;3,968;3,399
81057.0;4,536;64;1,483;3,053;1,570
80473.8;4,528;194;1,333;3,195;1,862
80326.8;4,524;328;2,656;1,868;-0,788
80351.5;4,522;120;0,871;3,651;2,780
80152.4;4,518;99;0,003;4,515;4,512
80523.1;4,513;97;0,140;4,373;4,233
80501.4;4,511;55;0,524;3,987;3,463
80434.3;4,504;242;2,419;2,085;-0,334
80255.1;4,500;86;2,754;1,746;-1,008
80207.0;4,499;56;2,747;1,752;-0,995
81060.6;4,498;56;1,334;3,164;1,830
80960.3;4,492;25;4,337;0,155;-4,182
81275.4;4,489;115;4,446;0,043;-4,403
80327.5;4,487;283;3,209;1,278;-1,931
80430.3;4,480;225;3,577;0,903;-2,674
80239.7;4,478;180;0,092;4,386;4,294
80649.9;4,477;56;1,384;3,093;1,709
80403.9;4,475;195;2,816;1,659;-1,157
80685.5;4,474;89;4,474;0,000;-4,474
81116.4;4,471;132;1,898;2,573;0,675
81112.6;4,470;102;4,321;0,149;-4,172
80507.3;4,469;126;2,368;2,101;-0,267
80342.1;4,468;216;1,179;3,289;2,110
80588.6;4,465;51;4,437;0,028;-4,409
80326.6;4,463;196;1,363;3,100;1,737
80314.5;4,462;143;2,225;2,237;0,012
80811.0;4,459;40;4,367;0,092;-4,275
80535.1;4,457;95;2,429;2,028;-0,401
80244.3;4,454;118;4,398;0,056;-4,342
81202.0;4,450;68;0,445;4,005;3,560
81209.2;4,448;18;1,942;2,506;0,564
80357.2;4,447;151;2,753;1,694;-1,059
80633.0;4,439;14;4,167;0,272;-3,895
80584.6;4,438;88;0,165;4,273;4,108
80549.5;4,435;98;4,298;0,137;-4,161
80842.8;4,434;95;3,990;0,444;-3,546
80249.4;4,432;64;4,327;0,105;-4,222
80520.8;4,430;83;4,202;0,228;-3,974
81152.5;4,428;44;0,008;4,420;4,412
80446.8;4,427;184;0,762;3,665;2,903
80643.1;4,424;63;1,293;3,131;1,838
80485.3;4,421;187;3,193;1,228;-1,965
81177.5;4,417;152;4,402;0,015;-4,387
80610.9;4,413;10;0,120;4,293;4,173
80493.2;4,412;230;1,756;2,656;0,900
80383.3;4,410;192;1,696;2,714;1,018
80962.2;4,408;151;4,349;0,059;-4,290
80567.3;4,406;164;4,131;0,275;-3,856
80644.6;4,405;65;4,396;0,009;-4,387
80412.5;4,401;320;1,209;3,192;1,983
80980.0;4,399;63;4,345;0,054;-4,291
80418.3;4,394;187;4,106;0,288;-3,818
80348.3;4,390;147;3,777;0,613;-3,164
80409.3;4,388;159;0,138;4,250;4,112
81111.6;4,386;126;4,378;0,008;-4,370
80369.4;4,383;269;0,970;3,413;2,443
80287.4;4,382;129;2,642;1,740;-0,902
80489.3;4,381;117;1,100;3,281;2,181
81054.5;4,378;106;2,451;1,927;-0,524
80250.7;4,368;42;3,318;1,050;-2,268
80261.8;4,367;115;1,860;2,507;0,647
81072.3;4,366;78;4,352;0,014;-4,338
80521.1;4,363;77;3,262;1,101;-2,161
80488.7;4,362;133;1,360;3,002;1,642
80287.5;4,360;304;1,343;3,017;1,674
80877.3;4,359;56;4,353;0,006;-4,347
80361.4;4,358;162;1,108;3,250;2,142
80314.2;4,353;205;0,869;3,484;2,615
80506.4;4,350;144;1,104;3,246;2,142
80583.9;4,347;102;3,991;0,356;-3,635
81276.1;4,345;64;2,786;1,559;-1,227
80243.6;4,344;66;3,875;0,469;-3,406
80535.2;4,342;119;2,685;1,657;-1,028
80577.9;4,339;102;0,333;4,006;3,673
80923.4;4,335;40;3,767;0,568;-3,199
80520.3;4,333;60;3,530;0,803;-2,727
80504.6;4,331;91;1,041;3,290;2,249
80400.9;4,330;94;4,162;0,168;-3,994
80186.1;4,326;87;0,685;3,641;2,956
80474.5;4,320;177;0,423;3,897;3,474
80412.2;4,318;191;1,646;2,672;1,026
80290.7;4,316;134;2,679;1,637;-1,042
80132.1;4,313;34;0,134;4,179;4,045
81079.2;4,311;51;4,305;0,006;-4,299
80321.8;4,310;192;1,927;2,383;0,456
80509.6;4,309;140;2,083;2,226;0,143
81090.0;4,301;68;3,217;1,084;-2,133
80190.1;4,300;47;0,005;4,295;4,290
80280.8;4,299;91;3,677;0,622;-3,055
80397.7;4,296;108;2,520;1,776;-0,744
80921.4;4,295;44;4,295;0,000;-4,295
81186.4;4,292;72;3,214;1,078;-2,136
81043.0;4,288;78;0,170;4,118;3,948
80227.9;4,287;80;4,273;0,014;-4,259
80378.6;4,285;176;1,715;2,570;0,855
80361.6;4,282;269;2,163;2,119;-0,044
80180.0;4,276;107;4,255;0,021;-4,234
80536.2;4,273;110;2,719;1,554;-1,165
80394.3;4,271;172;2,374;1,897;-0,477
80227.4;4,270;60;4,208;0,062;-4,146
80596.3;4,269;30;0,337;3,932;3,595
81248.3;4,264;113;0,159;4,105;3,946
80176.1;4,262;52;4,261;0,001;-4,260
80491.8;4,260;168;1,219;3,041;1,822
80256.3;4,256;73;3,120;1,136;-1,984
80577.7;4,255;98;2,383;1,872;-0,511
80388.3;4,250;90;1,432;2,818;1,386
81217.3;4,245;52;3,094;1,151;-1,943
80585.2;4,244;92;1,182;3,062;1,880
80271.0;4,242;144;1,796;2,446;0,650
80400.8;4,237;135;0,407;3,830;3,423
80450.6;4,236;241;2,117;2,119;0,002
80330.9;4,235;332;2,730;1,505;-1,225
80670.1;4,233;61;4,233;0,000;-4,233
80836.7;4,230;89;4,228;0,002;-4,226
81229.7;4,228;28;0,378;3,850;3,472
81069.1;4,222;42;4,110;0,112;-3,998
80987.7;4,220;73;3,349;0,871;-2,478
80315.4;4,218;122;1,775;2,443;0,668
80517.8;4,217;64;0,049;4,168;4,119
80357.1;4,214;205;1,196;3,018;1,822
80293.2;4,208;140;3,254;0,954;-2,300
80211.7;4,204;97;2,007;2,197;0,190
80350.8;4,201;146;1,259;2,942;1,683
81000.9;4,199;84;1,280;2,919;1,639
80273.2;4,198;102;0,289;3,909;3,620
80341.3;4,191;133;3,498;0,693;-2,805
80317.4;4,189;212;1,541;2,648;1,107
80601.5;4,184;50;3,022;1,162;-1,860
81276.9;4,182;56;0,026;4,156;4,130
80651.2;4,181;38;3,637;0,544;-3,093
81197.9;4,179;48;4,174;0,005;-4,169
80458.6;4,170;200;2,729;1,441;-1,288
80689.1;4,169;41;0,004;4,165;4,161
80247.1;4,165;90;4,102;0,063;-4,039
80361.3;4,162;140;1,596;2,566;0,970
80586.5;4,157;53;2,019;2,138;0,119
80468.3;4,154;160;2,965;1,189;-1,776
80264.3;4,152;169;0,114;4,038;3,924
80360.9;4,150;173;0,858;3,292;2,434
80394.0;4,147;266;1,683;2,464;0,781
80396.4;4,139;87;0,208;3,931;3,723
80175.7;4,136;16;4,135;0,001;-4,134
80524.8;4,135;48;1,208;2,927;1,719
80283.5;4,132;167;2,760;1,372;-1,388
80276.8;4,129;196;2,286;1,843;-0,443
80284.5;4,128;170;2,415;1,713;-0,702
80604.7;4,127;53;2,594;1,533;-1,061
80664.6;4,125;153;1,041;3,084;2,043
80808.0;4,119;16;4,119;0,000;-4,119
81273.0;4,118;118;0,067;4,051;3,984
80508.1;4,116;76;2,397;1,719;-0,678
80466.8;4,107;159;1,598;2,509;0,911
80632.1;4,105;47;0,712;3,393;2,681
81246.9;4,104;223;3,884;0,220;-3,664
80132.6;4,101;44;4,044;0,057;-3,987
80346.2;4,100;164;1,428;2,672;1,244
80408.5;4,097;213;0,898;3,199;2,301
80238.1;4,094;121;2,027;2,067;0,040
80581.7;4,091;117;1,663;2,428;0,765
80563.4;4,089;31;0,117;3,972;3,855
81041.1;4,088;84;4,076;0,012;-4,064
80391.8;4,081;246;2,557;1,524;-1,033
80830.3;4,080;75;0,043;4,037;3,994
81059.0;4,078;39;4,013;0,065;-3,948
80393.6;4,077;141;3,207;0,870;-2,337
80153.2;4,070;62;1,384;2,686;1,302
80327.3;4,068;198;0,487;3,581;3,094
80301.1;4,067;166;1,258;2,809;1,551
80539.3;4,065;100;3,708;0,357;-3,351
80395.4;4,064;208;2,897;1,167;-1,730
80345.9;4,061;234;1,959;2,102;0,143
81064.8;4,058;53;1,882;2,176;0,294
80369.3;4,050;140;3,708;0,342;-3,366
80410.7;4,041;279;0,499;3,542;3,043
80452.8;4,039;191;2,130;1,909;-0,221
80496.4;4,037;117;0,450;3,587;3,137
80242.8;4,033;74;1,685;2,348;0,663
80214.6;4,032;110;0,239;3,793;3,554
80344.5;4,027;153;2,457;1,570;-0,887
81064.4;4,024;70;3,363;0,661;-2,702
80401.5;4,022;111;3,199;0,823;-2,376
80394.6;4,018;121;3,048;0,970;-2,078
80203.6;4,015;30;4,008;0,007;-4,001
80401.1;4,012;141;3,054;0,958;-2,096
80384.9;4,011;149;1,608;2,403;0,795
81160.8;4,007;117;0,004;4,003;3,999
80249.7;4,006;106;3,838;0,168;-3,670
80571.9;4,005;92;1,576;2,429;0,853
80489.1;4,003;94;0,232;3,771;3,539
80479.0;4,002;186;1,380;2,622;1,242
80640.6;3,999;56;0,257;3,742;3,485
80597.7;3,995;90;0,423;3,572;3,149
80842.0;3,993;70;3,808;0,185;-3,623
80388.2;3,991;178;1,708;2,283;0,575
80658.4;3,990;23;0,944;3,046;2,102
80559.6;3,989;73;1,191;2,798;1,607
81294.6;3,988;133;0,019;3,969;3,950
81051.3;3,983;60;2,169;1,814;-0,355
81134.5;3,978;109;3,636;0,342;-3,294
81237.3;3,973;105;2,987;0,986;-2,001
81237.2;3,969;50;1,114;2,855;1,741
80318.4;3,968;181;1,788;2,180;0,392
80258.8;3,962;52;3,874;0,088;-3,786
80308.7;3,960;123;0,196;3,764;3,568
80852.6;3,959;46;3,959;0,000;-3,959
80253.2;3,957;68;1,350;2,607;1,257
80483.7;3,955;141;0,496;3,459;2,963
80325.8;3,946;207;2,282;1,664;-0,618
81097.4;3,945;47;3,935;0,010;-3,925
80478.2;3,944;189;1,997;1,947;-0,050
80274.8;3,942;176;1,858;2,084;0,226
80497.6;3,939;193;1,730;2,209;0,479
80663.3;3,935;22;3,788;0,147;-3,641
81261.9;3,931;79;3,867;0,064;-3,803
80233.8;3,927;169;0,283;3,644;3,361
80809.7;3,925;42;0,003;3,922;3,919
80179.8;3,919;8;3,914;0,005;-3,909
80366.3;3,918;152;3,083;0,835;-2,248
80405.6;3,913;151;2,254;1,659;-0,595
80506.3;3,912;146;2,379;1,533;-0,846
80246.4;3,910;230;3,674;0,236;-3,438
81287.8;3,906;114;0,208;3,698;3,490
81082.0;3,900;93;2,954;0,946;-2,008
81031.8;3,898;59;3,893;0,005;-3,888
81111.0;3,896;109;3,119;0,777;-2,342
80304.9;3,890;132;1,783;2,107;0,324
80373.2;3,889;158;3,160;0,729;-2,431
80248.2;3,883;46;0,120;3,763;3,643
80503.0;3,881;146;2,367;1,514;-0,853
80346.7;3,880;183;1,616;2,264;0,648
80266.5;3,872;155;3,774;0,098;-3,676
81075.9;3,871;76;0,103;3,768;3,665
80366.8;3,868;167;3,080;0,788;-2,292
81074.0;3,864;124;3,743;0,121;-3,622
80220.2;3,863;106;2,875;0,988;-1,887
80668.8;3,861;11;3,836;0,025;-3,811
80422.8;3,860;181;2,005;1,855;-0,150
80335.1;3,859;275;2,924;0,935;-1,989
80250.4;3,857;47;2,550;1,307;-1,243
80111.4;3,855;3;3,855;0,000;-3,855
81073.9;3,851;77;0,662;3,189;2,527
80221.1;3,850;124;0,024;3,826;3,802
80219.7;3,848;86;2,335;1,513;-0,822
80318.1;3,846;197;0,822;3,024;2,202
80232.0;3,843;168;0,770;3,073;2,303
80225.9;3,838;100;3,789;0,049;-3,740
80328.9;3,835;193;2,301;1,534;-0,767
80447.3;3,833;137;1,009;2,824;1,815
81076.7;3,830;91;2,727;1,103;-1,624
80578.3;3,829;92;0,845;2,984;2,139
80424.4;3,826;195;1,011;2,815;1,804
81077.7;3,825;88;3,523;0,302;-3,221
80218.2;3,824;125;0,177;3,647;3,470
80337.5;3,823;188;2,597;1,226;-1,371
80413.9;3,819;185;2,820;0,999;-1,821
80136.3;3,814;12;0,003;3,811;3,808
80249.2;3,813;66;3,545;0,268;-3,277
80420.3;3,811;203;3,169;0,642;-2,527
80669.5;3,800;44;2,387;1,413;-0,974
80293.1;3,797;181;0,630;3,167;2,537
80543.0;3,796;77;0,799;2,997;2,198
81014.4;3,792;69;0,002;3,790;3,788
80483.1;3,791;143;1,880;1,911;0,031
80580.5;3,789;46;3,440;0,349;-3,091
80410.6;3,787;199;0,631;3,156;2,525
80512.6;3,786;164;3,446;0,340;-3,106
80329.7;3,779;174;2,020;1,759;-0,261
80514.8;3,771;44;0,448;3,323;2,875
81080.1;3,770;118;1,244;2,526;1,282
80900.4;3,769;10;2,365;1,404;-0,961
80348.2;3,765;218;0,579;3,186;2,607
80143.1;3,761;49;3,761;0,000;-3,761
80374.9;3,759;219;2,538;1,221;-1,317
80500.5;3,751;81;1,414;2,337;0,923
80665.2;3,750;55;1,183;2,567;1,384
80607.9;3,749;62;0,927;2,822;1,895
80580.2;3,747;74;2,854;0,893;-1,961
80855.2;3,745;49;0,064;3,681;3,617
80625.6;3,744;71;0,017;3,727;3,710
80549.7;3,741;100;0,122;3,619;3,497
80508.5;3,739;127;2,636;1,103;-1,533
80436.8;3,737;209;0,684;3,053;2,369
80352.7;3,731;156;1,220;2,511;1,291
80369.6;3,727;161;0,633;3,094;2,461
80321.5;3,724;134;2,864;0,860;-2,004
80601.4;3,716;31;0,036;3,680;3,644
80569.2;3,715;63;0,975;2,740;1,765
80664.9;3,711;61;0,156;3,555;3,399
80568.2;3,710;62;3,492;0,218;-3,274
80483.8;3,708;144;2,330;1,378;-0,952
80578.5;3,703;54;3,392;0,311;-3,081
80449.4;3,701;165;0,191;3,510;3,319
80535.0;3,699;147;2,348;1,351;-0,997
80469.3;3,698;193;1,890;1,808;-0,082
80570.6;3,697;72;1,939;1,758;-0,181
81109.5;3,696;96;0,020;3,676;3,656
80528.5;3,695;126;0,209;3,486;3,277
80312.3;3,693;217;0,420;3,273;2,853
80322.2;3,691;164;1,225;2,466;1,241
81182.4;3,690;63;0,195;3,495;3,300
81225.5;3,687;167;0,023;3,664;3,641
80519.3;3,679;51;3,162;0,517;-2,645
80599.0;3,673;58;0,045;3,628;3,583
81134.8;3,672;69;3,668;0,004;-3,664
80392.9;3,669;242;1,796;1,873;0,077
80450.9;3,668;150;1,961;1,707;-0,254
80359.7;3,660;174;1,263;2,397;1,134
80340.7;3,657;136;1,098;2,559;1,461
80640.9;3,655;43;2,058;1,597;-0,461
80601.2;3,653;48;3,504;0,149;-3,355
80278.0;3,652;218;2,017;1,635;-0,382
80381.4;3,651;133;3,226;0,425;-2,801
80374.7;3,648;157;0,707;2,941;2,234
80604.1;3,643;49;1,412;2,231;0,819
80496.5;3,641;158;2,761;0,880;-1,881
80957.0;3,640;34;3,577;0,063;-3,514
80284.3;3,637;73;0,845;2,792;1,947
80444.5;3,636;199;0,395;3,241;2,846
81155.5;3,633;34;2,665;0,968;-1,697
80243.2;3,632;91;3,457;0,175;-3,282
81276.0;3,628;111;2,301;1,327;-0,974
80924.1;3,627;26;3,627;0,000;-3,627
81261.7;3,624;98;3,599;0,025;-3,574
80205.5;3,623;63;0,431;3,192;2,761
80596.8;3,618;74;3,427;0,191;-3,236
80257.1;3,616;130;0,699;2,917;2,218
80371.2;3,614;201;2,609;1,005;-1,604
80652.4;3,609;18;0,371;3,238;2,867
80152.3;3,608;60;3,607;0,001;-3,606
80585.0;3,606;193;2,318;1,288;-1,030
80312.6;3,605;162;1,178;2,427;1,249
80209.8;3,604;40;0,077;3,527;3,450
80261.1;3,603;39;3,549;0,054;-3,495
80439.2;3,602;209;0,931;2,671;1,740
80879.4;3,600;9;3,474;0,126;-3,348
80767.1;3,597;17;3,597;0,000;-3,597
80371.0;3,596;166;1,832;1,764;-0,068
80571.3;3,586;71;1,341;2,245;0,904
80279.4;3,583;111;2,067;1,516;-0,551
80645.8;3,577;41;2,960;0,617;-2,343
80894.2;3,575;46;3,564;0,011;-3,553
80222.0;3,574;96;1,698;1,876;0,178
80496.7;3,572;95;1,331;2,241;0,910
80272.1;3,569;171;1,452;2,117;0,665
80529.0;3,565;141;1,692;1,873;0,181
81073.2;3,564;32;3,407;0,157;-3,250
80138.6;3,563;42;3,562;0,001;-3,561
80665.9;3,562;47;3,406;0,156;-3,250
81252.1;3,561;75;3,093;0,468;-2,625
80446.2;3,560;159;0,583;2,977;2,394
80335.5;3,558;209;2,071;1,487;-0,584
80573.6;3,557;80;1,930;1,627;-0,303
80359.4;3,555;150;1,224;2,331;1,107
81067.4;3,552;41;0,072;3,480;3,408
81085.7;3,547;129;0,499;3,048;2,549
80645.9;3,544;81;0,009;3,535;3,526
80249.8;3,535;134;2,374;1,161;-1,213
81114.4;3,534;48;0,220;3,314;3,094
80541.2;3,533;58;0,014;3,519;3,505
80136.0;3,532;18;3,529;0,003;-3,526
80634.3;3,529;16;3,334;0,195;-3,139
80289.1;3,528;110;1,403;2,125;0,722
80214.0;3,526;111;3,403;0,123;-3,280
80623.1;3,524;75;0,013;3,511;3,498
80357.7;3,523;195;1,434;2,089;0,655
80524.6;3,521;29;0,644;2,877;2,233
80209.5;3,519;86;3,418;0,101;-3,317
80144.9;3,515;2;3,515;0,000;-3,515
80514.7;3,514;38;3,007;0,507;-2,500
80463.1;3,513;261;1,596;1,917;0,321
81071.7;3,512;131;0,403;3,109;2,706
80507.5;3,507;136;2,452;1,055;-1,397
80511.7;3,505;88;1,485;2,020;0,535
80779.1;3,503;33;3,297;0,206;-3,091
80650.5;3,497;10;3,495;0,002;-3,493
81066.7;3,496;37;3,191;0,305;-2,886
80406.8;3,495;169;1,983;1,512;-0,471
81050.5;3,493;59;3,488;0,005;-3,483
81035.5;3,490;64;3,478;0,012;-3,466
80233.1;3,487;78;0,124;3,363;3,239
80237.1;3,483;26;3,474;0,009;-3,465
80462.7;3,476;177;0,900;2,576;1,676
81100.3;3,474;155;0,664;2,810;2,146
80515.1;3,469;113;0,847;2,622;1,775
80293.3;3,468;196;1,644;1,824;0,180
81046.2;3,464;23;3,450;0,014;-3,436
80610.8;3,463;51;0,004;3,459;3,455
80832.8;3,462;32;3,460;0,002;-3,458
80867.0;3,460;16;3,296;0,164;-3,132
80724.2;3,453;8;0,003;3,450;3,447
80590.3;3,452;56;0,923;2,529;1,606
80263.0;3,451;65;3,418;0,033;-3,385
80395.9;3,450;120;3,394;0,056;-3,338
80489.2;3,446;82;0,441;3,005;2,564
80833.4;3,444;90;3,442;0,002;-3,440
80473.0;3,435;171;1,883;1,552;-0,331
80265.8;3,434;108;3,342;0,092;-3,250
80419.2;3,432;167;1,678;1,754;0,076
81122.5;3,428;60;3,409;0,019;-3,390
81039.2;3,424;52;0,020;3,404;3,384
80343.8;3,423;181;1,018;2,405;1,387
80188.8;3,415;59;3,407;0,008;-3,399
80173.1;3,408;25;3,406;0,002;-3,404
80637.3;3,405;14;3,395;0,010;-3,385
80244.8;3,404;120;2,258;1,146;-1,112
80669.9;3,402;61;3,402;0,000;-3,402
80520.9;3,400;96;1,181;2,219;1,038
80149.9;3,399;47;0,845;2,554;1,709
80375.4;3,398;152;1,072;2,326;1,254
80499.5;3,395;177;0,140;3,255;3,115
80674.4;3,386;37;3,350;0,036;-3,314
80545.8;3,381;88;2,776;0,605;-2,171
80809.1;3,380;28;0,002;3,378;3,376
80592.9;3,373;46;1,204;2,169;0,965
80824.4;3,371;11;3,371;0,000;-3,371
80287.6;3,370;113;0,416;2,954;2,538
80277.7;3,367;87;1,623;1,744;0,121
80833.8;3,365;12;3,360;0,005;-3,355
80176.2;3,363;49;3,228;0,135;-3,093
80266.8;3,355;101;2,787;0,568;-2,219
80602.5;3,354;75;0,021;3,333;3,312
80871.7;3,353;13;3,352;0,001;-3,351
81035.8;3,351;54;3,329;0,022;-3,307
80297.3;3,348;185;0,930;2,418;1,488
80289.3;3,346;81;2,331;1,015;-1,316
80282.6;3,344;209;2,772;0,572;-2,200
81219.8;3,342;24;0,179;3,163;2,984
80543.7;3,340;45;1,164;2,176;1,012
80899.9;3,338;27;2,964;0,374;-2,590
80441.2;3,334;145;0,276;3,058;2,782
80401.3;3,329;138;2,150;1,179;-0,971
80345.7;3,328;175;2,828;0,500;-2,328
80251.9;3,327;83;2,820;0,507;-2,313
80445.9;3,326;162;1,631;1,695;0,064
80279.2;3,325;108;0,051;3,274;3,223
80758.4;3,321;29;0,006;3,315;3,309
80489.5;3,316;120;0,412;2,904;2,492
81106.1;3,312;96;0,402;2,910;2,508
81072.6;3,311;117;0,402;2,909;2,507
80774.1;3,310;63;3,310;0,000;-3,310
80184.0;3,308;33;3,294;0,014;-3,280
81272.0;3,306;80;3,177;0,129;-3,048
80616.3;3,305;23;2,668;0,637;-2,031
80258.5;3,304;66;2,178;1,126;-1,052
80453.8;3,303;209;2,000;1,303;-0,697
80318.3;3,302;204;1,035;2,267;1,232
80152.9;3,298;20;0,937;2,361;1,424
80577.1;3,295;81;2,053;1,242;-0,811
80186.0;3,292;79;3,282;0,010;-3,272
80599.7;3,290;66;1,394;1,896;0,502
81038.4;3,288;69;0,199;3,089;2,890
80664.1;3,280;40;0,789;2,491;1,702
80716.6;3,277;46;0,002;3,275;3,273
80442.7;3,275;208;1,380;1,895;0,515
80242.7;3,269;117;2,812;0,457;-2,355
80664.2;3,266;38;1,614;1,652;0,038
80212.5;3,265;86;1,104;2,161;1,057
80242.4;3,264;75;3,236;0,028;-3,208
80504.9;3,260;154;1,678;1,582;-0,096
80545.3;3,257;97;2,813;0,444;-2,369
80183.3;3,255;53;0,479;2,776;2,297
81136.9;3,250;110;3,126;0,124;-3,002
80813.8;3,247;38;0,497;2,750;2,253
81240.5;3,239;132;2,743;0,496;-2,247
81012.5;3,238;49;2,978;0,260;-2,718
80388.7;3,237;197;1,721;1,516;-0,205
81088.3;3,236;29;3,128;0,108;-3,020
80129.1;3,234;12;3,084;0,150;-2,934
81282.2;3,231;40;3,176;0,055;-3,121
80578.0;3,230;105;1,468;1,762;0,294
80170.0;3,228;106;1,423;1,805;0,382
80986.8;3,226;34;3,205;0,021;-3,184
80254.5;3,225;70;3,123;0,102;-3,021
80487.6;3,224;152;1,877;1,347;-0,530
80150.1;3,223;73;0,044;3,179;3,135
80288.2;3,220;304;0,918;2,302;1,384
80096.0;3,219;74;0,018;3,201;3,183
80765.7;3,215;28;3,215;0,000;-3,215
80487.5;3,209;207;2,453;0,756;-1,697
80241.1;3,206;115;0,704;2,502;1,798
80485.5;3,205;153;0,994;2,211;1,217
81232.7;3,204;24;0,059;3,145;3,086
80641.3;3,200;13;3,140;0,060;-3,080
80517.7;3,198;112;0,173;3,025;2,852
81064.9;3,197;84;3,194;0,003;-3,191
80492.5;3,196;238;2,662;0,534;-2,128
80349.1;3,193;169;1,195;1,998;0,803
80156.0;3,192;63;3,059;0,133;-2,926
81229.2;3,190;70;2,200;0,990;-1,210
81244.6;3,187;38;1,543;1,644;0,101
81152.1;3,183;34;0,007;3,176;3,169
81030.0;3,181;109;2,778;0,403;-2,375
80170.1;3,180;22;3,098;0,082;-3,016
80137.9;3,177;26;1,547;1,630;0,083
80157.0;3,176;33;3,063;0,113;-2,950
80793.5;3,175;20;0,013;3,162;3,149
80503.1;3,174;144;0,718;2,456;1,738
80231.9;3,168;63;3,131;0,037;-3,094
80637.6;3,163;54;2,300;0,863;-1,437
80531.5;3,162;83;0,031;3,131;3,100
80774.4;3,157;36;0,394;2,763;2,369
81213.9;3,154;57;0,142;3,012;2,870
80321.6;3,153;178;0,805;2,348;1,543
80382.3;3,152;118;2,728;0,424;-2,304
81028.1;3,149;163;0,022;3,127;3,105
80252.6;3,148;158;2,321;0,827;-1,494
80258.2;3,147;161;0,810;2,337;1,527
80594.1;3,143;61;2,985;0,158;-2,827
80513.9;3,138;50;2,095;1,043;-1,052
80244.0;3,137;117;2,549;0,588;-1,961
81112.9;3,134;59;0,006;3,128;3,122
80301.5;3,128;320;1,081;2,047;0,966
81051.8;3,125;116;0,065;3,060;2,995
80485.6;3,124;141;1,222;1,902;0,680
81215.5;3,121;130;0,005;3,116;3,111
80255.7;3,115;75;0,486;2,629;2,143
80550.7;3,114;41;1,536;1,578;0,042
81100.1;3,113;15;3,105;0,008;-3,097
80509.5;3,111;58;0,096;3,015;2,919
81231.6;3,108;180;0,055;3,053;2,998
80704.1;3,106;30;1,544;1,562;0,018
81047.5;3,104;63;2,574;0,530;-2,044
81232.6;3,103;55;2,965;0,138;-2,827
80605.4;3,101;51;0,036;3,065;3,029
80338.3;3,100;194;1,824;1,276;-0,548
80211.0;3,099;74;2,965;0,134;-2,831
80301.0;3,098;164;1,769;1,329;-0,440
80523.3;3,097;57;1,691;1,406;-0,285
80338.4;3,096;188;1,996;1,100;-0,896
80121.1;3,092;46;2,921;0,171;-2,750
80540.1;3,091;62;0,054;3,037;2,983
80275.2;3,087;114;0,652;2,435;1,783
80964.8;3,086;70;3,076;0,010;-3,066
80174.2;3,079;68;2,702;0,377;-2,325
80111.0;3,078;44;3,077;0,001;-3,076
80472.7;3,074;158;1,154;1,920;0,766
80272.7;3,073;177;1,484;1,589;0,105
80657.2;3,067;37;0,171;2,896;2,725
80670.0;3,065;77;0,324;2,741;2,417
80630.1;3,061;39;0,276;2,785;2,509
80911.6;3,060;46;2,044;1,016;-1,028
80505.8;3,056;125;1,626;1,430;-0,196
80585.5;3,055;44;2,564;0,491;-2,073
80222.1;3,054;80;3,031;0,023;-3,008
80596.2;3,053;58;2,758;0,295;-2,463
80452.7;3,050;296;1,428;1,622;0,194
80217.5;3,049;116;0,993;2,056;1,063
81086.3;3,046;52;0,466;2,580;2,114
81227.5;3,044;87;0,307;2,737;2,430
80588.8;3,042;70;0,975;2,067;1,092
81189.9;3,041;38;1,171;1,870;0,699
80199.8;3,039;63;0,051;2,988;2,937
80369.2;3,035;134;1,484;1,551;0,067
80414.3;3,031;115;2,667;0,364;-2,303
80434.0;3,029;316;0,828;2,201;1,373
80231.1;3,025;62;3,012;0,013;-2,999
80824.5;3,021;13;3,017;0,004;-3,013
80556.6;3,013;93;0,086;2,927;2,841
80219.9;3,012;92;1,866;1,146;-0,720
80211.6;3,011;59;1,064;1,947;0,883
80621.3;3,010;46;2,804;0,206;-2,598
80485.7;3,009;187;2,088;0,921;-1,167
80971.4;3,007;18;3,007;0,000;-3,007
80750.8;3,004;10;3,004;0,000;-3,004
80220.3;3,002;57;1,073;1,929;0,856
80431.4;2,999;128;2,117;0,882;-1,235
80233.6;2,997;59;2,866;0,131;-2,735
80239.0;2,996;175;0,371;2,625;2,254
80179.5;2,987;3;2,987;0,000;-2,987
80367.3;2,985;170;2,064;0,921;-1,143
80482.8;2,981;130;0,962;2,019;1,057
80529.7;2,978;32;0,365;2,613;2,248
80630.3;2,977;9;2,977;0,000;-2,977
80344.8;2,972;168;1,906;1,066;-0,840
80230.3;2,971;57;2,325;0,646;-1,679
80391.1;2,968;108;1,652;1,316;-0,336
80890.2;2,966;86;0,386;2,580;2,194
80549.0;2,965;75;2,202;0,763;-1,439
80209.3;2,963;58;2,877;0,086;-2,791
81047.1;2,962;72;1,354;1,608;0,254
81102.0;2,960;31;2,798;0,162;-2,636
80236.6;2,958;81;1,814;1,144;-0,670
80715.3;2,957;40;2,957;0,000;-2,957
80234.4;2,953;133;1,382;1,571;0,189
80139.4;2,951;27;1,112;1,839;0,727
80355.5;2,948;143;0,761;2,187;1,426
80866.9;2,946;36;2,945;0,001;-2,944
80193.8;2,944;52;1,009;1,935;0,926
80813.7;2,943;61;2,931;0,012;-2,919
80305.3;2,940;207;1,045;1,895;0,850
80922.3;2,939;15;0,017;2,922;2,905
80295.5;2,937;114;2,505;0,432;-2,073
81276.8;2,935;43;2,926;0,009;-2,917
81107.9;2,933;25;2,874;0,059;-2,815
80267.5;2,931;151;1,498;1,433;-0,065
80363.7;2,930;164;1,075;1,855;0,780
80595.6;2,929;38;2,526;0,403;-2,123
80649.0;2,926;14;2,910;0,016;-2,894
80775.2;2,924;20;2,922;0,002;-2,920
80473.7;2,922;309;1,840;1,082;-0,758
80829.5;2,919;45;0,338;2,581;2,243
80553.1;2,918;81;0,466;2,452;1,986
81101.4;2,914;20;2,493;0,421;-2,072
80500.4;2,909;97;1,378;1,531;0,153
80472.8;2,905;118;1,224;1,681;0,457
80704.2;2,902;45;0,006;2,896;2,890
80158.2;2,901;28;0,050;2,851;2,801
80447.2;2,899;174;0,484;2,415;1,931
80403.5;2,898;152;2,291;0,607;-1,684
81225.6;2,896;33;0,447;2,449;2,002
80241.0;2,895;77;0,433;2,462;2,029
80824.3;2,885;11;2,368;0,517;-1,851
80603.5;2,884;78;0,193;2,691;2,498
80744.7;2,881;8;2,881;0,000;-2,881
80596.4;2,879;37;0,005;2,874;2,869
80273.4;2,875;114;0,372;2,503;2,131
80907.4;2,871;37;0,158;2,713;2,555
80449.1;2,870;169;1,923;0,947;-0,976
80277.4;2,869;99;2,007;0,862;-1,145
80185.8;2,868;34;0,021;2,847;2,826
80684.7;2,867;17;2,867;0,000;-2,867
81251.6;2,860;124;2,308;0,552;-1,756
81114.3;2,854;67;2,534;0,320;-2,214
80293.6;2,853;113;0,560;2,293;1,733
81235.6;2,849;57;0,091;2,758;2,667
81240.6;2,847;263;0,518;2,329;1,811
80559.8;2,846;87;1,069;1,777;0,708
80700.4;2,844;50;0,011;2,833;2,822
80491.7;2,843;87;2,043;0,800;-1,243
80298.8;2,837;162;0,572;2,265;1,693
80641.2;2,835;66;0,009;2,826;2,817
80399.3;2,833;106;0,769;2,064;1,295
80369.1;2,829;139;0,363;2,466;2,103
80386.5;2,827;107;2,523;0,304;-2,219
81249.8;2,826;154;0,037;2,789;2,752
80260.2;2,825;134;1,183;1,642;0,459
80631.4;2,824;11;1,618;1,206;-0,412
80274.1;2,818;83;1,289;1,529;0,240
80201.9;2,817;147;0,014;2,803;2,789
80250.9;2,816;40;2,768;0,048;-2,720
80844.7;2,815;11;1,623;1,192;-0,431
80254.9;2,810;93;2,537;0,273;-2,264
80506.9;2,809;149;0,887;1,922;1,035
80380.7;2,808;121;1,638;1,170;-0,468
80672.7;2,805;17;0,233;2,572;2,339
80824.6;2,803;19;2,800;0,003;-2,797
80192.4;2,800;60;2,748;0,052;-2,696
80827.4;2,798;60;0,421;2,377;1,956
80197.0;2,795;19;1,414;1,381;-0,033
80507.7;2,794;130;1,926;0,868;-1,058
80586.6;2,791;53;1,229;1,562;0,333
80347.4;2,790;182;0,470;2,320;1,850
80521.6;2,789;46;0,666;2,123;1,457
80724.0;2,788;62;2,786;0,002;-2,784
80514.4;2,787;111;0,276;2,511;2,235
80514.9;2,786;66;0,609;2,177;1,568
80527.4;2,785;32;0,277;2,508;2,231
80351.4;2,782;123;1,493;1,289;-0,204
80272.9;2,781;79;0,212;2,569;2,357
80663.8;2,780;20;2,764;0,016;-2,748
80286.2;2,779;140;0,368;2,411;2,043
80585.7;2,773;26;0,141;2,632;2,491
80223.3;2,768;50;2,234;0,534;-1,700
80630.0;2,765;59;2,481;0,284;-2,197
80141.1;2,763;21;0,432;2,331;1,899
80537.0;2,762;59;2,448;0,314;-2,134
81102.3;2,761;23;2,606;0,155;-2,451
81238.2;2,760;40;0,200;2,560;2,360
81219.5;2,759;88;0,026;2,733;2,707
80628.1;2,757;38;2,689;0,068;-2,621
80269.6;2,756;102;1,375;1,381;0,006
81130.5;2,749;40;0,835;1,914;1,079
80453.7;2,745;208;1,027;1,718;0,691
81010.0;2,740;94;2,656;0,084;-2,572
80394.8;2,739;185;0,958;1,781;0,823
80154.9;2,737;50;2,628;0,109;-2,519
80269.5;2,731;102;2,694;0,037;-2,657
80189.0;2,728;27;2,675;0,053;-2,622
80237.8;2,726;77;1,251;1,475;0,224
80315.3;2,725;144;1,548;1,177;-0,371
80450.8;2,723;165;1,792;0,931;-0,861
80558.7;2,721;80;1,214;1,507;0,293
80210.3;2,720;75;2,212;0,508;-1,704
80522.6;2,718;28;0,069;2,649;2,580
80879.0;2,716;13;0,008;2,708;2,700
80282.4;2,715;80;1,809;0,906;-0,903
80248.4;2,714;29;2,035;0,679;-1,356
80403.6;2,709;171;2,291;0,418;-1,873
80192.0;2,708;79;2,542;0,166;-2,376
80318.8;2,705;158;0,539;2,166;1,627
80476.5;2,704;121;0,077;2,627;2,550
81218.6;2,701;58;1,929;0,772;-1,157
80341.8;2,699;154;0,636;2,063;1,427
81070.3;2,697;72;2,671;0,026;-2,645
81159.7;2,695;54;2,627;0,068;-2,559
81130.4;2,694;26;1,348;1,346;-0,002
80283.8;2,685;90;0,746;1,939;1,193
80245.9;2,684;81;2,361;0,323;-2,038
80250.2;2,682;82;1,059;1,623;0,564
81059.9;2,679;82;0,587;2,092;1,505
80400.6;2,677;121;1,250;1,427;0,177
80244.7;2,676;55;2,596;0,080;-2,516
80173.8;2,673;39;2,672;0,001;-2,671
80276.4;2,670;112;0,702;1,968;1,266
81119.1;2,666;113;2,652;0,014;-2,638
81004.6;2,665;14;2,289;0,376;-1,913
81041.8;2,663;92;2,472;0,191;-2,281
80118.3;2,660;61;0,011;2,649;2,638
80394.1;2,655;123;1,304;1,351;0,047
80190.0;2,653;110;2,594;0,059;-2,535
80347.5;2,651;235;0,913;1,738;0,825
80389.1;2,650;177;0,402;2,248;1,846
80458.3;2,646;178;0,554;2,092;1,538
80526.3;2,644;66;0,095;2,549;2,454
80267.4;2,643;64;2,092;0,551;-1,541
80402.5;2,637;197;1,955;0,682;-1,273
80521.2;2,635;63;0,195;2,440;2,245
80329.6;2,632;179;1,270;1,362;0,092
80795.7;2,631;4;2,630;0,001;-2,629
80442.3;2,629;165;2,251;0,378;-1,873
81065.6;2,628;38;2,616;0,012;-2,604
81259.5;2,627;113;0,011;2,616;2,605
80549.3;2,626;92;0,076;2,550;2,474
80576.3;2,621;64;0,609;2,012;1,403
80194.0;2,620;43;2,610;0,010;-2,600
80421.5;2,619;215;2,172;0,447;-1,725
80209.4;2,616;81;1,684;0,932;-0,752
80404.7;2,610;174;0,716;1,894;1,178
80127.8;2,607;14;2,605;0,002;-2,603
80517.6;2,600;51;2,356;0,244;-2,112
80658.8;2,594;52;2,301;0,293;-2,008
80510.6;2,593;117;1,757;0,836;-0,921
81071.0;2,592;89;2,565;0,027;-2,538
80572.8;2,590;23;2,509;0,081;-2,428
81059.6;2,588;84;2,466;0,122;-2,344
80381.1;2,584;214;1,469;1,115;-0,354
80506.2;2,581;67;0,060;2,521;2,461
80679.0;2,580;36;2,229;0,351;-1,878
80893.7;2,578;10;2,571;0,007;-2,564
80526.8;2,577;32;0,140;2,437;2,297
80479.3;2,575;96;1,807;0,768;-1,039
81068.6;2,570;32;2,529;0,041;-2,488
80828.0;2,569;49;2,559;0,010;-2,549
80965.0;2,568;27;2,568;0,000;-2,568
80373.8;2,566;124;1,683;0,883;-0,800
80796.8;2,563;27;0,000;2,563;2,563
80634.2;2,561;16;0,009;2,552;2,543
80625.2;2,560;13;0,011;2,549;2,538
81042.9;2,557;63;2,532;0,025;-2,507
80494.8;2,555;162;0,861;1,694;0,833
80427.7;2,554;241;0,941;1,613;0,672
80155.1;2,553;12;2,539;0,014;-2,525
80252.5;2,551;110;2,529;0,022;-2,507
80658.9;2,548;60;1,557;0,991;-0,566
80263.7;2,544;76;2,274;0,270;-2,004
81059.3;2,540;95;2,141;0,399;-1,742
80536.4;2,538;43;2,459;0,079;-2,380
80800.2;2,537;47;0,001;2,536;2,535
80578.4;2,536;45;0,128;2,408;2,280
80304.4;2,535;203;0,273;2,262;1,989
80530.6;2,533;27;2,494;0,039;-2,455
80503.3;2,529;117;0,321;2,208;1,887
80869.0;2,526;40;2,526;0,000;-2,526
80843.6;2,525;29;2,523;0,002;-2,521
81289.3;2,523;77;0,040;2,483;2,443
80562.7;2,521;56;0,899;1,622;0,723
81244.7;2,520;51;2,510;0,010;-2,500
80755.0;2,519;42;2,519;0,000;-2,519
80565.1;2,513;113;0,409;2,104;1,695
81252.4;2,503;51;0,185;2,318;2,133
80658.1;2,501;9;2,497;0,004;-2,493
80535.4;2,500;77;2,452;0,048;-2,404
80546.2;2,495;74;1,029;1,466;0,437
80640.1;2,494;40;2,123;0,371;-1,752
81104.9;2,493;19;2,491;0,002;-2,489
81038.5;2,491;103;0,488;2,003;1,515
80605.6;2,490;26;0,424;2,066;1,642
80294.8;2,488;163;0,679;1,809;1,130
80625.8;2,487;56;0,001;2,486;2,485
81242.1;2,486;28;0,078;2,408;2,330
80129.5;2,485;6;2,483;0,002;-2,481
80471.5;2,480;102;1,769;0,711;-1,058
80589.5;2,478;38;0,565;1,913;1,348
81075.8;2,476;54;2,440;0,036;-2,404
80518.2;2,475;93;0,825;1,650;0,825
81229.1;2,474;92;0,289;2,185;1,896
80642.9;2,473;57;1,969;0,504;-1,465
80133.9;2,471;6;2,469;0,002;-2,467
80264.7;2,470;78;0,740;1,730;0,990
80131.5;2,469;3;2,467;0,002;-2,465
80573.7;2,466;122;1,195;1,271;0,076
80154.4;2,464;42;0,069;2,395;2,326
80174.3;2,462;24;0,009;2,453;2,444
81220.6;2,461;13;0,007;2,454;2,447
81072.7;2,460;52;0,725;1,735;1,010
80347.0;2,458;126;2,315;0,143;-2,172
80497.5;2,455;234;1,950;0,505;-1,445
81072.8;2,454;47;1,918;0,536;-1,382
81086.0;2,453;60;1,177;1,276;0,099
81108.0;2,452;52;2,433;0,019;-2,414
80652.5;2,448;56;2,285;0,163;-2,122
80166.1;2,443;55;0,009;2,434;2,425
80429.7;2,440;149;0,459;1,981;1,522
80730.3;2,439;28;2,439;0,000;-2,439
80833.5;2,438;130;0,483;1,955;1,472
80833.6;2,429;45;0,304;2,125;1,821
80960.2;2,427;57;0,402;2,025;1,623
80628.8;2,426;9;2,087;0,339;-1,748
80372.6;2,425;185;0,296;2,129;1,833
81076.8;2,424;42;1,066;1,358;0,292
80399.7;2,421;84;1,563;0,858;-0,705
80269.4;2,420;89;1,308;1,112;-0,196
80576.9;2,419;100;0,817;1,602;0,785
81082.6;2,417;63;0,259;2,158;1,899
80153.1;2,414;80;2,250;0,164;-2,086
80297.9;2,411;118;0,374;2,037;1,663
80313.5;2,410;120;1,267;1,143;-0,124
80587.0;2,408;38;1,987;0,421;-1,566
80169.8;2,404;47;2,396;0,008;-2,388
80871.9;2,394;23;2,393;0,001;-2,392
80203.2;2,393;74;0,253;2,140;1,887
80234.9;2,392;52;2,354;0,038;-2,316
80259.6;2,391;97;2,324;0,067;-2,257
81114.0;2,390;61;2,358;0,032;-2,326
81116.6;2,388;31;2,344;0,044;-2,300
80304.6;2,385;141;1,188;1,197;0,009
80467.2;2,380;153;1,057;1,323;0,266
81109.4;2,377;58;2,367;0,010;-2,357
80537.2;2,376;108;1,098;1,278;0,180
80931.7;2,375;14;0,009;2,366;2,357
80247.3;2,374;70;0,218;2,156;1,938
80509.4;2,373;102;0,186;2,187;2,001
80386.3;2,372;159;1,451;0,921;-0,530
80185.6;2,371;60;0,248;2,123;1,875
80542.3;2,366;38;2,340;0,026;-2,314
80393.5;2,364;115;2,074;0,290;-1,784
80579.2;2,363;89;0,041;2,322;2,281
80825.6;2,362;9;2,350;0,012;-2,338
81085.1;2,357;52;2,091;0,266;-1,825
80154.3;2,356;82;2,314;0,042;-2,272
80636.6;2,355;74;0,161;2,194;2,033
80712.8;2,354;29;2,352;0,002;-2,350
80683.6;2,353;39;0,392;1,961;1,569
80179.9;2,352;8;2,350;0,002;-2,348
80405.5;2,349;125;1,657;0,692;-0,965
80332.6;2,346;99;0,380;1,966;1,586
80598.7;2,345;60;0,447;1,898;1,451
80763.9;2,344;6;2,344;0,000;-2,344
80625.0;2,343;68;0,103;2,240;2,137
80822.0;2,340;15;2,340;0,000;-2,340
81248.8;2,337;43;0,146;2,191;2,045
80513.5;2,334;101;1,069;1,265;0,196
80650.1;2,333;27;1,619;0,714;-0,905
80613.5;2,332;18;2,078;0,254;-1,824
80798.1;2,330;20;2,330;0,000;-2,330
80398.2;2,327;107;1,347;0,980;-0,367
80127.6;2,325;30;2,325;0,000;-2,325
81227.0;2,323;17;0,004;2,319;2,315
80198.1;2,322;59;0,062;2,260;2,198
80362.5;2,320;263;0,991;1,329;0,338
81126.6;2,313;53;0,005;2,308;2,303
80241.6;2,312;87;0,903;1,409;0,506
80258.9;2,308;58;1,981;0,327;-1,654
81032.3;2,306;50;2,271;0,035;-2,236
80604.5;2,305;26;1,219;1,086;-0,133
80513.4;2,302;54;0,087;2,215;2,128
80547.8;2,298;57;1,768;0,530;-1,238
80483.5;2,294;107;0,752;1,542;0,790
80186.9;2,291;35;2,290;0,001;-2,289
80239.6;2,290;115;2,245;0,045;-2,200
80654.6;2,288;34;2,282;0,006;-2,276
80229.6;2,284;23;2,218;0,066;-2,152
80596.0;2,283;77;0,577;1,706;1,129
80758.2;2,281;7;2,281;0,000;-2,281
80393.8;2,280;109;1,350;0,930;-0,420
80823.9;2,278;29;2,267;0,011;-2,256
80249.5;2,277;92;0,789;1,488;0,699
80357.8;2,276;166;1,325;0,951;-0,374
81284.0;2,275;101;2,229;0,046;-2,183
80641.0;2,270;49;2,152;0,118;-2,034
81051.5;2,268;29;0,741;1,527;0,786
80576.2;2,266;126;1,020;1,246;0,226
81281.1;2,264;14;1,255;1,009;-0,246
81225.0;2,261;102;1,195;1,066;-0,129
80855.4;2,260;54;2,260;0,000;-2,260
80145.4;2,257;23;2,171;0,086;-2,085
80213.2;2,256;78;0,882;1,374;0,492
80433.3;2,254;168;1,473;0,781;-0,692
81226.6;2,250;102;1,906;0,344;-1,562
81246.1;2,247;77;0,929;1,318;0,389
80226.8;2,246;39;2,235;0,011;-2,224
80823.1;2,245;8;0,003;2,242;2,239
80253.5;2,243;48;1,206;1,037;-0,169
80577.0;2,242;79;1,597;0,645;-0,952
80615.2;2,237;21;0,008;2,229;2,221
80604.3;2,234;50;1,210;1,024;-0,186
80579.5;2,233;37;0,753;1,480;0,727
81275.0;2,231;73;0,028;2,203;2,175
80554.0;2,229;60;0,103;2,126;2,023
80590.4;2,225;41;1,818;0,407;-1,411
80140.1;2,224;5;2,187;0,037;-2,150
80721.4;2,221;5;2,217;0,004;-2,213
80240.2;2,220;80;1,384;0,836;-0,548
80700.1;2,219;2;2,219;0,000;-2,219
80660.8;2,218;67;1,710;0,508;-1,202
80283.6;2,217;140;0,764;1,453;0,689
80255.6;2,215;67;2,148;0,067;-2,081
81078.6;2,214;44;0,489;1,725;1,236
80575.7;2,212;33;0,608;1,604;0,996
80252.7;2,210;90;1,043;1,167;0,124
80104.7;2,209;57;0,066;2,143;2,077
81122.3;2,206;33;2,201;0,005;-2,196
81178.7;2,205;59;0,001;2,204;2,203
81231.3;2,204;51;0,389;1,815;1,426
81214.3;2,201;22;0,024;2,177;2,153
81002.0;2,197;67;0,054;2,143;2,089
80510.3;2,196;113;1,945;0,251;-1,694
80718.4;2,195;11;2,157;0,038;-2,119
80398.1;2,194;147;1,501;0,693;-0,808
80828.2;2,193;14;2,036;0,157;-1,879
80596.1;2,190;28;0,452;1,738;1,286
80145.7;2,188;50;2,188;0,000;-2,188
80135.0;2,186;25;2,107;0,079;-2,028
80504.7;2,185;85;1,270;0,915;-0,355
80617.4;2,184;9;0,017;2,167;2,150
80647.0;2,183;41;2,126;0,057;-2,069
80270.4;2,182;81;1,702;0,480;-1,222
81125.3;2,181;33;2,026;0,155;-1,871
81294.9;2,180;40;2,156;0,024;-2,132
81075.0;2,178;87;0,239;1,939;1,700
80663.0;2,177;10;2,173;0,004;-2,169
80634.4;2,175;13;2,093;0,082;-2,011
80569.3;2,172;25;0,387;1,785;1,398
81257.4;2,170;22;2,120;0,050;-2,070
80879.8;2,168;12;0,006;2,162;2,156
81055.3;2,165;19;2,150;0,015;-2,135
81082.3;2,161;93;1,197;0,964;-0,233
81180.0;2,159;78;1,310;0,849;-0,461
80525.9;2,158;37;1,016;1,142;0,126
80543.4;2,157;49;0,082;2,075;1,993
80774.2;2,154;43;0,113;2,041;1,928
80276.5;2,153;75;1,827;0,326;-1,501
80531.1;2,152;57;1,375;0,777;-0,598
80200.8;2,145;16;1,636;0,509;-1,127
81024.4;2,140;13;2,136;0,004;-2,132
81005.7;2,137;12;2,134;0,003;-2,131
80895.6;2,136;38;1,054;1,082;0,028
80389.4;2,135;180;0,583;1,552;0,969
80157.9;2,132;14;0,018;2,114;2,096
81211.1;2,130;12;0,077;2,053;1,976
80334.4;2,129;169;1,492;0,637;-0,855
80266.9;2,128;83;1,793;0,335;-1,458
80672.3;2,126;4;2,126;0,000;-2,126
81046.1;2,121;45;1,761;0,360;-1,401
81044.7;2,118;25;2,097;0,021;-2,076
80214.4;2,116;96;1,921;0,195;-1,726
80684.1;2,113;24;1,980;0,133;-1,847
80115.3;2,112;21;2,111;0,001;-2,110
80617.6;2,111;26;0,422;1,689;1,267
80545.6;2,109;70;1,301;0,808;-0,493
80519.8;2,108;92;0,518;1,590;1,072
80270.5;2,106;146;1,163;0,943;-0,220
81067.0;2,105;36;1,088;1,017;-0,071
80626.3;2,103;18;0,001;2,102;2,101
80508.8;2,100;104;0,332;1,768;1,436
80569.5;2,098;22;0,217;1,881;1,664
80474.6;2,097;181;0,979;1,118;0,139
80211.9;2,096;37;0,152;1,944;1,792
80167.7;2,095;31;0,081;2,014;1,933
81250.1;2,090;162;0,006;2,084;2,078
81111.7;2,089;46;0,165;1,924;1,759
81050.4;2,088;30;1,773;0,315;-1,458
80242.3;2,087;41;0,562;1,525;0,963
80167.2;2,082;9;2,055;0,027;-2,028
80501.3;2,080;130;0,572;1,508;0,936
80353.9;2,079;145;1,016;1,063;0,047
81238.9;2,078;51;0,072;2,006;1,934
80284.0;2,077;328;1,696;0,381;-1,315
80385.4;2,075;105;0,132;1,943;1,811
80199.7;2,074;136;0,024;2,050;2,026
80659.7;2,072;17;2,069;0,003;-2,066
80518.3;2,071;51;0,266;1,805;1,539
80837.5;2,070;31;0,488;1,582;1,094
80565.9;2,069;82;0,449;1,620;1,171
80486.0;2,068;206;1,097;0,971;-0,126
80242.2;2,066;59;0,420;1,646;1,226
80381.3;2,065;174;0,768;1,297;0,529
80549.8;2,061;127;1,794;0,267;-1,527
80562.0;2,059;47;0,687;1,372;0,685
80129.0;2,058;18;0,205;1,853;1,648
81216.5;2,057;18;1,248;0,809;-0,439
80188.7;2,055;50;0,874;1,181;0,307
80426.6;2,051;154;0,870;1,181;0,311
81209.8;2,050;156;1,762;0,288;-1,474
80401.4;2,048;77;1,611;0,437;-1,174
80833.9;2,047;25;0,100;1,947;1,847
80900.1;2,044;27;0,059;1,985;1,926
80215.3;2,043;54;1,022;1,021;-0,001
80660.3;2,042;28;2,040;0,002;-2,038
80164.3;2,041;12;2,035;0,006;-2,029
81182.3;2,040;67;0,406;1,634;1,228
80613.0;2,039;13;0,048;1,991;1,943
80834.6;2,037;21;0,316;1,721;1,405
80508.4;2,035;87;0,160;1,875;1,715
80837.9;2,034;11;2,030;0,004;-2,026
80190.7;2,033;17;1,012;1,021;0,009
80539.0;2,031;29;0,284;1,747;1,463
80501.7;2,030;74;0,921;1,109;0,188
80582.1;2,029;67;0,972;1,057;0,085
80100.1;2,026;44;0,005;2,021;2,016
81028.0;2,016;219;2,007;0,009;-1,998
80960.8;2,015;12;0,066;1,949;1,883
80161.7;2,009;79;2,000;0,009;-1,991
80289.7;2,007;82;1,786;0,221;-1,565
80654.5;2,004;19;1,951;0,053;-1,898
81219.6;2,003;39;0,075;1,928;1,853
80220.8;2,001;87;0,074;1,927;1,853
81272.7;2,000;88;0,331;1,669;1,338
80220.9;1,998;44;1,716;0,282;-1,434
81210.9;1,997;30;0,083;1,914;1,831
80594.6;1,996;32;0,736;1,260;0,524
80573.3;1,995;58;0,083;1,912;1,829
80507.0;1,994;109;0,878;1,116;0,238
80148.2;1,992;40;1,899;0,093;-1,806
80602.3;1,991;35;1,373;0,618;-0,755
80322.8;1,990;163;1,320;0,670;-0,650
80229.8;1,989;80;1,526;0,463;-1,063
80439.0;1,988;140;0,663;1,325;0,662
80401.8;1,986;113;0,582;1,404;0,822
80915.7;1,985;56;0,085;1,900;1,815
81221.6;1,984;34;0,044;1,940;1,896
80482.7;1,982;196;0,577;1,405;0,828
80449.6;1,981;176;0,868;1,113;0,245
81259.4;1,978;71;1,967;0,011;-1,956
81164.4;1,975;48;0,105;1,870;1,765
80175.6;1,973;17;1,458;0,515;-0,943
80260.5;1,972;85;0,868;1,104;0,236
80329.4;1,971;132;0,820;1,151;0,331
80165.8;1,970;29;1,954;0,016;-1,938
80133.0;1,969;16;1,969;0,000;-1,969
80631.6;1,968;12;1,443;0,525;-0,918
80714.0;1,960;6;0,002;1,958;1,956
80429.1;1,959;164;0,319;1,640;1,321
80344.6;1,958;131;1,401;0,557;-0,844
80530.5;1,957;26;1,944;0,013;-1,931
80979.1;1,956;32;1,954;0,002;-1,952
80870.9;1,955;50;0,162;1,793;1,631
80602.7;1,953;57;0,314;1,639;1,325
80158.1;1,952;39;0,426;1,526;1,100
80166.6;1,951;23;1,948;0,003;-1,945
80970.0;1,948;46;1,948;0,000;-1,948
80158.7;1,945;70;0,005;1,940;1,935
81163.0;1,944;104;0,147;1,797;1,650
81121.1;1,941;21;0,004;1,937;1,933
80158.4;1,939;24;0,002;1,937;1,935
81213.6;1,938;54;1,930;0,008;-1,922
80957.3;1,935;42;1,913;0,022;-1,891
80201.0;1,930;17;0,352;1,578;1,226
81047.2;1,929;74;0,837;1,092;0,255
81069.5;1,928;104;0,073;1,855;1,782
81254.0;1,925;43;1,894;0,031;-1,863
80543.3;1,923;49;0,065;1,858;1,793
80579.4;1,921;52;0,012;1,909;1,897
80289.2;1,920;104;0,525;1,395;0,870
80591.6;1,919;71;0,739;1,180;0,441
80598.4;1,917;19;0,144;1,773;1,629
80778.1;1,915;13;1,915;0,000;-1,915
81286.2;1,912;95;1,856;0,056;-1,800
81227.8;1,910;24;0,218;1,692;1,474
81245.2;1,907;28;1,824;0,083;-1,741
80880.6;1,905;5;0,001;1,904;1,903
80210.7;1,903;18;1,072;0,831;-0,241
80506.6;1,902;64;1,638;0,264;-1,374
80567.8;1,899;77;0,032;1,867;1,835
81025.8;1,898;36;1,797;0,101;-1,696
80151.6;1,897;17;1,862;0,035;-1,827
80266.4;1,896;116;0,302;1,594;1,292
80177.8;1,895;19;1,642;0,253;-1,389
80925.9;1,894;64;0,019;1,875;1,856
80522.2;1,891;65;1,508;0,383;-1,125
80890.6;1,889;13;1,868;0,021;-1,847
80217.3;1,888;26;1,020;0,868;-0,152
80562.9;1,885;76;1,027;0,858;-0,169
80458.5;1,884;130;0,388;1,496;1,108
80175.8;1,883;5;1,881;0,002;-1,879
80758.0;1,882;8;1,882;0,000;-1,882
81055.8;1,880;109;1,849;0,031;-1,818
81004.4;1,879;5;1,876;0,003;-1,873
81010.2;1,878;50;1,832;0,046;-1,786
81086.4;1,876;92;1,803;0,073;-1,730
80904.5;1,875;19;1,874;0,001;-1,873
81100.2;1,870;75;1,852;0,018;-1,834
80574.3;1,865;44;0,296;1,569;1,273
80752.3;1,864;12;1,864;0,000;-1,864
80510.7;1,862;75;0,311;1,551;1,240
80993.4;1,860;4;0,002;1,858;1,856
80659.8;1,856;14;1,851;0,005;-1,846
81277.8;1,854;87;1,174;0,680;-0,494
80103.2;1,852;37;0,397;1,455;1,058
80355.6;1,851;124;0,902;0,949;0,047
80495.4;1,846;110;1,417;0,429;-0,988
80505.3;1,845;69;0,178;1,667;1,489
80863.2;1,844;14;1,844;0,000;-1,844
80647.1;1,843;37;1,316;0,527;-0,789
80634.9;1,842;49;0,115;1,727;1,612
80211.8;1,841;65;0,023;1,818;1,795
81278.2;1,837;100;1,837;0,000;-1,837
80284.8;1,836;68;0,698;1,138;0,440
80300.4;1,832;129;1,477;0,355;-1,122
80166.3;1,830;21;1,828;0,002;-1,826
80397.2;1,829;115;0,239;1,590;1,351
81264.8;1,828;87;1,813;0,015;-1,798
80715.0;1,825;15;1,822;0,003;-1,819
80530.2;1,824;40;0,897;0,927;0,030
80376.4;1,823;126;1,574;0,249;-1,325
80564.1;1,821;63;0,092;1,729;1,637
80872.3;1,820;2;0,001;1,819;1,818
80220.5;1,819;56;1,394;0,425;-0,969
80401.9;1,817;89;1,499;0,318;-1,181
80248.1;1,816;56;0,465;1,351;0,886
80520.2;1,815;97;0,741;1,074;0,333
80555.2;1,813;45;0,641;1,172;0,531
81071.2;1,809;72;0,713;1,096;0,383
80135.1;1,808;3;1,765;0,043;-1,722
80211.1;1,807;77;1,542;0,265;-1,277
81088.2;1,806;24;1,802;0,004;-1,798
80308.9;1,805;127;1,159;0,646;-0,513
81193.7;1,802;35;0,359;1,443;1,084
80264.4;1,801;63;1,631;0,170;-1,461
80668.6;1,800;50;1,787;0,013;-1,774
80501.1;1,799;81;1,004;0,795;-0,209
81067.9;1,796;57;1,477;0,319;-1,158
81032.9;1,795;37;1,788;0,007;-1,781
80252.1;1,793;65;1,214;0,579;-0,635
80127.0;1,787;13;1,787;0,000;-1,787
80548.4;1,785;70;1,486;0,299;-1,187
80527.2;1,783;54;1,307;0,476;-0,831
81219.1;1,778;27;1,584;0,194;-1,390
80122.9;1,776;42;0,016;1,760;1,744
80371.4;1,773;111;0,387;1,386;0,999
80431.3;1,772;207;0,743;1,029;0,286
80563.2;1,770;32;0,214;1,556;1,342
80586.7;1,769;62;0,206;1,563;1,357
80525.7;1,767;21;0,152;1,615;1,463
80841.1;1,765;23;0,016;1,749;1,733
80160.0;1,764;84;0,886;0,878;-0,008
81221.4;1,762;14;0,005;1,757;1,752
80210.4;1,757;47;0,874;0,883;0,009
80247.8;1,755;52;1,723;0,032;-1,691
80523.6;1,754;44;1,717;0,037;-1,680
80516.3;1,753;63;0,498;1,255;0,757
80215.7;1,751;32;0,345;1,406;1,061
80836.2;1,750;76;0,286;1,464;1,178
80156.1;1,749;36;1,404;0,345;-1,059
80517.1;1,748;38;0,679;1,069;0,390
81226.0;1,747;55;0,705;1,042;0,337
80638.7;1,746;11;0,005;1,741;1,736
81262.0;1,745;104;0,955;0,790;-0,165
80148.9;1,739;27;1,494;0,245;-1,249
80580.6;1,737;47;1,417;0,320;-1,097
80260.3;1,733;60;0,826;0,907;0,081
80171.7;1,732;14;1,731;0,001;-1,730
80246.3;1,731;78;1,535;0,196;-1,339
81077.5;1,730;45;1,707;0,023;-1,684
80525.6;1,729;38;1,471;0,258;-1,213
80553.2;1,728;46;0,014;1,714;1,700
80395.6;1,727;147;0,703;1,024;0,321
80253.1;1,726;36;1,683;0,043;-1,640
80782.3;1,724;7;0,013;1,711;1,698
80131.0;1,721;8;1,721;0,000;-1,721
80611.9;1,719;17;1,025;0,694;-0,331
80614.5;1,718;18;1,154;0,564;-0,590
80870.0;1,716;44;1,197;0,519;-0,678
81215.2;1,714;39;0,131;1,583;1,452
80782.4;1,712;15;0,004;1,708;1,704
80531.6;1,711;93;0,556;1,155;0,599
80222.2;1,709;84;0,105;1,604;1,499
80586.4;1,707;46;0,821;0,886;0,065
81202.1;1,705;73;0,763;0,942;0,179
80197.8;1,704;36;1,483;0,221;-1,262
81072.0;1,702;144;0,189;1,513;1,324
81248.4;1,701;48;0,092;1,609;1,517
81060.5;1,700;25;1,691;0,009;-1,682
80237.7;1,699;43;1,002;0,697;-0,305
80246.6;1,698;55;1,412;0,286;-1,126
80259.2;1,697;48;1,558;0,139;-1,419
80612.1;1,696;42;0,700;0,996;0,296
80391.3;1,693;102;1,375;0,318;-1,057
80117.6;1,692;18;0,003;1,689;1,686
81036.6;1,691;72;0,142;1,549;1,407
80281.1;1,688;106;0,639;1,049;0,410
81096.0;1,687;96;0,066;1,621;1,555
80567.1;1,685;44;0,109;1,576;1,467
80641.1;1,681;59;1,388;0,293;-1,095
80216.7;1,680;30;0,007;1,673;1,666
80234.5;1,679;44;1,544;0,135;-1,409
80657.8;1,675;36;0,032;1,643;1,611
80570.4;1,674;54;1,558;0,116;-1,442
80231.2;1,673;70;0,479;1,194;0,715
80203.7;1,672;17;1,629;0,043;-1,586
80642.8;1,670;21;1,653;0,017;-1,636
80571.2;1,668;53;0,469;1,199;0,730
80213.3;1,664;51;1,491;0,173;-1,318
80218.0;1,661;81;0,462;1,199;0,737
80575.3;1,660;46;0,585;1,075;0,490
80151.1;1,659;28;0,014;1,645;1,631
80562.6;1,653;71;0,947;0,706;-0,241
80960.7;1,652;36;0,040;1,612;1,572
80117.5;1,651;44;0,365;1,286;0,921
80218.3;1,650;83;1,169;0,481;-0,688
80234.0;1,649;82;1,517;0,132;-1,385
80241.2;1,648;90;1,632;0,016;-1,616
80230.6;1,647;25;1,626;0,021;-1,605
80391.5;1,646;122;0,258;1,388;1,130
80614.7;1,645;31;0,746;0,899;0,153
81113.9;1,643;58;0,110;1,533;1,423
80391.4;1,639;105;1,252;0,387;-0,865
80507.4;1,637;94;0,369;1,268;0,899
80209.0;1,634;54;0,018;1,616;1,598
80667.2;1,633;8;1,306;0,327;-0,979
80269.2;1,632;76;0,517;1,115;0,598
80567.2;1,631;27;1,605;0,026;-1,579
80567.7;1,629;49;1,612;0,017;-1,595
80521.5;1,627;45;0,698;0,929;0,231
80215.4;1,625;47;0,197;1,428;1,231
80837.2;1,621;38;0,008;1,613;1,605
80248.0;1,620;128;0,669;0,951;0,282
80602.2;1,619;26;0,012;1,607;1,595
81214.5;1,618;15;0,006;1,612;1,606
80616.1;1,617;25;1,517;0,100;-1,417
80284.7;1,616;159;0,953;0,663;-0,290
80675.4;1,615;5;1,614;0,001;-1,613
80159.0;1,614;37;1,457;0,157;-1,300
81052.6;1,613;24;1,601;0,012;-1,589
81196.1;1,612;50;1,592;0,020;-1,572
80948.2;1,610;5;1,597;0,013;-1,584
80601.7;1,609;67;0,014;1,595;1,581
81247.2;1,606;79;0,192;1,414;1,222
81099.9;1,605;25;1,593;0,012;-1,581
80141.4;1,604;18;1,545;0,059;-1,486
80169.0;1,602;15;0,314;1,288;0,974
80611.0;1,601;16;0,388;1,213;0,825
80777.1;1,599;6;1,579;0,020;-1,559
80138.7;1,597;28;0,132;1,465;1,333
81115.4;1,596;47;0,446;1,150;0,704
80834.5;1,595;20;1,581;0,014;-1,567
80770.1;1,593;6;1,593;0,000;-1,593
81234.8;1,592;126;0,076;1,516;1,440
80629.3;1,591;17;0,446;1,145;0,699
80281.4;1,590;91;1,081;0,509;-0,572
80592.5;1,589;74;0,393;1,196;0,803
81072.2;1,588;43;1,520;0,068;-1,452
80283.7;1,586;86;1,230;0,356;-0,874
80254.2;1,585;84;0,250;1,335;1,085
80960.4;1,583;20;1,003;0,580;-0,423
80224.3;1,582;51;1,133;0,449;-0,684
80611.5;1,579;19;0,003;1,576;1,573
80243.7;1,578;47;1,451;0,127;-1,324
80623.9;1,577;17;0,957;0,620;-0,337
81237.1;1,576;36;1,484;0,092;-1,392
80542.7;1,575;46;0,165;1,410;1,245
80883.0;1,574;14;0,153;1,421;1,268
80942.4;1,572;15;0,090;1,482;1,392
80869.1;1,571;34;0,015;1,556;1,541
80571.0;1,570;78;1,417;0,153;-1,264
81211.8;1,567;11;0,964;0,603;-0,361
81060.2;1,566;64;0,240;1,326;1,086
81070.9;1,565;44;0,442;1,123;0,681
80248.7;1,564;84;0,196;1,368;1,172
81048.8;1,563;49;1,434;0,129;-1,305
80385.2;1,561;104;0,873;0,688;-0,185
80618.5;1,559;17;0,814;0,745;-0,069
80615.1;1,558;30;0,003;1,555;1,552
80602.1;1,552;39;0,554;0,998;0,444
80540.7;1,551;51;0,498;1,053;0,555
81087.7;1,550;67;0,084;1,466;1,382
80271.1;1,549;107;0,771;0,778;0,007
80495.7;1,547;107;1,399;0,148;-1,251
80272.4;1,546;95;1,275;0,271;-1,004
80213.5;1,544;57;1,389;0,155;-1,234
80964.9;1,543;26;0,001;1,542;1,541
80997.6;1,542;2;1,542;0,000;-1,542
80158.5;1,536;14;1,087;0,449;-0,638
80295.6;1,535;102;1,094;0,441;-0,653
80236.5;1,533;75;0,501;1,032;0,531
80344.3;1,530;137;0,237;1,293;1,056
80606.0;1,529;58;0,740;0,789;0,049
80874.4;1,526;14;1,526;0,000;-1,526
80624.6;1,525;7;0,007;1,518;1,511
80612.3;1,524;39;0,012;1,512;1,500
80273.5;1,522;106;0,123;1,399;1,276
80772.8;1,521;4;1,521;0,000;-1,521
80558.5;1,520;29;0,899;0,621;-0,278
80277.6;1,519;90;0,835;0,684;-0,151
80706.8;1,517;7;0,006;1,511;1,505
80632.3;1,516;22;0,011;1,505;1,494
80528.9;1,515;33;1,503;0,012;-1,491
80262.1;1,513;100;0,782;0,731;-0,051
80587.4;1,511;34;0,033;1,478;1,445
80624.8;1,510;22;0,525;0,985;0,460
80153.9;1,508;41;0,482;1,026;0,544
80603.1;1,507;20;0,009;1,498;1,489
81239.9;1,506;17;1,422;0,084;-1,338
81226.1;1,504;57;1,421;0,083;-1,338
80138.9;1,502;18;0,124;1,378;1,254
80245.8;1,499;42;1,408;0,091;-1,317
80389.3;1,498;113;1,222;0,276;-0,946
80547.7;1,497;78;0,025;1,472;1,447
80231.7;1,496;47;0,183;1,313;1,130
80708.0;1,495;56;1,495;0,000;-1,495
80621.0;1,491;24;0,203;1,288;1,085
80212.1;1,489;62;0,109;1,380;1,271
80831.5;1,488;19;1,487;0,001;-1,486
80272.3;1,487;63;1,119;0,368;-0,751
80506.7;1,486;92;1,078;0,408;-0,670
80651.4;1,485;16;1,420;0,065;-1,355
80614.6;1,483;16;0,520;0,963;0,443
80264.1;1,482;80;0,880;0,602;-0,278
80206.4;1,481;131;0,013;1,468;1,455
80223.4;1,475;51;1,246;0,229;-1,017
80123.0;1,474;18;0,433;1,041;0,608
80116.9;1,473;39;1,460;0,013;-1,447
80225.0;1,472;92;1,379;0,093;-1,286
80608.5;1,471;29;0,333;1,138;0,805
81023.1;1,468;19;1,397;0,071;-1,326
80862.5;1,467;9;1,466;0,001;-1,465
80600.4;1,466;29;0,016;1,450;1,434
80576.6;1,465;43;0,041;1,424;1,383
80664.0;1,463;75;1,234;0,229;-1,005
81038.2;1,462;108;0,037;1,425;1,388
81123.4;1,461;6;0,000;1,461;1,461
80882.5;1,459;19;1,449;0,010;-1,439
80651.6;1,458;13;1,179;0,279;-0,900
80178.5;1,457;4;1,457;0,000;-1,457
80521.7;1,453;42;0,409;1,044;0,635
80958.0;1,452;31;1,445;0,007;-1,438
80564.5;1,450;99;0,743;0,707;-0,036
80282.5;1,449;124;0,790;0,659;-0,131
81060.4;1,446;25;1,259;0,187;-1,072
81014.3;1,445;32;0,992;0,453;-0,539
80625.5;1,444;12;0,181;1,263;1,082
81023.0;1,443;17;0,994;0,449;-0,545
80337.6;1,439;99;0,369;1,070;0,701
81246.0;1,438;88;1,320;0,118;-1,202
80879.5;1,437;20;1,222;0,215;-1,007
80707.2;1,435;39;1,426;0,009;-1,417
80603.6;1,434;35;0,456;0,978;0,522
80413.6;1,432;143;0,652;0,780;0,128
81008.0;1,431;33;0,177;1,254;1,077
80533.8;1,430;39;0,044;1,386;1,342
81073.5;1,429;18;1,097;0,332;-0,765
80864.1;1,427;40;1,423;0,004;-1,419
80203.8;1,426;18;0,337;1,089;0,752
80825.7;1,425;8;1,424;0,001;-1,423
80160.1;1,423;16;0,018;1,405;1,387
81155.0;1,422;25;1,411;0,011;-1,400
80194.1;1,419;64;0,070;1,349;1,279
80668.2;1,418;12;0,202;1,216;1,014
80574.6;1,416;77;0,945;0,471;-0,474
80512.9;1,412;55;0,598;0,814;0,216
80334.2;1,410;104;0,246;1,164;0,918
80382.2;1,409;90;1,076;0,333;-0,743
80558.4;1,407;44;0,012;1,395;1,383
80602.0;1,406;38;0,622;0,784;0,162
80122.8;1,405;52;1,401;0,004;-1,397
80877.0;1,404;13;1,387;0,017;-1,370
81038.3;1,403;28;1,296;0,107;-1,189
80580.4;1,401;29;0,149;1,252;1,103
81293.8;1,400;42;0,054;1,346;1,292
80369.7;1,398;126;1,006;0,392;-0,614
80547.0;1,396;51;0,414;0,982;0,568
80923.3;1,395;20;1,382;0,013;-1,369
80795.0;1,392;46;0,125;1,267;1,142
81009.5;1,391;14;1,222;0,169;-1,053
80557.5;1,390;57;0,606;0,784;0,178
80211.4;1,389;28;1,141;0,248;-0,893
80217.1;1,388;35;0,276;1,112;0,836
80539.4;1,387;62;0,223;1,164;0,941
81034.8;1,386;36;1,263;0,123;-1,140
80167.1;1,385;22;1,020;0,365;-0,655
81084.9;1,383;52;0,721;0,662;-0,059
80550.9;1,381;34;0,479;0,902;0,423
80161.3;1,380;40;0,033;1,347;1,314
80660.4;1,377;11;1,375;0,002;-1,373
80220.4;1,376;44;1,255;0,121;-1,134
81158.0;1,375;105;1,371;0,004;-1,367
80260.7;1,374;35;1,139;0,235;-0,904
80257.3;1,373;38;1,226;0,147;-1,079
80284.4;1,372;106;0,188;1,184;0,996
80606.5;1,371;39;1,193;0,178;-1,015
81072.5;1,370;78;1,305;0,065;-1,240
80904.6;1,369;5;1,369;0,000;-1,369
80720.7;1,368;4;1,368;0,000;-1,368
80879.7;1,367;23;0,532;0,835;0,303
80199.0;1,366;13;1,359;0,007;-1,352
81135.7;1,365;81;1,364;0,001;-1,363
80530.3;1,364;49;0,075;1,289;1,214
80506.5;1,363;67;0,191;1,172;0,981
80110.3;1,359;25;1,324;0,035;-1,289
80538.3;1,358;22;1,063;0,295;-0,768
80597.9;1,357;53;1,107;0,250;-0,857
80615.7;1,356;15;0,242;1,114;0,872
80611.4;1,354;31;0,011;1,343;1,332
80608.8;1,351;31;0,907;0,444;-0,463
80823.8;1,350;8;0,332;1,018;0,686
80615.6;1,348;10;0,028;1,320;1,292
81054.0;1,347;46;1,304;0,043;-1,261
80110.4;1,345;28;0,005;1,340;1,335
80917.5;1,344;20;1,343;0,001;-1,342
80533.5;1,342;81;0,195;1,147;0,952
80263.4;1,339;83;1,233;0,106;-1,127
80182.0;1,337;32;1,330;0,007;-1,323
80202.0;1,336;53;1,275;0,061;-1,214
80618.4;1,334;16;0,303;1,031;0,728
80671.9;1,333;9;1,332;0,001;-1,331
80790.0;1,332;21;0,140;1,192;1,052
81034.6;1,330;24;0,010;1,320;1,310
81273.7;1,329;49;0,479;0,850;0,371
80561.6;1,328;48;0,154;1,174;1,020
81261.1;1,327;46;1,322;0,005;-1,317
81103.4;1,326;54;1,215;0,111;-1,104
80938.3;1,325;48;1,163;0,162;-1,001
80254.3;1,324;58;1,305;0,019;-1,286
80776.0;1,319;13;1,318;0,001;-1,317
80568.7;1,317;41;0,313;1,004;0,691
80663.5;1,316;17;1,179;0,137;-1,042
80413.5;1,315;101;0,815;0,500;-0,315
80243.5;1,314;43;0,317;0,997;0,680
81051.9;1,313;38;1,292;0,021;-1,271
80531.3;1,312;38;0,416;0,896;0,480
80259.5;1,311;84;1,227;0,084;-1,143
80120.4;1,310;10;1,309;0,001;-1,308
80669.8;1,309;7;1,239;0,070;-1,169
80862.2;1,308;10;1,308;0,000;-1,308
80619.9;1,306;10;0,041;1,265;1,224
81176.9;1,305;20;0,618;0,687;0,069
81217.5;1,304;54;0,013;1,291;1,278
80214.1;1,303;63;0,739;0,564;-0,175
80553.3;1,302;26;0,429;0,873;0,444
81102.1;1,301;21;1,293;0,008;-1,285
80540.5;1,299;83;0,602;0,697;0,095
80655.9;1,298;13;1,297;0,001;-1,296
81220.0;1,297;168;0,221;1,076;0,855
80211.3;1,296;49;1,029;0,267;-0,762
80187.4;1,293;23;1,289;0,004;-1,285
80129.3;1,291;8;1,268;0,023;-1,245
80237.2;1,290;66;0,240;1,050;0,810
81220.9;1,289;30;0,848;0,441;-0,407
80650.2;1,287;12;0,006;1,281;1,275
81214.0;1,286;102;1,155;0,131;-1,024
80546.7;1,285;33;0,222;1,063;0,841
81095.0;1,284;47;1,225;0,059;-1,166
81006.2;1,282;43;0,383;0,899;0,516
80633.9;1,281;14;1,244;0,037;-1,207
80558.2;1,280;36;0,049;1,231;1,182
80127.7;1,279;10;1,279;0,000;-1,279
80110.0;1,276;17;1,268;0,008;-1,260
80986.6;1,274;12;0,038;1,236;1,198
80249.1;1,272;121;0,241;1,031;0,790
81062.4;1,271;15;1,205;0,066;-1,139
80385.1;1,270;107;0,817;0,453;-0,364
80212.9;1,268;48;1,123;0,145;-0,978
80274.2;1,267;105;0,316;0,951;0,635
80602.4;1,266;39;0,214;1,052;0,838
80887.0;1,265;13;1,261;0,004;-1,257
80206.1;1,264;15;1,136;0,128;-1,008
80253.8;1,263;71;0,587;0,676;0,089
80188.6;1,262;27;1,234;0,028;-1,206
80765.1;1,260;10;1,260;0,000;-1,260
80627.0;1,259;24;0,104;1,155;1,051
81226.2;1,258;26;0,010;1,248;1,238
80130.3;1,256;12;0,785;0,471;-0,314
81219.7;1,255;21;0,041;1,214;1,173
80195.2;1,254;71;0,539;0,715;0,176
80584.9;1,253;52;1,075;0,178;-0,897
81089.5;1,251;16;1,109;0,142;-0,967
81121.4;1,250;19;1,245;0,005;-1,240
80836.0;1,249;70;0,258;0,991;0,733
80163.5;1,248;14;0,003;1,245;1,242
80504.8;1,246;96;0,748;0,498;-0,250
80141.6;1,245;7;1,241;0,004;-1,237
80233.9;1,244;47;1,146;0,098;-1,048
80712.4;1,242;2;1,241;0,001;-1,240
80612.9;1,241;25;0,011;1,230;1,219
80172.8;1,240;7;1,240;0,000;-1,240
80542.6;1,239;101;1,122;0,117;-1,005
81240.3;1,238;12;0,005;1,233;1,228
80151.4;1,237;26;1,207;0,030;-1,177
80153.8;1,236;27;1,230;0,006;-1,224
80518.6;1,235;47;0,044;1,191;1,147
81087.3;1,232;35;1,109;0,123;-0,986
80403.8;1,231;122;0,502;0,729;0,227
80519.2;1,230;70;0,162;1,068;0,906
81290.7;1,229;41;1,219;0,010;-1,209
80619.1;1,228;11;0,952;0,276;-0,676
81080.5;1,227;39;1,012;0,215;-0,797
80583.6;1,226;39;0,983;0,243;-0,740
80582.0;1,225;66;0,262;0,963;0,701
80239.4;1,224;36;0,789;0,435;-0,354
80397.9;1,223;120;0,882;0,341;-0,541
81163.6;1,222;6;1,217;0,005;-1,212
80527.6;1,220;27;1,194;0,026;-1,168
80390.6;1,219;99;0,383;0,836;0,453
81221.8;1,217;19;0,012;1,205;1,193
80592.4;1,216;24;0,913;0,303;-0,610
80651.3;1,214;24;0,994;0,220;-0,774
81024.8;1,209;55;1,207;0,002;-1,205
80640.3;1,206;39;1,196;0,010;-1,186
80544.7;1,205;42;0,387;0,818;0,431
80539.6;1,204;45;0,391;0,813;0,422
80829.4;1,202;29;1,200;0,002;-1,198
80659.0;1,201;23;0,387;0,814;0,427
80322.7;1,200;134;0,626;0,574;-0,052
80215.2;1,198;83;0,896;0,302;-0,594
80202.8;1,197;64;0,085;1,112;1,027
80216.5;1,196;70;0,147;1,049;0,902
80685.2;1,195;7;1,195;0,000;-1,195
80548.3;1,193;105;0,373;0,820;0,447
80625.1;1,192;16;1,187;0,005;-1,182
80752.9;1,191;2;1,191;0,000;-1,191
80182.5;1,190;21;0,438;0,752;0,314
81057.4;1,188;78;0,080;1,108;1,028
80621.7;1,187;13;0,048;1,139;1,091
81192.4;1,186;13;1,185;0,001;-1,184
80684.8;1,184;13;1,184;0,000;-1,184
80583.8;1,183;39;0,123;1,060;0,937
80905.0;1,182;26;1,176;0,006;-1,170
80868.7;1,181;16;0,003;1,178;1,175
80623.0;1,180;28;0,027;1,153;1,126
80539.1;1,179;60;1,154;0,025;-1,129
80099.0;1,178;6;1,026;0,152;-0,874
80753.7;1,177;2;1,177;0,000;-1,177
80639.0;1,176;19;1,132;0,044;-1,088
81154.4;1,174;30;1,172;0,002;-1,170
80991.9;1,173;1;1,173;0,000;-1,173
80252.8;1,172;56;0,181;0,991;0,810
80525.4;1,171;21;0,007;1,164;1,157
80136.4;1,170;19;0,003;1,167;1,164
80711.0;1,169;3;1,169;0,000;-1,169
80140.0;1,168;35;1,159;0,009;-1,150
80555.1;1,167;110;0,991;0,176;-0,815
80227.2;1,166;88;0,595;0,571;-0,024
80654.0;1,165;58;0,028;1,137;1,109
80664.7;1,164;17;0,433;0,731;0,298
80250.5;1,163;42;1,101;0,062;-1,039
80533.3;1,161;88;0,719;0,442;-0,277
80607.8;1,159;30;0,019;1,140;1,121
81217.1;1,158;33;0,131;1,027;0,896
80534.6;1,155;53;0,841;0,314;-0,527
80887.9;1,153;6;0,004;1,149;1,145
80484.6;1,151;103;0,316;0,835;0,519
80585.9;1,150;23;0,642;0,508;-0,134
80264.5;1,149;70;0,091;1,058;0,967
81229.9;1,148;22;0,777;0,371;-0,406
80577.5;1,146;79;0,702;0,444;-0,258
80254.8;1,145;105;0,879;0,266;-0,613
80236.3;1,143;32;0,510;0,633;0,123
80547.3;1,142;34;1,130;0,012;-1,118
80616.6;1,141;26;0,012;1,129;1,117
80141.7;1,140;19;1,130;0,010;-1,120
81172.0;1,138;12;1,135;0,003;-1,132
80231.8;1,137;56;0,017;1,120;1,103
81204.9;1,136;17;0,006;1,130;1,124
80228.8;1,135;61;1,120;0,015;-1,105
80659.5;1,134;15;0,070;1,064;0,994
80906.3;1,132;10;1,129;0,003;-1,126
80588.3;1,131;31;0,336;0,795;0,459
81074.9;1,129;44;0,407;0,722;0,315
80213.0;1,128;54;0,689;0,439;-0,250
80610.1;1,127;31;0,040;1,087;1,047
80640.7;1,125;44;1,093;0,032;-1,061
81081.0;1,123;31;0,954;0,169;-0,785
80217.6;1,122;26;1,076;0,046;-1,030
80145.5;1,120;9;1,120;0,000;-1,120
80634.0;1,119;30;1,110;0,009;-1,101
80529.9;1,115;63;1,041;0,074;-0,967
80259.4;1,113;68;0,276;0,837;0,561
80512.2;1,112;70;0,469;0,643;0,174
80169.7;1,111;18;1,087;0,024;-1,063
80525.3;1,110;36;1,010;0,100;-0,910
80225.6;1,109;38;1,065;0,044;-1,021
80575.2;1,108;27;1,047;0,061;-0,986
80630.8;1,107;26;0,854;0,253;-0,601
80607.2;1,105;38;0,093;1,012;0,919
81131.6;1,102;21;0,157;0,945;0,788
81248.0;1,101;90;0,111;0,990;0,879
80445.5;1,100;143;0,509;0,591;0,082
80202.2;1,098;40;1,024;0,074;-0,950
81029.6;1,097;12;1,091;0,006;-1,085
81084.3;1,096;21;1,046;0,050;-0,996
80224.7;1,094;49;0,760;0,334;-0,426
80575.5;1,092;36;1,077;0,015;-1,062
80552.7;1,091;53;0,824;0,267;-0,557
80595.8;1,088;66;0,525;0,563;0,038
80283.9;1,087;73;0,480;0,607;0,127
80523.2;1,086;36;0,986;0,100;-0,886
80712.1;1,084;1;1,084;0,000;-1,084
80906.0;1,083;55;0,957;0,126;-0,831
80232.6;1,082;45;0,720;0,362;-0,358
81061.4;1,081;41;0,842;0,239;-0,603
80181.8;1,080;20;0,248;0,832;0,584
80157.1;1,079;11;1,006;0,073;-0,933
80180.1;1,077;24;0,399;0,678;0,279
80213.1;1,076;42;0,142;0,934;0,792
80631.0;1,075;27;0,440;0,635;0,195
80592.0;1,074;132;0,848;0,226;-0,622
80212.4;1,073;55;0,289;0,784;0,495
80232.5;1,071;92;0,604;0,467;-0,137
80693.1;1,070;1;1,070;0,000;-1,070
80631.1;1,069;13;1,065;0,004;-1,061
80972.8;1,068;42;1,068;0,000;-1,068
81025.3;1,067;20;0,909;0,158;-0,751
80629.9;1,065;17;0,379;0,686;0,307
81263.0;1,063;42;0,044;1,019;0,975
81237.7;1,062;16;0,051;1,011;0,960
80540.4;1,061;52;0,694;0,367;-0,327
80561.3;1,059;37;0,257;0,802;0,545
80628.4;1,058;42;0,257;0,801;0,544
80881.2;1,057;18;0,052;1,005;0,953
80389.2;1,056;75;0,186;0,870;0,684
80713.4;1,055;2;0,003;1,052;1,049
80218.6;1,053;25;0,752;0,301;-0,451
80158.3;1,052;30;1,049;0,003;-1,046
80635.3;1,051;9;1,045;0,006;-1,039
80232.3;1,050;20;0,422;0,628;0,206
80827.3;1,048;33;1,045;0,003;-1,042
80253.9;1,047;68;0,624;0,423;-0,201
81192.2;1,046;14;1,045;0,001;-1,044
81062.3;1,044;33;0,942;0,102;-0,840
80542.8;1,043;42;0,447;0,596;0,149
80215.8;1,042;37;0,292;0,750;0,458
81066.8;1,041;21;1,039;0,002;-1,037
80207.2;1,039;90;1,030;0,009;-1,021
81233.8;1,037;16;0,015;1,022;1,007
80409.1;1,036;134;0,900;0,136;-0,764
81103.5;1,035;60;0,256;0,779;0,523
81052.2;1,033;26;0,367;0,666;0,299
80238.4;1,032;58;0,982;0,050;-0,932
80156.9;1,031;16;0,033;0,998;0,965
80168.4;1,030;13;1,030;0,000;-1,030
80127.2;1,028;30;1,026;0,002;-1,024
80943.9;1,027;5;1,021;0,006;-1,015
81213.0;1,026;10;0,368;0,658;0,290
81247.1;1,025;62;0,875;0,150;-0,725
80253.6;1,024;59;0,478;0,546;0,068
81016.6;1,023;10;0,005;1,018;1,013
80127.4;1,022;18;0,977;0,045;-0,932
80128.0;1,020;23;1,014;0,006;-1,008
80229.5;1,019;22;0,582;0,437;-0,145
81193.8;1,018;26;0,195;0,823;0,628
81046.7;1,017;17;1,015;0,002;-1,013
81261.5;1,016;19;1,003;0,013;-0,990
80874.0;1,015;16;0,038;0,977;0,939
80507.6;1,014;62;0,102;0,912;0,810
81270.0;1,013;50;0,978;0,035;-0,943
80771.3;1,011;8;1,011;0,000;-1,011
80782.0;1,010;6;1,009;0,001;-1,008
80663.4;1,009;25;0,096;0,913;0,817
80176.6;1,008;15;0,934;0,074;-0,860
80224.6;1,007;36;0,076;0,931;0,855
80169.3;1,006;17;1,005;0,001;-1,004
80580.7;1,005;59;0,856;0,149;-0,707
80115.1;1,004;6;1,002;0,002;-1,000
80108.1;1,003;5;1,002;0,001;-1,001
81209.1;1,002;17;0,019;0,983;0,964
80551.3;1,000;23;0,846;0,154;-0,692
80834.8;0,998;16;0,963;0,035;-0,928
81049.1;0,997;55;0,581;0,416;-0,165
80770.5;0,996;7;0,996;0,000;-0,996
80243.3;0,995;43;0,012;0,983;0,971
80607.7;0,994;35;0,105;0,889;0,784
80239.8;0,993;102;0,153;0,840;0,687
80213.4;0,992;67;0,914;0,078;-0,836
80209.7;0,991;63;0,183;0,808;0,625
80917.7;0,990;6;0,987;0,003;-0,984
80106.5;0,988;2;0,988;0,000;-0,988
80586.0;0,987;70;0,089;0,898;0,809
81061.7;0,986;44;0,370;0,616;0,246
80615.8;0,985;14;0,006;0,979;0,973
80521.9;0,984;42;0,723;0,261;-0,462
80716.4;0,983;11;0,983;0,000;-0,983
80932.9;0,982;54;0,942;0,040;-0,902
80124.2;0,981;3;0,981;0,000;-0,981
80750.5;0,980;5;0,980;0,000;-0,980
81195.1;0,979;34;0,002;0,977;0,975
80825.3;0,976;14;0,976;0,000;-0,976
80223.9;0,974;53;0,618;0,356;-0,262
80842.1;0,973;63;0,024;0,949;0,925
80207.7;0,970;12;0,008;0,962;0,954
80130.0;0,969;27;0,666;0,303;-0,363
81042.4;0,968;43;0,941;0,027;-0,914
80944.3;0,966;29;0,000;0,966;0,966
80548.6;0,965;52;0,490;0,475;-0,015
80183.2;0,964;15;0,964;0,000;-0,964
80598.5;0,962;26;0,007;0,955;0,948
80588.2;0,961;37;0,157;0,804;0,647
80225.4;0,960;63;0,033;0,927;0,894
80178.0;0,959;25;0,954;0,005;-0,949
81222.9;0,957;28;0,677;0,280;-0,397
80625.3;0,956;26;0,550;0,406;-0,144
80647.3;0,955;19;0,526;0,429;-0,097
81249.2;0,954;34;0,170;0,784;0,614
80656.2;0,953;38;0,947;0,006;-0,941
80223.6;0,952;40;0,790;0,162;-0,628
81089.0;0,951;33;0,043;0,908;0,865
80205.4;0,950;33;0,190;0,760;0,570
80604.6;0,949;33;0,095;0,854;0,759
81082.1;0,948;26;0,839;0,109;-0,730
80134.5;0,947;9;0,945;0,002;-0,943
80207.4;0,946;45;0,934;0,012;-0,922
80598.6;0,945;18;0,905;0,040;-0,865
80518.5;0,943;78;0,093;0,850;0,757
80199.1;0,942;19;0,005;0,937;0,932
80237.6;0,941;28;0,122;0,819;0,697
80208.3;0,940;34;0,930;0,010;-0,920
80502.9;0,939;74;0,242;0,697;0,455
81213.2;0,938;14;0,006;0,932;0,926
80158.6;0,937;23;0,730;0,207;-0,523
80568.6;0,936;35;0,181;0,755;0,574
80783.2;0,935;7;0,935;0,000;-0,935
80552.5;0,933;62;0,751;0,182;-0,569
80566.1;0,932;56;0,911;0,021;-0,890
80717.0;0,931;7;0,002;0,929;0,927
80199.4;0,930;23;0,426;0,504;0,078
80573.0;0,928;30;0,120;0,808;0,688
80958.7;0,926;29;0,871;0,055;-0,816
80538.8;0,924;67;0,731;0,193;-0,538
80449.5;0,923;88;0,071;0,852;0,781
80159.1;0,921;32;0,151;0,770;0,619
80596.7;0,920;25;0,024;0,896;0,872
80554.6;0,918;20;0,084;0,834;0,750
80175.3;0,917;13;0,912;0,005;-0,907
81040.8;0,915;40;0,716;0,199;-0,517
80729.3;0,914;9;0,000;0,914;0,914
80553.5;0,913;43;0,790;0,123;-0,667
80834.7;0,911;24;0,757;0,154;-0,603
80208.9;0,910;33;0,323;0,587;0,264
80185.7;0,909;23;0,902;0,007;-0,895
80260.8;0,907;38;0,757;0,150;-0,607
80541.3;0,906;32;0,563;0,343;-0,220
80604.9;0,904;40;0,005;0,899;0,894
80576.5;0,903;58;0,619;0,284;-0,335
80216.3;0,902;42;0,850;0,052;-0,798
80776.8;0,901;5;0,901;0,000;-0,901
81225.9;0,900;13;0,004;0,896;0,892
80253.4;0,899;62;0,717;0,182;-0,535
80179.3;0,898;9;0,894;0,004;-0,890
80870.2;0,897;4;0,897;0,000;-0,897
80099.7;0,896;1;0,896;0,000;-0,896
80244.6;0,895;34;0,761;0,134;-0,627
80588.9;0,894;33;0,851;0,043;-0,808
80137.3;0,893;8;0,878;0,015;-0,863
80688.6;0,891;6;0,891;0,000;-0,891
80831.6;0,889;23;0,882;0,007;-0,875
80741.1;0,888;20;0,888;0,000;-0,888
80551.5;0,887;21;0,878;0,009;-0,869
80643.4;0,885;18;0,010;0,875;0,865
80626.9;0,884;16;0,016;0,868;0,852
80410.2;0,883;103;0,181;0,702;0,521
80262.7;0,882;77;0,616;0,266;-0,350
80677.2;0,881;10;0,630;0,251;-0,379
80231.0;0,880;32;0,738;0,142;-0,596
80177.0;0,879;31;0,829;0,050;-0,779
80197.1;0,878;40;0,414;0,464;0,050
80262.8;0,877;59;0,652;0,225;-0,427
80534.4;0,876;29;0,044;0,832;0,788
80186.2;0,875;14;0,868;0,007;-0,861
80159.9;0,873;25;0,865;0,008;-0,857
81191.2;0,872;28;0,841;0,031;-0,810
80228.1;0,871;63;0,192;0,679;0,487
80863.0;0,869;10;0,869;0,000;-0,869
80907.8;0,868;8;0,868;0,000;-0,868
80275.3;0,866;87;0,631;0,235;-0,396
80666.7;0,865;15;0,013;0,852;0,839
80677.4;0,861;6;0,620;0,241;-0,379
80152.7;0,860;20;0,402;0,458;0,056
80154.1;0,858;27;0,302;0,556;0,254
80523.5;0,857;41;0,598;0,259;-0,339
80576.7;0,856;44;0,403;0,453;0,050
80915.1;0,855;49;0,494;0,361;-0,133
80207.8;0,854;21;0,846;0,008;-0,838
80639.3;0,853;13;0,628;0,225;-0,403
80874.2;0,851;4;0,851;0,000;-0,851
80711.9;0,850;7;0,001;0,849;0,848
81293.9;0,849;36;0,795;0,054;-0,741
80554.4;0,848;29;0,020;0,828;0,808
80610.2;0,847;20;0,077;0,770;0,693
80157.8;0,846;16;0,829;0,017;-0,812
80160.2;0,845;16;0,712;0,133;-0,579
81110.9;0,843;26;0,430;0,413;-0,017
80122.2;0,842;5;0,842;0,000;-0,842
80667.8;0,841;8;0,716;0,125;-0,591
80742.0;0,840;8;0,840;0,000;-0,840
80149.0;0,837;19;0,816;0,021;-0,795
80273.1;0,836;88;0,676;0,160;-0,516
80587.3;0,835;32;0,559;0,276;-0,283
80554.2;0,834;32;0,222;0,612;0,390
80159.8;0,833;15;0,124;0,709;0,585
80250.8;0,832;40;0,790;0,042;-0,748
80581.8;0,831;58;0,181;0,650;0,469
80189.6;0,830;16;0,011;0,819;0,808
80860.0;0,829;32;0,643;0,186;-0,457
80095.9;0,828;17;0,828;0,000;-0,828
80257.4;0,827;83;0,788;0,039;-0,749
80196.9;0,826;17;0,380;0,446;0,066
80137.8;0,825;9;0,822;0,003;-0,819
80778.0;0,824;7;0,824;0,000;-0,824
80535.6;0,823;61;0,646;0,177;-0,469
81241.7;0,822;33;0,154;0,668;0,514
80542.4;0,821;37;0,182;0,639;0,457
80142.8;0,820;27;0,820;0,000;-0,820
80590.9;0,817;35;0,392;0,425;0,033
81104.8;0,816;57;0,123;0,693;0,570
80257.2;0,815;56;0,103;0,712;0,609
80225.3;0,814;25;0,776;0,038;-0,738
80552.6;0,813;23;0,798;0,015;-0,783
80513.8;0,812;76;0,419;0,393;-0,026
80187.1;0,810;25;0,791;0,019;-0,772
80535.5;0,809;80;0,039;0,770;0,731
81242.8;0,808;19;0,726;0,082;-0,644
80631.9;0,807;36;0,711;0,096;-0,615
80256.4;0,806;36;0,690;0,116;-0,574
81112.4;0,804;30;0,023;0,781;0,758
80175.0;0,803;55;0,251;0,552;0,301
80594.9;0,802;31;0,015;0,787;0,772
81028.5;0,801;70;0,152;0,649;0,497
81043.5;0,800;26;0,766;0,034;-0,732
80225.7;0,798;27;0,628;0,170;-0,458
80636.5;0,797;14;0,729;0,068;-0,661
80211.2;0,796;63;0,277;0,519;0,242
81046.6;0,795;37;0,393;0,402;0,009
80561.0;0,794;20;0,008;0,786;0,778
80665.4;0,793;8;0,772;0,021;-0,751
80677.3;0,792;10;0,300;0,492;0,192
80632.2;0,791;26;0,349;0,442;0,093
80201.8;0,790;23;0,785;0,005;-0,780
81048.9;0,789;41;0,740;0,049;-0,691
80676.0;0,788;24;0,782;0,006;-0,776
80222.3;0,787;59;0,361;0,426;0,065
80138.5;0,786;9;0,785;0,001;-0,784
80626.0;0,785;36;0,021;0,764;0,743
80229.0;0,784;69;0,716;0,068;-0,648
81017.5;0,782;12;0,774;0,008;-0,766
80544.8;0,781;71;0,507;0,274;-0,233
80788.2;0,780;7;0,780;0,000;-0,780
80257.7;0,779;39;0,428;0,351;-0,077
80622.7;0,778;6;0,001;0,777;0,776
80546.1;0,777;40;0,106;0,671;0,565
80133.7;0,776;10;0,018;0,758;0,740
80629.4;0,775;7;0,120;0,655;0,535
80117.0;0,774;24;0,000;0,774;0,774
80685.4;0,773;13;0,772;0,001;-0,771
80841.5;0,772;18;0,764;0,008;-0,756
80872.4;0,771;5;0,770;0,001;-0,769
80262.9;0,770;52;0,702;0,068;-0,634
80838.9;0,769;34;0,764;0,005;-0,759
80197.9;0,768;35;0,050;0,718;0,668
80111.2;0,767;21;0,003;0,764;0,761
80617.0;0,766;26;0,379;0,387;0,008
80153.7;0,765;29;0,129;0,636;0,507
80832.1;0,763;14;0,755;0,008;-0,747
80246.2;0,761;35;0,231;0,530;0,299
80200.4;0,760;19;0,757;0,003;-0,754
80624.3;0,759;19;0,029;0,730;0,701
80172.9;0,758;17;0,750;0,008;-0,742
80622.5;0,757;31;0,018;0,739;0,721
80191.9;0,756;25;0,013;0,743;0,730
81080.9;0,755;51;0,008;0,747;0,739
80223.5;0,753;39;0,522;0,231;-0,291
80211.5;0,752;50;0,515;0,237;-0,278
80112.0;0,751;25;0,048;0,703;0,655
80557.4;0,750;29;0,432;0,318;-0,114
80621.1;0,749;17;0,009;0,740;0,731
80204.3;0,748;18;0,256;0,492;0,236
80933.0;0,747;31;0,015;0,732;0,717
81283.2;0,746;25;0,086;0,660;0,574
81216.4;0,745;18;0,182;0,563;0,381
80132.0;0,743;22;0,732;0,011;-0,721
80205.0;0,742;77;0,693;0,049;-0,644
80166.2;0,738;15;0,604;0,134;-0,470
80523.8;0,737;36;0,256;0,481;0,225
80706.7;0,736;3;0,736;0,000;-0,736
81164.6;0,735;14;0,732;0,003;-0,729
80914.4;0,734;6;0,720;0,014;-0,706
81006.0;0,733;11;0,731;0,002;-0,729
80763.6;0,731;17;0,731;0,000;-0,731
80525.5;0,730;25;0,014;0,716;0,702
80177.7;0,729;15;0,351;0,378;0,027
80164.8;0,728;15;0,070;0,658;0,588
80595.9;0,727;45;0,486;0,241;-0,245
81255.8;0,726;18;0,003;0,723;0,720
80279.7;0,725;85;0,065;0,660;0,595
80253.7;0,724;36;0,514;0,210;-0,304
80201.5;0,722;32;0,202;0,520;0,318
81283.1;0,721;16;0,030;0,691;0,661
80530.4;0,720;55;0,502;0,218;-0,284
80720.3;0,719;6;0,719;0,000;-0,719
80609.0;0,718;37;0,643;0,075;-0,568
80120.1;0,717;11;0,493;0,224;-0,269
80510.2;0,716;41;0,232;0,484;0,252
80185.9;0,715;29;0,709;0,006;-0,703
80219.3;0,714;39;0,483;0,231;-0,252
80264.6;0,713;40;0,644;0,069;-0,575
80152.0;0,712;31;0,076;0,636;0,560
80216.9;0,711;51;0,587;0,124;-0,463
80794.1;0,710;7;0,692;0,018;-0,674
80206.0;0,709;32;0,693;0,016;-0,677
81220.5;0,708;18;0,005;0,703;0,698
80780.0;0,706;38;0,576;0,130;-0,446
80223.1;0,705;48;0,656;0,049;-0,607
80693.0;0,703;8;0,703;0,000;-0,703
80230.4;0,700;61;0,514;0,186;-0,328
80202.1;0,699;14;0,693;0,006;-0,687
80103.3;0,698;18;0,310;0,388;0,078
80146.0;0,697;9;0,258;0,439;0,181
80600.5;0,696;12;0,014;0,682;0,668
80818.6;0,695;8;0,695;0,000;-0,695
80515.6;0,694;48;0,509;0,185;-0,324
80559.2;0,693;21;0,079;0,614;0,535
80661.1;0,692;10;0,691;0,001;-0,690
80172.1;0,691;10;0,690;0,001;-0,689
80564.3;0,690;36;0,163;0,527;0,364
80539.8;0,689;57;0,474;0,215;-0,259
80247.0;0,688;48;0,250;0,438;0,188
80175.9;0,687;10;0,687;0,000;-0,687
80518.4;0,686;53;0,229;0,457;0,228
80143.8;0,685;7;0,682;0,003;-0,679
80102.2;0,684;3;0,684;0,000;-0,684
80630.4;0,683;14;0,339;0,344;0,005
81014.0;0,682;17;0,568;0,114;-0,454
80567.0;0,681;33;0,544;0,137;-0,407
80495.8;0,680;93;0,080;0,600;0,520
80195.4;0,679;24;0,003;0,676;0,673
81009.0;0,678;11;0,077;0,601;0,524
81139.3;0,677;5;0,676;0,001;-0,675
80161.9;0,676;11;0,007;0,669;0,662
80189.7;0,675;6;0,674;0,001;-0,673
80178.9;0,673;2;0,673;0,000;-0,673
80125.5;0,672;20;0,671;0,001;-0,670
80571.6;0,671;35;0,459;0,212;-0,247
81016.7;0,669;12;0,008;0,661;0,653
80163.9;0,668;12;0,645;0,023;-0,622
80568.3;0,667;19;0,463;0,204;-0,259
80223.8;0,666;38;0,593;0,073;-0,520
80882.9;0,665;6;0,300;0,365;0,065
81166.7;0,664;14;0,660;0,004;-0,656
81257.9;0,663;32;0,338;0,325;-0,013
80517.0;0,662;44;0,449;0,213;-0,236
80146.5;0,661;28;0,471;0,190;-0,281
80516.5;0,660;55;0,631;0,029;-0,602
80538.4;0,659;38;0,180;0,479;0,299
80889.3;0,658;22;0,331;0,327;-0,004
80582.5;0,656;68;0,209;0,447;0,238
80224.8;0,655;32;0,308;0,347;0,039
80619.0;0,654;28;0,268;0,386;0,118
80108.0;0,653;8;0,652;0,001;-0,651
80229.4;0,652;25;0,098;0,554;0,456
80608.4;0,651;21;0,598;0,053;-0,545
80805.9;0,650;12;0,650;0,000;-0,650
80166.4;0,649;13;0,648;0,001;-0,647
81092.6;0,648;17;0,616;0,032;-0,584
80169.4;0,646;13;0,166;0,480;0,314
80232.4;0,644;35;0,627;0,017;-0,610
80630.5;0,642;10;0,588;0,054;-0,534
80111.5;0,641;5;0,639;0,002;-0,637
80908.1;0,637;18;0,567;0,070;-0,497
80529.6;0,635;44;0,190;0,445;0,255
80623.6;0,634;10;0,001;0,633;0,632
80877.1;0,633;11;0,624;0,009;-0,615
80524.2;0,632;44;0,065;0,567;0,502
80987.4;0,631;10;0,047;0,584;0,537
80137.4;0,630;20;0,474;0,156;-0,318
80605.8;0,629;30;0,313;0,316;0,003
81203.0;0,628;9;0,624;0,004;-0,620
80129.6;0,627;4;0,626;0,001;-0,625
80240.7;0,626;42;0,545;0,081;-0,464
80819.8;0,625;10;0,623;0,002;-0,621
80977.0;0,624;20;0,617;0,007;-0,610
80151.7;0,623;15;0,005;0,618;0,613
80893.5;0,622;5;0,251;0,371;0,120
80192.3;0,620;20;0,606;0,014;-0,592
80243.8;0,618;72;0,431;0,187;-0,244
80667.5;0,617;32;0,222;0,395;0,173
80151.5;0,616;37;0,020;0,596;0,576
80926.4;0,615;9;0,495;0,120;-0,375
80621.9;0,613;15;0,034;0,579;0,545
80256.6;0,612;28;0,217;0,395;0,178
81121.3;0,611;27;0,534;0,077;-0,457
80993.1;0,610;20;0,000;0,610;0,610
80219.1;0,609;31;0,601;0,008;-0,593
80728.8;0,608;6;0,012;0,596;0,584
80689.8;0,607;8;0,607;0,000;-0,607
80208.2;0,606;46;0,008;0,598;0,590
80558.3;0,605;35;0,133;0,472;0,339
80156.7;0,604;5;0,052;0,552;0,500
80778.8;0,603;8;0,602;0,001;-0,601
80862.4;0,602;5;0,601;0,001;-0,600
80182.1;0,601;11;0,008;0,593;0,585
80646.8;0,600;7;0,596;0,004;-0,592
80263.8;0,599;63;0,485;0,114;-0,371
80130.6;0,597;5;0,597;0,000;-0,597
81246.3;0,596;21;0,057;0,539;0,482
80630.6;0,595;19;0,338;0,257;-0,081
80597.0;0,594;25;0,459;0,135;-0,324
80226.6;0,593;12;0,583;0,010;-0,573
80219.0;0,592;39;0,421;0,171;-0,250
80859.4;0,590;7;0,590;0,000;-0,590
80556.4;0,589;32;0,033;0,556;0,523
81110.5;0,588;24;0,249;0,339;0,090
80559.0;0,587;55;0,117;0,470;0,353
80873.6;0,586;3;0,586;0,000;-0,586
80729.9;0,585;7;0,224;0,361;0,137
80959.8;0,584;18;0,576;0,008;-0,568
81262.3;0,583;9;0,002;0,581;0,579
80606.6;0,582;28;0,029;0,553;0,524
80673.0;0,581;16;0,538;0,043;-0,495
80635.0;0,580;44;0,078;0,502;0,424
80190.4;0,579;10;0,578;0,001;-0,577
80228.2;0,578;59;0,391;0,187;-0,204
81067.7;0,577;13;0,568;0,009;-0,559
80103.0;0,576;9;0,573;0,003;-0,570
80103.1;0,575;6;0,573;0,002;-0,571
80762.3;0,574;9;0,574;0,000;-0,574
80620.2;0,573;24;0,037;0,536;0,499
80885.6;0,572;16;0,042;0,530;0,488
80137.2;0,571;7;0,567;0,004;-0,563
81213.4;0,570;25;0,011;0,559;0,548
81058.0;0,569;46;0,372;0,197;-0,175
80575.4;0,568;46;0,412;0,156;-0,256
80870.8;0,567;14;0,566;0,001;-0,565
80764.3;0,565;4;0,565;0,000;-0,565
80594.2;0,564;24;0,037;0,527;0,490
80719.1;0,563;5;0,563;0,000;-0,563
81082.5;0,562;64;0,323;0,239;-0,084
80780.8;0,561;12;0,317;0,244;-0,073
80831.3;0,560;20;0,374;0,186;-0,188
80150.9;0,559;22;0,042;0,517;0,475
80985.2;0,558;7;0,556;0,002;-0,554
80577.4;0,557;62;0,128;0,429;0,301
81250.8;0,556;29;0,342;0,214;-0,128
80621.5;0,555;14;0,005;0,550;0,545
80656.3;0,553;11;0,254;0,299;0,045
80617.7;0,552;25;0,481;0,071;-0,410
81030.1;0,551;19;0,109;0,442;0,333
80196.7;0,549;15;0,387;0,162;-0,225
80920.1;0,547;10;0,541;0,006;-0,535
81194.2;0,546;7;0,002;0,544;0,542
80184.9;0,545;10;0,543;0,002;-0,541
80616.9;0,544;10;0,005;0,539;0,534
80604.2;0,543;23;0,026;0,517;0,491
80534.5;0,542;29;0,013;0,529;0,516
80144.0;0,541;22;0,034;0,507;0,473
80883.9;0,540;15;0,533;0,007;-0,526
80247.9;0,539;64;0,472;0,067;-0,405
81213.8;0,538;17;0,457;0,081;-0,376
80823.4;0,537;9;0,536;0,001;-0,535
80163.7;0,536;15;0,530;0,006;-0,524
80583.7;0,535;38;0,260;0,275;0,015
80661.0;0,534;13;0,505;0,029;-0,476
80118.4;0,533;5;0,000;0,533;0,533
80265.9;0,532;40;0,306;0,226;-0,080
80195.8;0,531;22;0,516;0,015;-0,501
80719.0;0,530;15;0,530;0,000;-0,530
80524.3;0,528;42;0,279;0,249;-0,030
80244.5;0,527;30;0,471;0,056;-0,415
81214.7;0,526;14;0,006;0,520;0,514
81247.6;0,524;29;0,433;0,091;-0,342
80127.5;0,523;22;0,002;0,521;0,519
80133.4;0,522;6;0,519;0,003;-0,516
80150.8;0,521;8;0,517;0,004;-0,513
80587.6;0,520;31;0,456;0,064;-0,392
80184.3;0,519;8;0,268;0,251;-0,017
81071.3;0,518;30;0,447;0,071;-0,376
80132.7;0,517;27;0,393;0,124;-0,269
80164.0;0,516;24;0,405;0,111;-0,294
80641.4;0,515;16;0,504;0,011;-0,493
80620.8;0,514;14;0,003;0,511;0,508
80525.8;0,513;22;0,046;0,467;0,421
80225.1;0,512;31;0,059;0,453;0,394
80527.5;0,511;48;0,161;0,350;0,189
80529.2;0,510;36;0,283;0,227;-0,056
80858.7;0,509;7;0,507;0,002;-0,505
80609.8;0,508;15;0,055;0,453;0,398
80187.3;0,507;17;0,504;0,003;-0,501
80569.4;0,506;23;0,087;0,419;0,332
80115.0;0,505;34;0,205;0,300;0,095
80256.9;0,504;46;0,087;0,417;0,330
80594.5;0,503;36;0,093;0,410;0,317
80606.7;0,502;12;0,002;0,500;0,498
80611.2;0,501;36;0,263;0,238;-0,025
80244.2;0,500;59;0,481;0,019;-0,462
80585.3;0,499;50;0,146;0,353;0,207
80614.3;0,498;24;0,014;0,484;0,470
80599.4;0,497;14;0,005;0,492;0,487
80865.1;0,496;3;0,496;0,000;-0,496
80644.1;0,495;28;0,008;0,487;0,479
80924.8;0,493;6;0,488;0,005;-0,483
80259.3;0,492;55;0,126;0,366;0,240
80124.1;0,491;4;0,489;0,002;-0,487
80541.7;0,490;40;0,313;0,177;-0,136
80137.0;0,489;18;0,487;0,002;-0,485
80656.4;0,488;6;0,486;0,002;-0,484
80526.7;0,487;22;0,096;0,391;0,295
80212.7;0,486;20;0,141;0,345;0,204
81110.2;0,485;14;0,438;0,047;-0,391
81198.3;0,484;19;0,483;0,001;-0,482
81268.2;0,483;26;0,389;0,094;-0,295
80635.4;0,482;38;0,475;0,007;-0,468
80621.4;0,481;20;0,003;0,478;0,475
80170.8;0,480;11;0,479;0,001;-0,478
80603.7;0,479;65;0,275;0,204;-0,071
80193.9;0,478;30;0,438;0,040;-0,398
80105.2;0,477;13;0,325;0,152;-0,173
80739.4;0,475;4;0,475;0,000;-0,475
80578.7;0,474;37;0,296;0,178;-0,118
80571.7;0,473;41;0,365;0,108;-0,257
80239.2;0,472;38;0,357;0,115;-0,242
80129.4;0,470;3;0,470;0,000;-0,470
80268.7;0,468;71;0,067;0,401;0,334
80195.3;0,467;52;0,207;0,260;0,053
81091.1;0,466;19;0,457;0,009;-0,448
80145.9;0,465;37;0,006;0,459;0,453
80109.1;0,464;8;0,463;0,001;-0,462
80687.7;0,463;13;0,004;0,459;0,455
80150.3;0,462;6;0,459;0,003;-0,456
80152.6;0,461;14;0,017;0,444;0,427
80191.8;0,460;15;0,454;0,006;-0,448
80247.6;0,459;70;0,434;0,025;-0,409
81042.8;0,458;27;0,452;0,006;-0,446
80557.2;0,457;23;0,021;0,436;0,415
80540.6;0,456;29;0,024;0,432;0,408
80890.9;0,455;13;0,382;0,073;-0,309
80629.8;0,454;20;0,007;0,447;0,440
80147.8;0,453;16;0,449;0,004;-0,445
80544.6;0,452;40;0,349;0,103;-0,246
80868.9;0,451;7;0,451;0,000;-0,451
80626.1;0,450;11;0,008;0,442;0,434
80228.5;0,449;34;0,397;0,052;-0,345
80662.8;0,448;36;0,040;0,408;0,368
80130.1;0,447;6;0,445;0,002;-0,443
80557.7;0,446;39;0,294;0,152;-0,142
80123.1;0,445;7;0,006;0,439;0,433
80601.8;0,444;29;0,012;0,432;0,420
80120.9;0,443;10;0,438;0,005;-0,433
80630.2;0,442;12;0,405;0,037;-0,368
80802.4;0,441;2;0,441;0,000;-0,441
80224.0;0,440;102;0,170;0,270;0,100
80180.7;0,439;25;0,265;0,174;-0,091
80279.8;0,438;105;0,129;0,309;0,180
80756.0;0,437;7;0,437;0,000;-0,437
80130.7;0,436;1;0,436;0,000;-0,436
80918.5;0,435;7;0,004;0,431;0,427
80580.3;0,434;43;0,385;0,049;-0,336
80148.0;0,433;53;0,219;0,214;-0,005
80203.1;0,432;23;0,427;0,005;-0,422
80249.6;0,431;37;0,408;0,023;-0,385
80263.9;0,430;67;0,214;0,216;0,002
80240.6;0,429;42;0,238;0,191;-0,047
80261.4;0,428;44;0,388;0,040;-0,348
80710.0;0,427;12;0,424;0,003;-0,421
80107.4;0,426;2;0,426;0,000;-0,426
80274.0;0,425;149;0,251;0,174;-0,077
80648.2;0,424;18;0,027;0,397;0,370
80155.6;0,423;12;0,216;0,207;-0,009
80526.4;0,422;24;0,217;0,205;-0,012
80991.5;0,421;3;0,421;0,000;-0,421
80221.7;0,420;41;0,398;0,022;-0,376
80244.1;0,419;33;0,340;0,079;-0,261
80228.6;0,418;48;0,216;0,202;-0,014
80159.7;0,417;15;0,307;0,110;-0,197
80630.9;0,416;11;0,003;0,413;0,410
80227.5;0,415;48;0,045;0,370;0,325
81269.5;0,414;14;0,408;0,006;-0,402
80134.8;0,413;7;0,410;0,003;-0,407
80148.6;0,412;18;0,231;0,181;-0,050
80108.4;0,411;4;0,411;0,000;-0,411
80546.4;0,410;31;0,316;0,094;-0,222
80180.9;0,409;10;0,403;0,006;-0,397
80232.8;0,408;39;0,375;0,033;-0,342
80230.7;0,407;29;0,382;0,025;-0,357
80164.7;0,406;7;0,406;0,000;-0,406
80176.0;0,405;26;0,018;0,387;0,369
80132.9;0,404;10;0,404;0,000;-0,404
80239.3;0,403;42;0,038;0,365;0,327
80140.4;0,402;2;0,401;0,001;-0,400
80107.7;0,401;6;0,256;0,145;-0,111
80861.2;0,400;3;0,123;0,277;0,154
80665.3;0,399;10;0,297;0,102;-0,195
80827.7;0,398;14;0,378;0,020;-0,358
80883.8;0,397;7;0,003;0,394;0,391
80162.0;0,396;15;0,127;0,269;0,142
81279.2;0,395;29;0,369;0,026;-0,343
80188.4;0,394;12;0,388;0,006;-0,382
80774.0;0,393;16;0,393;0,000;-0,393
80733.9;0,392;1;0,392;0,000;-0,392
80681.5;0,391;8;0,276;0,115;-0,161
80546.6;0,390;43;0,314;0,076;-0,238
80570.9;0,389;26;0,009;0,380;0,371
80841.0;0,388;19;0,230;0,158;-0,072
80557.8;0,387;43;0,196;0,191;-0,005
80114.8;0,386;7;0,386;0,000;-0,386
80759.0;0,385;7;0,384;0,001;-0,383
80108.6;0,384;4;0,383;0,001;-0,382
80216.4;0,383;39;0,048;0,335;0,287
80154.5;0,382;8;0,002;0,380;0,378
80769.7;0,381;8;0,381;0,000;-0,381
80569.6;0,380;36;0,197;0,183;-0,014
80537.3;0,379;36;0,353;0,026;-0,327
80221.3;0,378;22;0,053;0,325;0,272
80612.5;0,377;27;0,031;0,346;0,315
80695.1;0,376;3;0,376;0,000;-0,376
80760.9;0,375;2;0,375;0,000;-0,375
80642.1;0,374;19;0,120;0,254;0,134
80635.9;0,373;14;0,007;0,366;0,359
80237.4;0,372;32;0,367;0,005;-0,362
80611.8;0,371;15;0,077;0,294;0,217
80113.5;0,370;2;0,370;0,000;-0,370
80205.6;0,369;29;0,282;0,087;-0,195
81055.7;0,368;26;0,241;0,127;-0,114
80171.3;0,367;9;0,363;0,004;-0,359
80770.3;0,366;4;0,366;0,000;-0,366
80248.5;0,365;48;0,170;0,195;0,025
80150.2;0,364;13;0,005;0,359;0,354
80870.6;0,363;10;0,361;0,002;-0,359
80764.0;0,362;12;0,273;0,089;-0,184
80223.7;0,361;31;0,098;0,263;0,165
80628.7;0,360;8;0,312;0,048;-0,264
80184.4;0,359;7;0,358;0,001;-0,357
80613.7;0,358;25;0,122;0,236;0,114
80213.6;0,357;30;0,238;0,119;-0,119
80177.5;0,356;10;0,014;0,342;0,328
80173.6;0,354;13;0,352;0,002;-0,350
80134.1;0,353;4;0,351;0,002;-0,349
80204.5;0,352;19;0,164;0,188;0,024
80674.8;0,351;8;0,002;0,349;0,347
80139.1;0,350;9;0,021;0,329;0,308
80138.3;0,349;5;0,347;0,002;-0,345
80176.3;0,348;13;0,134;0,214;0,080
80766.0;0,347;5;0,347;0,000;-0,347
80844.5;0,346;8;0,003;0,343;0,340
80634.5;0,345;11;0,342;0,003;-0,339
80603.2;0,344;29;0,065;0,279;0,214
80636.8;0,343;14;0,319;0,024;-0,295
80157.3;0,342;12;0,296;0,046;-0,250
80169.5;0,341;7;0,340;0,001;-0,339
80131.9;0,340;5;0,340;0,000;-0,340
81212.9;0,339;35;0,116;0,223;0,107
80534.7;0,338;40;0,203;0,135;-0,068
80181.1;0,337;14;0,237;0,100;-0,137
81004.1;0,336;26;0,004;0,332;0,328
80166.9;0,335;28;0,319;0,016;-0,303
80674.2;0,334;6;0,329;0,005;-0,324
80936.9;0,333;18;0,003;0,330;0,327
80930.1;0,332;30;0,062;0,270;0,208
80653.5;0,331;13;0,207;0,124;-0,083
80215.5;0,330;36;0,041;0,289;0,248
80574.5;0,329;39;0,022;0,307;0,285
80146.7;0,328;15;0,323;0,005;-0,318
80187.8;0,327;10;0,325;0,002;-0,323
80201.4;0,326;13;0,004;0,322;0,318
80616.7;0,325;10;0,002;0,323;0,321
80115.2;0,324;6;0,322;0,002;-0,320
80171.0;0,323;11;0,322;0,001;-0,321
80731.3;0,322;5;0,322;0,000;-0,322
80888.5;0,321;8;0,255;0,066;-0,189
80164.1;0,320;21;0,317;0,003;-0,314
80637.7;0,319;24;0,010;0,309;0,299
80143.5;0,318;6;0,315;0,003;-0,312
80141.9;0,316;4;0,314;0,002;-0,312
80230.9;0,315;24;0,297;0,018;-0,279
80178.2;0,314;11;0,313;0,001;-0,312
80198.2;0,313;12;0,007;0,306;0,299
80163.3;0,312;7;0,308;0,004;-0,304
80645.3;0,311;17;0,057;0,254;0,197
80839.5;0,310;22;0,304;0,006;-0,298
80834.0;0,309;19;0,304;0,005;-0,299
80598.8;0,308;13;0,006;0,302;0,296
80666.1;0,307;12;0,260;0,047;-0,213
81088.8;0,306;20;0,015;0,291;0,276
80653.8;0,305;16;0,027;0,278;0,251
80225.8;0,304;30;0,277;0,027;-0,250
80155.2;0,303;17;0,248;0,055;-0,193
80107.0;0,302;4;0,301;0,001;-0,300
80170.4;0,301;8;0,299;0,002;-0,297
81099.7;0,300;10;0,233;0,067;-0,166
80209.1;0,299;29;0,016;0,283;0,267
81099.0;0,298;19;0,219;0,079;-0,140
80142.2;0,297;4;0,297;0,000;-0,297
80529.4;0,296;53;0,157;0,139;-0,018
80149.8;0,295;26;0,267;0,028;-0,239
80522.9;0,294;48;0,263;0,031;-0,232
80829.8;0,293;9;0,291;0,002;-0,289
80141.0;0,292;13;0,290;0,002;-0,288
80190.6;0,291;17;0,262;0,029;-0,233
80707.4;0,290;5;0,001;0,289;0,288
80679.3;0,289;4;0,002;0,287;0,285
80942.1;0,288;20;0,004;0,284;0,280
80173.5;0,287;6;0,287;0,000;-0,287
80642.4;0,286;12;0,253;0,033;-0,220
80208.1;0,285;29;0,188;0,097;-0,091
80150.5;0,284;8;0,032;0,252;0,220
80195.0;0,283;43;0,258;0,025;-0,233
80165.4;0,282;11;0,239;0,043;-0,196
81210.8;0,281;24;0,073;0,208;0,135
80674.7;0,280;15;0,278;0,002;-0,276
80172.0;0,279;14;0,264;0,015;-0,249
80158.9;0,278;21;0,200;0,078;-0,122
80125.0;0,277;26;0,266;0,011;-0,255
80186.3;0,276;11;0,266;0,010;-0,256
80128.2;0,275;3;0,274;0,001;-0,273
80245.7;0,274;45;0,220;0,054;-0,166
80133.3;0,273;20;0,270;0,003;-0,267
80540.3;0,272;25;0,016;0,256;0,240
80897.8;0,271;2;0,271;0,000;-0,271
81122.2;0,270;10;0,033;0,237;0,204
80662.1;0,269;7;0,267;0,002;-0,265
80142.9;0,268;10;0,268;0,000;-0,268
80132.5;0,266;11;0,135;0,131;-0,004
80643.6;0,265;19;0,240;0,025;-0,215
80130.9;0,264;5;0,264;0,000;-0,264
80788.5;0,263;1;0,263;0,000;-0,263
80786.5;0,262;8;0,001;0,261;0,260
80229.1;0,261;41;0,129;0,132;0,003
80130.2;0,260;5;0,260;0,000;-0,260
80198.9;0,259;13;0,015;0,244;0,229
80635.7;0,258;10;0,227;0,031;-0,196
80212.8;0,257;30;0,114;0,143;0,029
80113.7;0,256;8;0,170;0,086;-0,084
80133.2;0,255;4;0,255;0,000;-0,255
80569.8;0,254;33;0,158;0,096;-0,062
80172.2;0,253;3;0,001;0,252;0,251
80581.9;0,252;33;0,101;0,151;0,050
80653.3;0,251;11;0,239;0,012;-0,227
80651.8;0,250;12;0,246;0,004;-0,242
80790.3;0,249;8;0,249;0,000;-0,249
80685.3;0,248;7;0,248;0,000;-0,248
80601.9;0,247;23;0,020;0,227;0,207
80642.7;0,246;8;0,235;0,011;-0,224
80830.6;0,245;9;0,243;0,002;-0,241
80128.5;0,244;5;0,244;0,000;-0,244
80630.7;0,243;8;0,007;0,236;0,229
81014.8;0,242;5;0,067;0,175;0,108
80872.5;0,241;15;0,238;0,003;-0,235
80768.1;0,240;5;0,240;0,000;-0,240
80155.8;0,239;14;0,229;0,010;-0,219
80132.8;0,238;6;0,135;0,103;-0,032
80128.6;0,237;7;0,237;0,000;-0,237
80706.6;0,236;2;0,236;0,000;-0,236
80164.2;0,235;11;0,003;0,232;0,229
80822.2;0,234;13;0,234;0,000;-0,234
81125.4;0,233;5;0,210;0,023;-0,187
80116.0;0,232;20;0,229;0,003;-0,226
81079.8;0,231;20;0,219;0,012;-0,207
80716.0;0,230;8;0,229;0,001;-0,228
80547.2;0,229;57;0,124;0,105;-0,019
80207.1;0,228;68;0,008;0,220;0,212
80123.6;0,227;5;0,226;0,001;-0,225
80881.3;0,226;8;0,221;0,005;-0,216
80138.4;0,225;6;0,003;0,222;0,219
80151.8;0,224;23;0,219;0,005;-0,214
81230.3;0,223;21;0,163;0,060;-0,103
80170.3;0,222;11;0,211;0,011;-0,200
80595.7;0,221;30;0,016;0,205;0,189
80681.4;0,220;5;0,219;0,001;-0,218
80157.6;0,219;9;0,066;0,153;0,087
80533.2;0,218;36;0,122;0,096;-0,026
80221.4;0,217;37;0,036;0,181;0,145
80121.4;0,216;18;0,166;0,050;-0,116
80221.8;0,215;22;0,143;0,072;-0,071
80132.3;0,214;7;0,210;0,004;-0,206
80144.2;0,213;11;0,076;0,137;0,061
80125.2;0,212;6;0,208;0,004;-0,204
80919.8;0,211;12;0,079;0,132;0,053
80205.9;0,210;7;0,004;0,206;0,202
80634.1;0,209;9;0,116;0,093;-0,023
80107.5;0,208;5;0,206;0,002;-0,204
80237.5;0,207;57;0,185;0,022;-0,163
80782.8;0,206;4;0,206;0,000;-0,206
80563.8;0,205;25;0,113;0,092;-0,021
80643.3;0,204;31;0,120;0,084;-0,036
80228.7;0,203;22;0,180;0,023;-0,157
80553.9;0,202;21;0,140;0,062;-0,078
80206.9;0,201;19;0,194;0,007;-0,187
80724.5;0,200;2;0,160;0,040;-0,120
80645.0;0,199;48;0,168;0,031;-0,137
80769.6;0,198;7;0,198;0,000;-0,198
80155.3;0,197;14;0,173;0,024;-0,149
80697.6;0,196;1;0,196;0,000;-0,196
80132.4;0,195;6;0,195;0,000;-0,195
80122.6;0,194;7;0,004;0,190;0,186
80141.2;0,193;8;0,193;0,000;-0,193
80238.7;0,192;33;0,178;0,014;-0,164
80670.7;0,191;5;0,191;0,000;-0,191
80850.2;0,190;6;0,189;0,001;-0,188
80139.0;0,189;9;0,024;0,165;0,141
80135.3;0,188;2;0,188;0,000;-0,188
80146.1;0,187;7;0,185;0,002;-0,183
81125.6;0,186;5;0,026;0,160;0,134
80183.1;0,185;9;0,007;0,178;0,171
80860.9;0,184;2;0,184;0,000;-0,184
80156.3;0,183;15;0,175;0,008;-0,167
80155.9;0,182;21;0,175;0,007;-0,168
80204.4;0,181;27;0,168;0,013;-0,155
80128.7;0,180;6;0,180;0,000;-0,180
80562.1;0,179;10;0,113;0,066;-0,047
80120.8;0,178;14;0,177;0,001;-0,176
80636.0;0,177;25;0,112;0,065;-0,047
80181.4;0,176;7;0,175;0,001;-0,174
80250.6;0,175;40;0,161;0,014;-0,147
80140.6;0,174;9;0,174;0,000;-0,174
80123.4;0,173;5;0,172;0,001;-0,171
80204.6;0,172;7;0,130;0,042;-0,088
80165.0;0,171;21;0,159;0,012;-0,147
80096.6;0,170;11;0,170;0,000;-0,170
80873.5;0,169;12;0,046;0,123;0,077
80661.3;0,168;34;0,022;0,146;0,124
81021.7;0,167;20;0,160;0,007;-0,153
80194.8;0,166;16;0,083;0,083;0,000
80746.9;0,165;2;0,165;0,000;-0,165
80618.6;0,164;22;0,012;0,152;0,140
80217.8;0,163;35;0,070;0,093;0,023
80170.2;0,162;8;0,004;0,158;0,154
80232.2;0,161;34;0,148;0,013;-0,135
80152.1;0,160;16;0,149;0,011;-0,138
80124.3;0,159;4;0,159;0,000;-0,159
80189.1;0,158;22;0,055;0,103;0,048
80662.9;0,157;19;0,032;0,125;0,093
80763.1;0,156;10;0,156;0,000;-0,156
80240.5;0,155;19;0,028;0,127;0,099
80115.8;0,154;7;0,002;0,152;0,150
80210.2;0,153;32;0,060;0,093;0,033
80197.5;0,152;23;0,014;0,138;0,124
80684.0;0,151;10;0,024;0,127;0,103
80106.9;0,150;8;0,009;0,141;0,132
80156.6;0,149;14;0,039;0,110;0,071
80152.5;0,148;16;0,003;0,145;0,142
80155.5;0,147;10;0,146;0,001;-0,145
80193.1;0,146;18;0,048;0,098;0,050
80121.0;0,145;9;0,142;0,003;-0,139
80179.0;0,144;9;0,144;0,000;-0,144
80149.1;0,143;16;0,138;0,005;-0,133
80620.7;0,142;9;0,132;0,010;-0,122
80110.9;0,141;2;0,141;0,000;-0,141
80247.4;0,140;22;0,132;0,008;-0,124
80231.3;0,139;20;0,013;0,126;0,113
80159.5;0,138;14;0,002;0,136;0,134
80135.6;0,137;6;0,042;0,095;0,053
80200.3;0,136;9;0,006;0,130;0,124
80829.7;0,135;12;0,129;0,006;-0,123
80130.4;0,134;6;0,133;0,001;-0,132
80210.8;0,133;45;0,065;0,068;0,003
80183.4;0,132;8;0,003;0,129;0,126
80134.3;0,131;3;0,001;0,130;0,129
80180.4;0,130;9;0,128;0,002;-0,126
80110.6;0,129;4;0,126;0,003;-0,123
80105.7;0,128;13;0,126;0,002;-0,124
80622.2;0,127;8;0,054;0,073;0,019
80208.7;0,126;16;0,053;0,073;0,020
80162.4;0,125;8;0,022;0,103;0,081
80572.6;0,124;24;0,110;0,014;-0,096
80206.7;0,123;9;0,121;0,002;-0,119
80253.3;0,122;32;0,081;0,041;-0,040
80133.1;0,121;13;0,118;0,003;-0,115
80111.9;0,120;11;0,064;0,056;-0,008
80175.5;0,119;12;0,117;0,002;-0,115
80138.0;0,118;12;0,006;0,112;0,106
80946.2;0,117;12;0,102;0,015;-0,087
80128.4;0,116;5;0,084;0,032;-0,052
80238.3;0,115;37;0,105;0,010;-0,095
80188.5;0,114;21;0,075;0,039;-0,036
80555.8;0,113;19;0,012;0,101;0,089
80158.8;0,112;15;0,023;0,089;0,066
80108.9;0,111;4;0,110;0,001;-0,109
80136.1;0,110;9;0,110;0,000;-0,110
80125.6;0,109;9;0,005;0,104;0,099
80205.2;0,108;29;0,098;0,010;-0,088
80229.7;0,107;24;0,092;0,015;-0,077
80629.6;0,106;4;0,001;0,105;0,104
80697.3;0,105;1;0,105;0,000;-0,105
80163.1;0,104;4;0,102;0,002;-0,100
80633.2;0,103;7;0,006;0,097;0,091
80550.8;0,102;29;0,020;0,082;0,062
80100.2;0,101;2;0,101;0,000;-0,101
80694.8;0,100;1;0,100;0,000;-0,100
80563.7;0,099;13;0,095;0,004;-0,091
80620.3;0,098;9;0,004;0,094;0,090
80168.9;0,097;16;0,084;0,013;-0,071
80217.7;0,096;25;0,085;0,011;-0,074
80107.6;0,095;12;0,093;0,002;-0,091
80163.0;0,094;14;0,085;0,009;-0,076
80183.7;0,093;17;0,086;0,007;-0,079
80128.9;0,092;11;0,085;0,007;-0,078
80113.1;0,091;5;0,082;0,009;-0,073
80140.7;0,090;4;0,090;0,000;-0,090
80147.9;0,089;15;0,033;0,056;0,023
80105.8;0,088;20;0,005;0,083;0,078
80115.6;0,087;6;0,084;0,003;-0,081
80122.1;0,086;8;0,002;0,084;0,082
80142.0;0,085;18;0,058;0,027;-0,031
80137.1;0,084;12;0,018;0,066;0,048
80175.1;0,083;5;0,060;0,023;-0,037
80105.3;0,082;11;0,018;0,064;0,046
80193.6;0,081;11;0,012;0,069;0,057
80107.9;0,080;7;0,064;0,016;-0,048
80156.5;0,079;18;0,010;0,069;0,059
80235.4;0,078;33;0,024;0,054;0,030
80236.2;0,077;31;0,062;0,015;-0,047
80165.9;0,076;11;0,070;0,006;-0,064
80117.8;0,075;6;0,072;0,003;-0,069
80137.5;0,074;6;0,046;0,028;-0,018
80099.9;0,073;14;0,070;0,003;-0,067
80156.2;0,072;12;0,055;0,017;-0,038
80101.2;0,071;10;0,005;0,066;0,061
80096.1;0,070;5;0,001;0,069;0,068
80115.9;0,069;4;0,003;0,066;0,063
80109.9;0,068;5;0,067;0,001;-0,066
80125.4;0,067;4;0,067;0,000;-0,067
80102.6;0,066;12;0,003;0,063;0,060
80119.3;0,065;6;0,000;0,065;0,065
80144.7;0,064;2;0,064;0,000;-0,064
80141.5;0,063;2;0,063;0,000;-0,063
80160.3;0,062;11;0,024;0,038;0,014
80124.4;0,061;8;0,061;0,000;-0,061
80648.1;0,060;14;0,018;0,042;0,024
80111.3;0,059;4;0,058;0,001;-0,057
80861.6;0,058;2;0,058;0,000;-0,058
80162.8;0,057;10;0,000;0,057;0,057
80141.8;0,056;2;0,048;0,008;-0,040
80814.6;0,055;7;0,000;0,055;0,055
80200.5;0,054;9;0,049;0,005;-0,044
80103.7;0,053;4;0,053;0,000;-0,053
80106.3;0,052;4;0,052;0,000;-0,052
80118.0;0,051;11;0,047;0,004;-0,043
80106.7;0,050;4;0,048;0,002;-0,046
80139.9;0,049;7;0,003;0,046;0,043
80106.6;0,048;4;0,045;0,003;-0,042
80109.5;0,047;2;0,046;0,001;-0,045
80106.8;0,046;5;0,001;0,045;0,044
80100.9;0,045;2;0,045;0,000;-0,045
80181.5;0,044;5;0,023;0,021;-0,002
80726.0;0,043;3;0,042;0,001;-0,041
80097.3;0,042;4;0,041;0,001;-0,040
80109.8;0,041;8;0,038;0,003;-0,035
80161.0;0,040;11;0,037;0,003;-0,034
80632.6;0,039;7;0,011;0,028;0,017
80205.3;0,038;13;0,020;0,018;-0,002
80176.5;0,037;3;0,037;0,000;-0,037
80100.6;0,036;1;0,036;0,000;-0,036
80129.9;0,035;5;0,034;0,001;-0,033
80126.8;0,034;3;0,010;0,024;0,014
80122.5;0,033;9;0,013;0,020;0,007
80154.2;0,032;17;0,022;0,010;-0,012
80114.6;0,031;5;0,003;0,028;0,025
80150.4;0,030;6;0,028;0,002;-0,026
80174.4;0,029;8;0,027;0,002;-0,025
80125.1;0,028;3;0,027;0,001;-0,026
80106.2;0,027;2;0,000;0,027;0,027
80097.0;0,026;5;0,026;0,000;-0,026
80104.8;0,025;3;0,024;0,001;-0,023
80173.7;0,024;11;0,023;0,001;-0,022
80097.4;0,023;8;0,023;0,000;-0,023
80562.2;0,022;19;0,017;0,005;-0,012
80122.4;0,021;3;0,021;0,000;-0,021
80099.3;0,020;1;0,000;0,020;0,020
80104.3;0,019;4;0,019;0,000;-0,019
80102.0;0,018;6;0,017;0,001;-0,016
80098.5;0,017;4;0,017;0,000;-0,017
80096.8;0,016;2;0,000;0,016;0,016
80104.0;0,015;8;0,014;0,001;-0,013
80133.8;0,014;6;0,013;0,001;-0,012
80140.2;0,013;3;0,001;0,012;0,011
80114.0;0,012;9;0,009;0,003;-0,006
80106.0;0,011;8;0,007;0,004;-0,003
80098.0;0,010;5;0,009;0,001;-0,008
80106.1;0,009;4;0,001;0,008;0,007
80106.4;0,008;5;0,008;0,000;-0,008
80099.8;0,007;4;0,006;0,001;-0,005
80101.7;0,006;3;0,004;0,002;-0,002
80101.1;0,005;3;0,005;0,000;-0,005
80096.2;0,004;3;0,004;0,000;-0,004
80098.9;0,003;2;0,001;0,002;0,001
80096.7;0,002;1;0,000;0,002;0,002
80096.3;0,001;1;0,001;0,000;-0,001
