Price;Volume;Trades;Bid;Asks;Delta
80300.0;667,791;4221;377,794;289,997;-87,797
80500.0;587,978;4538;464,255;123,723;-340,532
80400.0;394,567;4463;216,024;178,543;-37,481
80620.0;201,507;599;194,826;6,681;-188,145
80475.0;195,866;1571;154,072;41,794;-112,278
80450.0;181,501;2660;70,739;110,762;40,023
80499.9;167,673;1284;53,521;114,152;60,631
80600.0;166,335;1812;80,093;86,242;6,149
80350.0;159,450;2383;96,609;62,841;-33,768
80555.0;154,159;914;133,600;20,559;-113,041
80200.0;152,387;991;68,595;83,792;15,197
81016.0;147,322;477;147,310;0,012;-147,298
80380.0;140,675;1527;116,278;24,397;-91,881
80250.0;134,409;1418;58,205;76,204;17,999
80618.0;126,227;182;125,008;1,219;-123,789
80364.5;126,015;641;124,427;1,588;-122,839
80280.0;122,065;1202;63,968;58,097;-5,871
80500.1;121,449;1086;19,223;102,226;83,003
80300.1;118,779;1967;33,485;85,294;51,809
80445.0;118,449;870;36,257;82,192;45,935
80302.8;117,490;713;111,744;5,746;-105,998
80390.0;114,149;864;97,794;16,355;-81,439
81000.0;113,355;882;113,355;0,000;-113,355
80845.0;112,515;105;112,209;0,306;-111,903
80302.9;104,781;1352;36,137;68,644;32,507
80460.0;100,927;2044;55,238;45,689;-9,549
80580.0;99,882;836;81,735;18,147;-63,588
80299.9;93,991;1184;62,208;31,783;-30,425
80480.0;91,754;1873;52,921;38,833;-14,088
80310.0;90,349;1421;80,271;10,078;-70,193
80332.0;89,536;1345;77,463;12,073;-65,390
80590.0;88,378;839;75,792;12,586;-63,206
80725.0;74,946;117;0,134;74,812;74,678
80465.0;73,988;798;48,936;25,052;-23,884
80350.1;73,629;1189;15,980;57,649;41,669
80334.9;73,123;722;3,426;69,697;66,271
80411.4;71,881;1664;28,116;43,765;15,649
80481.0;69,117;334;59,244;9,873;-49,371
80307.8;68,343;1191;31,767;36,576;4,809
80340.0;67,166;1188;49,057;18,109;-30,948
81185.1;65,871;452;55,367;10,504;-44,863
80470.0;65,308;1097;42,531;22,777;-19,754
80440.0;63,052;1859;30,871;32,181;1,310
80324.0;62,266;891;42,082;20,184;-21,898
80550.0;60,957;906;30,843;30,114;-0,729
80520.0;60,727;820;48,113;12,614;-35,499
80491.0;60,202;370;55,700;4,502;-51,198
80305.8;58,982;370;16,273;42,709;26,436
80351.8;58,497;605;55,127;3,370;-51,757
80388.0;58,400;840;27,198;31,202;4,004
80305.1;58,334;295;52,704;5,630;-47,074
80360.0;57,874;1635;32,047;25,827;-6,220
80400.1;56,081;1335;13,762;42,319;28,557
80470.4;55,934;275;52,066;3,868;-48,198
80405.1;55,243;866;23,401;31,842;8,441
80230.0;55,234;614;35,943;19,291;-16,652
80296.1;53,598;667;7,240;46,358;39,118
80468.1;53,294;542;10,434;42,860;32,426
81100.0;52,891;210;15,397;37,494;22,097
80415.0;51,466;1191;18,903;32,563;13,660
80370.0;51,275;1178;42,718;8,557;-34,161
80320.0;50,989;2222;26,207;24,782;-1,425
80292.1;49,566;625;18,062;31,504;13,442
81238.0;49,039;332;39,637;9,402;-30,235
80368.0;48,940;831;26,979;21,961;-5,018
80466.0;48,649;942;4,628;44,021;39,393
80424.0;48,076;1414;25,309;22,767;-2,542
80298.2;47,473;414;36,539;10,934;-25,605
80425.0;47,120;1100;33,177;13,943;-19,234
80270.8;46,844;534;26,469;20,375;-6,094
80413.0;46,659;488;10,956;35,703;24,747
80370.1;46,636;947;13,818;32,818;19,000
80455.9;46,414;1187;24,447;21,967;-2,480
80333.0;45,915;626;39,444;6,471;-32,973
80329.2;45,458;1117;23,211;22,247;-0,964
80269.1;45,444;347;0,518;44,926;44,408
80100.0;45,234;272;45,225;0,009;-45,216
80669.0;44,906;433;41,127;3,779;-37,348
80362.2;44,861;441;21,972;22,889;0,917
80730.0;44,691;152;41,554;3,137;-38,417
80499.0;44,442;321;43,030;1,412;-41,618
80490.0;44,283;950;33,350;10,933;-22,417
80456.0;44,241;1523;19,783;24,458;4,675
80310.1;43,843;724;2,349;41,494;39,145
80502.0;43,808;331;20,306;23,502;3,196
80380.1;43,511;792;1,873;41,638;39,765
80334.0;43,467;818;26,909;16,558;-10,351
81000.1;43,412;630;0,867;42,545;41,678
81215.0;42,409;132;40,190;2,219;-37,971
80420.0;42,215;1643;18,096;24,119;6,023
80465.2;42,040;792;18,130;23,910;5,780
80240.1;41,694;389;0,036;41,658;41,622
80507.9;41,638;358;32,928;8,710;-24,218
80351.9;41,503;765;25,943;15,560;-10,383
80476.9;41,459;580;2,289;39,170;36,881
80409.9;41,191;560;35,928;5,263;-30,665
80301.9;40,877;619;29,684;11,193;-18,491
80884.1;40,724;341;7,280;33,444;26,164
80476.2;40,356;798;32,450;7,906;-24,544
80453.2;40,287;326;10,093;30,194;20,101
80449.9;40,279;1042;20,900;19,379;-1,521
80210.6;40,226;505;0,434;39,792;39,358
80331.3;40,059;828;12,946;27,113;14,167
80360.1;40,010;731;17,759;22,251;4,492
80488.2;39,865;482;8,439;31,426;22,987
80356.6;39,282;1082;21,647;17,635;-4,012
80358.1;39,275;504;11,591;27,684;16,093
81117.6;39,236;410;9,491;29,745;20,254
80328.4;39,155;817;24,253;14,902;-9,351
80303.0;38,934;488;30,263;8,671;-21,592
80550.2;38,719;607;37,290;1,429;-35,861
80436.0;38,656;750;14,039;24,617;10,578
80465.9;38,587;713;28,070;10,517;-17,553
80574.0;38,573;267;1,102;37,471;36,369
80423.4;38,446;564;3,440;35,006;31,566
80464.3;38,338;470;4,109;34,229;30,120
80333.1;38,211;707;2,098;36,113;34,015
80384.0;38,198;1109;21,610;16,588;-5,022
80494.6;38,135;426;33,854;4,281;-29,573
80285.5;37,901;449;16,301;21,600;5,299
80475.1;37,864;710;8,568;29,296;20,728
80474.9;37,851;757;11,376;26,475;15,099
80438.8;37,783;1035;14,981;22,802;7,821
80548.1;37,698;449;26,671;11,027;-15,644
80240.4;37,666;153;0,008;37,658;37,650
80327.0;37,596;468;28,678;8,918;-19,760
80477.5;37,469;1009;4,469;33,000;28,531
80421.0;37,356;489;29,597;7,759;-21,838
80477.4;37,335;755;32,257;5,078;-27,179
80294.5;37,293;442;8,938;28,355;19,417
80396.8;37,167;929;4,200;32,967;28,767
80462.0;37,149;973;21,547;15,602;-5,945
80307.4;37,054;530;23,578;13,476;-10,102
80472.1;36,974;425;2,149;34,825;32,676
80336.2;36,973;323;33,190;3,783;-29,407
80430.5;36,605;667;7,974;28,631;20,657
80495.2;36,595;474;7,376;29,219;21,843
80280.1;36,587;621;17,901;18,686;0,785
80307.9;36,563;533;11,800;24,763;12,963
80460.1;36,509;703;1,103;35,406;34,303
80480.7;36,439;433;32,251;4,188;-28,063
80230.1;36,281;400;8,164;28,117;19,953
80200.1;36,049;182;20,598;15,451;-5,147
80283.0;36,017;628;7,702;28,315;20,613
80372.8;35,843;660;4,062;31,781;27,719
80412.0;35,786;748;11,445;24,341;12,896
80303.2;35,594;674;29,159;6,435;-22,724
80331.0;35,450;562;24,062;11,388;-12,674
80323.3;35,197;658;19,533;15,664;-3,869
80419.0;35,136;481;16,411;18,725;2,314
80405.2;34,981;948;13,015;21,966;8,951
80319.7;34,896;755;16,953;17,943;0,990
80433.0;34,880;542;8,647;26,233;17,586
80308.3;34,776;397;1,658;33,118;31,460
80512.7;34,732;536;11,320;23,412;12,092
80364.0;34,472;607;5,941;28,531;22,590
80472.5;34,438;962;11,690;22,748;11,058
80425.1;34,288;668;12,188;22,100;9,912
80334.8;34,137;756;25,499;8,638;-16,861
80532.9;34,111;404;17,559;16,552;-1,007
80620.1;34,002;378;0,169;33,833;33,664
80343.3;33,974;357;6,108;27,866;21,758
80467.8;33,879;458;17,986;15,893;-2,093
80270.0;33,866;815;32,406;1,460;-30,946
80456.4;33,851;392;7,422;26,429;19,007
80340.5;33,773;441;18,770;15,003;-3,767
80312.1;33,547;800;6,723;26,824;20,101
80319.9;33,533;631;21,471;12,062;-9,409
80422.2;33,496;384;30,341;3,155;-27,186
80505.0;33,303;558;29,639;3,664;-25,975
80431.0;33,198;540;10,407;22,791;12,384
80434.5;33,177;346;29,097;4,080;-25,017
80283.3;33,103;699;14,349;18,754;4,405
80344.0;33,096;963;23,158;9,938;-13,220
80599.9;33,074;568;20,817;12,257;-8,560
80352.1;32,932;862;11,736;21,196;9,460
80440.1;32,897;882;14,914;17,983;3,069
80364.6;32,816;566;6,010;26,806;20,796
80443.0;32,724;708;22,251;10,473;-11,778
80577.8;32,612;165;31,131;1,481;-29,650
80445.1;32,609;515;6,391;26,218;19,827
80410.0;32,594;1321;7,136;25,458;18,322
80312.8;32,224;259;24,025;8,199;-15,826
80533.1;32,161;298;0,021;32,140;32,119
80370.2;32,021;480;11,362;20,659;9,297
80374.3;31,961;359;4,815;27,146;22,331
80685.7;31,828;357;21,389;10,439;-10,950
80325.1;31,725;792;9,962;21,763;11,801
80329.1;31,647;763;26,201;5,446;-20,755
80476.1;31,622;591;19,780;11,842;-7,938
80497.0;31,553;440;20,267;11,286;-8,981
80420.6;31,502;540;24,689;6,813;-17,876
80650.0;31,375;452;9,591;21,784;12,193
80422.5;31,127;842;20,255;10,872;-9,383
80309.9;30,943;663;17,671;13,272;-4,399
80472.4;30,897;627;23,380;7,517;-15,863
80531.9;30,780;205;7,372;23,408;16,036
80465.7;30,740;732;12,604;18,136;5,532
80339.9;30,732;863;15,601;15,131;-0,470
80312.0;30,691;1206;24,977;5,714;-19,263
80420.1;30,690;753;10,185;20,505;10,320
80365.0;30,602;599;7,964;22,638;14,674
80248.6;30,601;201;30,590;0,011;-30,579
80338.0;30,396;718;9,980;20,416;10,436
80469.9;30,384;521;24,954;5,430;-19,524
80489.7;30,309;564;23,495;6,814;-16,681
80842.9;30,268;399;26,903;3,365;-23,538
80306.5;30,179;473;22,437;7,742;-14,695
80399.9;30,061;702;25,522;4,539;-20,983
80570.7;30,032;517;25,629;4,403;-21,226
80376.7;29,842;741;4,816;25,026;20,210
81122.6;29,831;182;29,784;0,047;-29,737
80451.1;29,781;439;25,012;4,769;-20,243
80546.9;29,757;321;2,124;27,633;25,509
80275.9;29,717;449;16,599;13,118;-3,481
80448.4;29,685;736;6,144;23,541;17,397
80408.6;29,558;402;0,438;29,120;28,682
80800.0;29,558;408;28,902;0,656;-28,246
80440.4;29,538;843;28,378;1,160;-27,218
80299.1;29,534;495;5,685;23,849;18,164
80424.2;29,494;501;4,357;25,137;20,780
80276.1;29,490;235;8,496;20,994;12,498
80481.7;29,463;455;26,784;2,679;-24,105
80456.9;29,448;411;21,107;8,341;-12,766
80260.1;29,429;376;12,589;16,840;4,251
80451.0;29,195;413;6,714;22,481;15,767
80316.0;29,185;723;20,362;8,823;-11,539
80416.1;29,158;558;3,108;26,050;22,942
80275.1;29,036;231;2,832;26,204;23,372
80272.6;28,998;379;25,809;3,189;-22,620
80383.9;28,966;465;24,470;4,496;-19,974
80448.1;28,875;534;11,523;17,352;5,829
80450.1;28,864;641;1,946;26,918;24,972
80327.7;28,817;431;6,393;22,424;16,031
80268.5;28,803;206;6,851;21,952;15,101
80662.7;28,773;359;2,739;26,034;23,295
80465.1;28,772;553;21,313;7,459;-13,854
80424.1;28,696;775;16,919;11,777;-5,142
80480.1;28,638;589;5,267;23,371;18,104
80627.9;28,626;287;22,473;6,153;-16,320
80245.0;28,572;388;28,169;0,403;-27,766
80430.4;28,484;584;15,900;12,584;-3,316
80418.5;28,438;536;15,431;13,007;-2,424
80383.5;28,437;480;8,947;19,490;10,543
80476.0;28,386;720;16,957;11,429;-5,528
80411.3;28,349;848;22,867;5,482;-17,385
80587.9;28,300;426;24,670;3,630;-21,040
80314.0;28,221;617;19,487;8,734;-10,753
80455.0;28,218;1052;11,397;16,821;5,424
80317.5;28,072;550;24,052;4,020;-20,032
80423.3;28,062;808;17,678;10,384;-7,294
80359.9;27,975;767;7,532;20,443;12,911
80296.3;27,974;428;21,657;6,317;-15,340
80329.3;27,932;730;3,906;24,026;20,120
80484.9;27,927;453;23,676;4,251;-19,425
80582.8;27,834;355;8,447;19,387;10,940
80342.3;27,810;472;22,801;5,009;-17,792
80381.7;27,701;438;24,504;3,197;-21,307
80334.1;27,684;599;0,533;27,151;26,618
80327.6;27,550;362;18,668;8,882;-9,786
80349.9;27,471;475;5,212;22,259;17,047
80603.4;27,454;383;11,669;15,785;4,116
80432.9;27,417;898;24,312;3,105;-21,207
80405.0;27,348;728;18,113;9,235;-8,878
80346.4;27,333;698;10,638;16,695;6,057
81162.9;27,295;335;27,263;0,032;-27,231
80376.2;27,278;395;7,147;20,131;12,984
80315.0;27,267;760;18,968;8,299;-10,669
80689.0;27,243;218;27,025;0,218;-26,807
80329.0;27,158;464;4,531;22,627;18,096
80420.9;27,133;664;20,308;6,825;-13,483
80295.2;27,092;283;0,290;26,802;26,512
80304.0;27,090;920;17,632;9,458;-8,174
80215.0;27,034;486;16,161;10,873;-5,288
80513.0;26,828;329;21,792;5,036;-16,756
80552.0;26,806;230;24,158;2,648;-21,510
80495.1;26,790;321;8,090;18,700;10,610
81179.7;26,775;381;26,635;0,140;-26,495
80353.4;26,769;495;0,559;26,210;25,651
80400.5;26,745;155;25,583;1,162;-24,421
80412.9;26,631;467;12,095;14,536;2,441
80497.9;26,604;385;14,646;11,958;-2,688
80320.4;26,594;406;2,250;24,344;22,094
80316.8;26,565;486;10,221;16,344;6,123
80480.8;26,561;645;13,335;13,226;-0,109
80366.7;26,556;316;0,936;25,620;24,684
80454.6;26,552;323;12,339;14,213;1,874
80466.1;26,488;437;2,672;23,816;21,144
80304.1;26,476;544;7,034;19,442;12,408
80459.9;26,446;660;20,752;5,694;-15,058
80338.1;26,438;515;14,713;11,725;-2,988
80537.5;26,406;481;18,378;8,028;-10,350
80448.3;26,392;783;20,317;6,075;-14,242
80583.5;26,384;257;0,696;25,688;24,992
80283.4;26,383;359;11,676;14,707;3,031
80481.4;26,308;544;5,474;20,834;15,360
80359.2;26,239;571;8,537;17,702;9,165
80355.1;26,235;451;6,541;19,694;13,153
80955.3;26,227;178;0,034;26,193;26,159
80361.9;26,216;515;11,607;14,609;3,002
80503.5;26,187;556;22,172;4,015;-18,157
80461.0;26,171;570;12,896;13,275;0,379
80322.6;26,129;309;21,663;4,466;-17,197
80454.1;26,112;483;7,637;18,475;10,838
80619.7;26,037;283;21,152;4,885;-16,267
80441.5;26,022;495;15,988;10,034;-5,954
80463.8;25,983;523;3,213;22,770;19,557
80494.5;25,944;486;12,263;13,681;1,418
80324.1;25,931;644;1,655;24,276;22,621
80582.7;25,914;329;22,732;3,182;-19,550
80411.5;25,881;927;8,615;17,266;8,651
80387.7;25,841;345;6,541;19,300;12,759
80533.7;25,804;263;1,612;24,192;22,580
80330.0;25,779;972;9,922;15,857;5,935
80370.6;25,607;354;10,893;14,714;3,821
80453.5;25,599;909;6,681;18,918;12,237
80459.2;25,587;426;4,857;20,730;15,873
80356.7;25,552;900;11,031;14,521;3,490
80700.0;25,548;473;12,552;12,996;0,444
80454.9;25,498;530;12,052;13,446;1,394
80600.1;25,460;316;7,850;17,610;9,760
80492.2;25,425;316;16,716;8,709;-8,007
80449.8;25,405;668;6,856;18,549;11,693
80470.7;25,400;451;3,702;21,698;17,996
80403.2;25,399;557;6,163;19,236;13,073
80463.3;25,359;291;19,605;5,754;-13,851
81254.9;25,255;534;25,233;0,022;-25,211
80470.1;25,218;506;3,522;21,696;18,174
80383.4;25,213;479;7,821;17,392;9,571
80428.2;25,169;249;2,915;22,254;19,339
80525.1;25,144;701;15,596;9,548;-6,048
80447.7;25,130;255;17,428;7,702;-9,726
80295.9;25,080;415;16,138;8,942;-7,196
80320.9;25,036;582;15,486;9,550;-5,936
80443.5;24,997;474;5,323;19,674;14,351
80323.1;24,995;647;18,988;6,007;-12,981
80250.1;24,944;446;3,294;21,650;18,356
80370.3;24,940;506;2,998;21,942;18,944
80425.6;24,928;392;11,867;13,061;1,194
80400.2;24,856;550;15,836;9,020;-6,816
80449.7;24,854;542;23,835;1,019;-22,816
80317.7;24,844;476;4,591;20,253;15,662
80202.3;24,796;261;23,867;0,929;-22,938
81098.1;24,791;259;18,781;6,010;-12,771
80496.8;24,772;394;22,129;2,643;-19,486
80379.9;24,720;497;13,500;11,220;-2,280
80491.2;24,700;373;4,099;20,601;16,502
80432.2;24,656;403;8,432;16,224;7,792
80491.1;24,614;430;15,493;9,121;-6,372
80349.4;24,573;443;10,415;14,158;3,743
80271.7;24,554;293;5,120;19,434;14,314
80323.2;24,536;538;2,865;21,671;18,806
80441.4;24,524;569;15,432;9,092;-6,340
80438.4;24,515;454;2,523;21,992;19,469
80532.7;24,507;253;2,012;22,495;20,483
80628.0;24,492;471;0,927;23,565;22,638
80306.8;24,468;351;13,681;10,787;-2,894
80498.0;24,389;553;4,054;20,335;16,281
80325.0;24,323;688;20,281;4,042;-16,239
80452.0;24,221;878;7,776;16,445;8,669
80481.2;24,212;286;2,788;21,424;18,636
80296.0;24,185;869;13,903;10,282;-3,621
80196.0;24,147;416;1,301;22,846;21,545
80322.0;24,128;668;14,561;9,567;-4,994
80590.1;24,059;449;5,877;18,182;12,305
80391.2;23,989;181;20,399;3,590;-16,809
80430.1;23,921;599;13,297;10,624;-2,673
81090.4;23,921;239;23,633;0,288;-23,345
80439.9;23,899;490;13,002;10,897;-2,105
80377.9;23,878;453;5,595;18,283;12,688
80519.0;23,860;470;20,763;3,097;-17,666
80418.9;23,810;617;16,032;7,778;-8,254
80564.6;23,763;252;14,607;9,156;-5,451
80279.0;23,744;271;16,661;7,083;-9,578
80290.1;23,726;487;13,927;9,799;-4,128
80510.0;23,704;617;11,388;12,316;0,928
80424.8;23,700;394;1,637;22,063;20,426
80169.9;23,674;157;10,951;12,723;1,772
80299.3;23,650;221;6,061;17,589;11,528
80441.6;23,632;305;6,176;17,456;11,280
80414.6;23,547;457;13,488;10,059;-3,429
80328.5;23,533;693;12,877;10,656;-2,221
80214.8;23,486;306;3,934;19,552;15,618
80456.2;23,440;405;6,678;16,762;10,084
80425.8;23,435;417;8,342;15,093;6,751
80495.0;23,399;605;12,291;11,108;-1,183
80423.9;23,398;703;21,200;2,198;-19,002
80505.1;23,362;387;13,991;9,371;-4,620
80516.0;23,343;501;4,227;19,116;14,889
80328.8;23,340;552;14,374;8,966;-5,408
80354.1;23,325;703;15,757;7,568;-8,189
80319.8;23,315;914;9,790;13,525;3,735
80330.1;23,303;434;19,050;4,253;-14,797
80533.6;23,291;167;22,769;0,522;-22,247
80320.1;23,273;578;4,431;18,842;14,411
80488.0;23,266;739;8,856;14,410;5,554
80427.3;23,264;595;6,265;16,999;10,734
80245.1;23,242;350;1,938;21,304;19,366
80391.0;23,182;205;21,741;1,441;-20,300
80303.8;23,173;355;18,139;5,034;-13,105
80279.1;23,137;327;8,083;15,054;6,971
80459.4;23,101;533;11,041;12,060;1,019
80515.9;23,086;368;10,403;12,683;2,280
80414.9;23,075;821;14,475;8,600;-5,875
80285.6;23,070;276;7,874;15,196;7,322
80432.1;23,069;387;12,259;10,810;-1,449
80415.6;22,892;708;15,325;7,567;-7,758
80430.8;22,892;359;16,663;6,229;-10,434
80267.1;22,829;492;0,588;22,241;21,653
80267.7;22,824;322;10,786;12,038;1,252
80471.9;22,807;453;6,743;16,064;9,321
80354.9;22,807;446;5,308;17,499;12,191
80377.2;22,803;299;7,935;14,868;6,933
80548.0;22,793;303;16,872;5,921;-10,951
80461.3;22,779;827;1,715;21,064;19,349
80425.2;22,768;374;2,138;20,630;18,492
80302.3;22,768;293;2,655;20,113;17,458
80643.1;22,715;225;1,437;21,278;19,841
80416.0;22,696;1090;13,472;9,224;-4,248
80455.8;22,691;597;20,014;2,677;-17,337
80415.1;22,658;695;3,377;19,281;15,904
80336.7;22,658;500;14,632;8,026;-6,606
80562.4;22,651;183;0,256;22,395;22,139
80333.9;22,646;312;19,925;2,721;-17,204
80398.5;22,600;295;3,475;19,125;15,650
80329.8;22,588;335;16,117;6,471;-9,646
80294.2;22,567;529;2,140;20,427;18,287
80583.1;22,546;321;5,203;17,343;12,140
81185.0;22,462;222;22,157;0,305;-21,852
80454.0;22,449;454;7,947;14,502;6,555
80269.7;22,444;146;21,921;0,523;-21,398
80595.1;22,362;204;19,604;2,758;-16,846
80429.6;22,359;573;14,900;7,459;-7,441
80399.1;22,330;513;5,308;17,022;11,714
80487.0;22,327;442;15,207;7,120;-8,087
80473.2;22,291;350;4,197;18,094;13,897
80533.0;22,288;337;13,199;9,089;-4,110
80549.9;22,285;495;9,705;12,580;2,875
80400.3;22,206;325;17,285;4,921;-12,364
80288.0;22,175;517;15,073;7,102;-7,971
80423.0;22,165;384;9,922;12,243;2,321
80583.2;22,153;212;13,618;8,535;-5,083
80474.8;22,091;431;16,618;5,473;-11,145
80270.1;22,089;621;3,347;18,742;15,395
80497.1;22,058;474;6,258;15,800;9,542
81211.3;22,055;138;0,850;21,205;20,355
81050.0;22,033;286;16,783;5,250;-11,533
80564.7;22,030;285;13,437;8,593;-4,844
80408.2;21,957;424;10,708;11,249;0,541
80302.0;21,950;594;8,813;13,137;4,324
80570.0;21,915;388;11,868;10,047;-1,821
80485.0;21,889;726;14,868;7,021;-7,847
80257.6;21,884;190;15,357;6,527;-8,830
80373.7;21,714;611;1,985;19,729;17,744
80475.3;21,634;368;17,143;4,491;-12,652
80512.8;21,632;219;0,387;21,245;20,858
80299.0;21,615;403;6,820;14,795;7,975
81029.8;21,609;112;21,572;0,037;-21,535
80348.6;21,597;279;13,254;8,343;-4,911
80333.8;21,584;605;2,789;18,795;16,006
80288.7;21,580;430;15,407;6,173;-9,234
81160.7;21,555;457;13,076;8,479;-4,597
80430.0;21,547;893;16,565;4,982;-11,583
80301.3;21,538;544;18,190;3,348;-14,842
80309.0;21,522;409;17,471;4,051;-13,420
80307.5;21,512;460;13,870;7,642;-6,228
80464.1;21,509;564;6,852;14,657;7,805
80254.7;21,499;302;3,386;18,113;14,727
80266.1;21,453;286;4,399;17,054;12,655
80319.2;21,421;418;5,264;16,157;10,893
80343.6;21,417;393;2,982;18,435;15,453
80384.2;21,409;289;18,782;2,627;-16,155
80573.5;21,376;250;5,762;15,614;9,852
80317.6;21,364;697;5,669;15,695;10,026
80496.1;21,297;194;1,067;20,230;19,163
80511.2;21,243;221;3,703;17,540;13,837
81274.4;21,207;248;21,191;0,016;-21,175
80361.2;21,176;215;1,635;19,541;17,906
80583.3;21,173;211;20,008;1,165;-18,843
80322.4;21,155;538;8,303;12,852;4,549
80331.9;21,111;388;10,535;10,576;0,041
80462.5;21,110;646;12,111;8,999;-3,112
80492.0;21,087;524;2,049;19,038;16,989
80470.5;21,064;213;0,766;20,298;19,532
80416.8;21,056;346;16,110;4,946;-11,164
80549.1;21,052;181;20,968;0,084;-20,884
80289.0;21,048;223;2,269;18,779;16,510
80320.8;21,037;523;14,254;6,783;-7,471
80340.1;21,030;425;2,929;18,101;15,172
80245.4;21,025;320;1,114;19,911;18,797
80448.0;21,017;932;6,715;14,302;7,587
80430.6;21,017;584;13,274;7,743;-5,531
80285.0;21,007;464;5,729;15,278;9,549
80294.4;20,992;327;10,154;10,838;0,684
80373.1;20,966;469;5,793;15,173;9,380
80502.6;20,935;432;8,432;12,503;4,071
80278.8;20,933;394;11,537;9,396;-2,141
80380.4;20,903;278;5,039;15,864;10,825
80418.4;20,841;423;19,141;1,700;-17,441
80344.1;20,832;441;6,560;14,272;7,712
80395.2;20,821;406;2,651;18,170;15,519
80321.0;20,805;781;11,655;9,150;-2,505
80305.0;20,742;529;10,700;10,042;-0,658
80506.0;20,732;535;6,836;13,896;7,060
80486.7;20,701;569;1,586;19,115;17,529
81294.8;20,685;291;1,753;18,932;17,179
80349.3;20,684;705;11,459;9,225;-2,234
80485.1;20,679;344;4,125;16,554;12,429
80976.8;20,677;61;20,677;0,000;-20,677
80475.6;20,637;413;16,543;4,094;-12,449
80396.7;20,602;552;14,337;6,265;-8,072
80488.9;20,593;433;9,061;11,532;2,471
80428.0;20,588;892;7,218;13,370;6,152
80432.6;20,585;414;17,312;3,273;-14,039
80480.9;20,577;430;4,630;15,947;11,317
80573.4;20,576;168;2,629;17,947;15,318
80279.3;20,568;147;15,957;4,611;-11,346
80343.2;20,561;253;19,435;1,126;-18,309
80345.8;20,526;376;7,516;13,010;5,494
80503.6;20,482;709;0,924;19,558;18,634
80432.7;20,482;592;3,686;16,796;13,110
80476.3;20,466;532;13,344;7,122;-6,222
80624.4;20,410;244;6,076;14,334;8,258
80436.3;20,407;490;11,448;8,959;-2,489
80358.2;20,358;584;4,481;15,877;11,396
81076.5;20,314;386;18,429;1,885;-16,544
80363.9;20,310;334;10,662;9,648;-1,014
80423.7;20,289;354;13,926;6,363;-7,563
80300.2;20,255;369;9,806;10,449;0,643
80500.8;20,245;412;10,110;10,135;0,025
80570.3;20,242;161;3,095;17,147;14,052
80536.7;20,241;435;3,754;16,487;12,733
81284.1;20,223;127;10,358;9,865;-0,493
80226.4;20,208;553;14,722;5,486;-9,236
80410.9;20,200;385;3,123;17,077;13,954
80460.6;20,199;440;12,193;8,006;-4,187
80424.9;20,180;535;14,621;5,559;-9,062
80545.1;20,176;356;10,335;9,841;-0,494
80298.3;20,169;395;0,531;19,638;19,107
80352.0;20,167;983;13,374;6,793;-6,581
80319.1;20,144;495;12,732;7,412;-5,320
80388.6;20,093;336;2,496;17,597;15,101
80346.3;20,051;376;18,494;1,557;-16,937
81127.3;20,049;55;20,049;0,000;-20,049
80494.1;20,044;381;3,942;16,102;12,160
80427.2;20,041;479;8,180;11,861;3,681
80431.1;20,023;307;9,836;10,187;0,351
80662.6;19,987;383;6,164;13,823;7,659
80153.5;19,967;192;19,060;0,907;-18,153
80444.9;19,957;396;4,131;15,826;11,695
80311.8;19,954;420;14,645;5,309;-9,336
80526.6;19,930;279;0,370;19,560;19,190
80275.7;19,920;280;0,688;19,232;18,544
80453.4;19,881;564;12,840;7,041;-5,799
80354.2;19,861;847;2,086;17,775;15,689
80411.6;19,851;670;5,826;14,025;8,199
80443.9;19,831;479;14,850;4,981;-9,869
81074.3;19,829;347;19,225;0,604;-18,621
80452.1;19,826;467;1,336;18,490;17,154
80423.6;19,815;418;3,817;15,998;12,181
80379.0;19,800;321;17,637;2,163;-15,474
80744.7;19,796;180;3,691;16,105;12,414
80593.6;19,778;155;15,782;3,996;-11,786
80352.4;19,770;450;3,509;16,261;12,752
80326.2;19,742;287;1,477;18,265;16,788
80384.4;19,722;429;17,962;1,760;-16,202
80311.1;19,676;338;6,926;12,750;5,824
80311.5;19,647;441;5,326;14,321;8,995
80608.0;19,625;303;9,505;10,120;0,615
80442.9;19,602;513;11,823;7,779;-4,044
80307.0;19,592;344;18,888;0,704;-18,184
80722.4;19,586;233;0,009;19,577;19,568
80520.1;19,557;288;8,927;10,630;1,703
80150.0;19,556;238;11,825;7,731;-4,094
80477.0;19,535;382;15,916;3,619;-12,297
80458.9;19,514;510;5,207;14,307;9,100
81060.9;19,489;386;16,266;3,223;-13,043
81251.1;19,467;466;4,926;14,541;9,615
80509.1;19,454;344;15,375;4,079;-11,296
80395.0;19,443;793;7,225;12,218;4,993
80470.2;19,362;281;17,915;1,447;-16,468
80378.0;19,337;431;0,744;18,593;17,849
80332.3;19,308;519;7,591;11,717;4,126
80418.0;19,296;558;13,791;5,505;-8,286
80461.9;19,260;664;12,122;7,138;-4,984
80521.0;19,248;270;12,015;7,233;-4,782
80420.8;19,208;391;13,336;5,872;-7,464
80330.4;19,203;429;16,348;2,855;-13,493
80547.6;19,194;322;9,193;10,001;0,808
80525.0;19,176;458;9,078;10,098;1,020
80488.1;19,175;489;9,600;9,575;-0,025
80348.0;19,173;712;12,697;6,476;-6,221
80468.0;19,138;608;10,032;9,106;-0,926
80284.2;19,133;582;0,989;18,144;17,155
80553.0;19,127;137;5,636;13,491;7,855
80289.9;19,126;379;14,641;4,485;-10,156
80479.9;19,121;562;8,346;10,775;2,429
80462.2;19,106;488;17,037;2,069;-14,968
80292.5;19,095;398;5,286;13,809;8,523
80489.8;19,091;668;1,336;17,755;16,419
80404.8;19,091;228;18,460;0,631;-17,829
80427.5;19,087;616;12,557;6,530;-6,027
80494.9;19,070;326;11,220;7,850;-3,370
80475.8;19,069;511;10,851;8,218;-2,633
81217.9;19,063;213;0,005;19,058;19,053
80448.9;19,062;559;13,964;5,098;-8,866
80329.9;19,056;604;11,406;7,650;-3,756
80324.7;19,047;385;6,979;12,068;5,089
80442.0;19,040;644;7,985;11,055;3,070
80264.2;19,032;259;18,555;0,477;-18,078
80265.5;19,025;341;0,171;18,854;18,683
80309.2;19,022;386;8,728;10,294;1,566
80507.1;18,981;512;17,606;1,375;-16,231
80299.2;18,964;353;0,550;18,414;17,864
80332.2;18,945;406;12,632;6,313;-6,319
80458.0;18,923;843;6,237;12,686;6,449
80426.9;18,915;315;4,201;14,714;10,513
80415.2;18,902;349;8,200;10,702;2,502
80554.9;18,874;262;6,283;12,591;6,308
80290.6;18,844;155;3,123;15,721;12,598
80583.0;18,825;239;14,259;4,566;-9,693
80442.1;18,752;517;11,709;7,043;-4,666
80242.0;18,737;231;15,133;3,604;-11,529
80456.7;18,704;462;8,729;9,975;1,246
80539.0;18,622;116;0,293;18,329;18,036
80404.0;18,618;614;7,090;11,528;4,438
80581.3;18,615;219;9,259;9,356;0,097
80468.4;18,601;211;15,512;3,089;-12,423
80265.3;18,589;202;4,580;14,009;9,429
80487.9;18,586;320;10,999;7,587;-3,412
80481.5;18,585;334;8,833;9,752;0,919
80742.3;18,573;185;0,161;18,412;18,251
80971.1;18,571;142;0,003;18,568;18,565
80286.1;18,562;262;7,099;11,463;4,364
80458.7;18,542;409;2,925;15,617;12,692
80461.2;18,536;587;14,079;4,457;-9,622
80480.5;18,525;385;6,621;11,904;5,283
80449.0;18,522;349;1,816;16,706;14,890
80511.1;18,521;190;17,859;0,662;-17,197
80274.7;18,495;343;6,345;12,150;5,805
80292.2;18,490;393;4,803;13,687;8,884
80419.3;18,471;354;10,801;7,670;-3,131
80288.6;18,471;212;17,574;0,897;-16,677
80593.7;18,469;278;9,202;9,267;0,065
80900.0;18,460;193;15,441;3,019;-12,422
80379.1;18,458;385;2,203;16,255;14,052
80457.1;18,441;422;3,895;14,546;10,651
80235.9;18,431;344;5,151;13,280;8,129
80316.4;18,407;387;13,622;4,785;-8,837
80315.8;18,386;318;2,224;16,162;13,938
80623.3;18,365;137;3,929;14,436;10,507
80406.4;18,358;499;15,562;2,796;-12,766
80281.6;18,350;279;13,319;5,031;-8,288
80537.6;18,329;420;5,715;12,614;6,899
80383.7;18,329;476;14,891;3,438;-11,453
80962.5;18,277;299;18,272;0,005;-18,267
80403.1;18,272;358;15,828;2,444;-13,384
80350.2;18,259;306;5,162;13,097;7,935
80313.8;18,233;333;5,379;12,854;7,475
80435.0;18,224;666;8,015;10,209;2,194
80428.8;18,211;546;9,796;8,415;-1,381
80277.9;18,206;133;14,665;3,541;-11,124
80245.3;18,154;248;10,257;7,897;-2,360
80521.5;18,151;614;0,711;17,440;16,729
80464.9;18,150;341;12,040;6,110;-5,930
80540.1;18,149;263;0,088;18,061;17,973
80323.6;18,138;804;2,359;15,779;13,420
80311.0;18,119;489;10,263;7,856;-2,407
80468.9;18,111;530;6,890;11,221;4,331
80560.4;18,100;222;4,373;13,727;9,354
80276.0;18,071;457;4,852;13,219;8,367
80362.3;18,032;446;4,702;13,330;8,628
80946.8;17,988;70;17,979;0,009;-17,970
80325.5;17,974;503;6,331;11,643;5,312
80283.2;17,964;464;15,064;2,900;-12,164
80358.7;17,960;493;7,934;10,026;2,092
80384.1;17,953;450;4,128;13,825;9,697
80396.0;17,928;492;14,388;3,540;-10,848
81089.2;17,927;198;17,730;0,197;-17,533
80314.9;17,911;363;11,903;6,008;-5,895
80416.6;17,909;429;12,680;5,229;-7,451
80334.7;17,908;382;4,452;13,456;9,004
80703.9;17,840;104;0,002;17,838;17,836
80437.7;17,832;282;4,681;13,151;8,470
80412.1;17,830;386;4,546;13,284;8,738
80481.8;17,818;455;1,062;16,756;15,694
80315.1;17,818;402;9,643;8,175;-1,468
80412.8;17,790;403;11,461;6,329;-5,132
80535.8;17,774;277;7,574;10,200;2,626
80376.1;17,772;390;13,597;4,175;-9,422
80478.6;17,740;319;15,398;2,342;-13,056
80429.3;17,712;253;8,044;9,668;1,624
80461.7;17,658;344;3,820;13,838;10,018
80377.6;17,656;352;15,812;1,844;-13,968
80376.0;17,650;619;9,049;8,601;-0,448
80471.0;17,648;380;0,951;16,697;15,746
80531.8;17,637;177;1,600;16,037;14,437
80505.7;17,628;373;0,674;16,954;16,280
80377.8;17,626;230;13,589;4,037;-9,552
80334.5;17,610;354;9,797;7,813;-1,984
80209.6;17,595;153;0,087;17,508;17,421
80355.3;17,556;289;10,535;7,021;-3,514
80461.5;17,554;318;10,621;6,933;-3,688
80368.7;17,532;393;10,067;7,465;-2,602
80531.4;17,513;157;17,131;0,382;-16,749
80292.0;17,492;745;2,742;14,750;12,008
80490.1;17,485;448;2,145;15,340;13,195
80282.8;17,481;321;8,299;9,182;0,883
80573.8;17,466;197;1,023;16,443;15,420
80511.4;17,444;393;12,979;4,465;-8,514
81255.0;17,410;478;0,709;16,701;15,992
80434.7;17,401;443;13,372;4,029;-9,343
80364.7;17,400;476;1,206;16,194;14,988
80304.2;17,380;345;9,907;7,473;-2,434
80336.0;17,376;596;3,783;13,593;9,810
80666.0;17,354;160;9,608;7,746;-1,862
81206.2;17,341;116;0,142;17,199;17,057
80279.6;17,336;207;8,691;8,645;-0,046
80413.7;17,328;318;15,472;1,856;-13,616
80447.9;17,327;491;16,171;1,156;-15,015
80210.0;17,327;421;6,668;10,659;3,991
80453.0;17,269;340;16,224;1,045;-15,179
80277.1;17,257;413;6,899;10,358;3,459
80287.2;17,252;276;3,558;13,694;10,136
80356.5;17,247;436;14,962;2,285;-12,677
80427.8;17,243;368;10,248;6,995;-3,253
80317.0;17,239;381;10,634;6,605;-4,029
80495.3;17,233;229;1,617;15,616;13,999
80303.7;17,229;370;8,307;8,922;0,615
80391.3;17,223;186;1,378;15,845;14,467
80347.2;17,210;576;9,908;7,302;-2,606
80420.3;17,202;279;16,447;0,755;-15,692
80277.0;17,197;291;9,241;7,956;-1,285
80284.6;17,174;277;16,132;1,042;-15,090
80292.3;17,172;313;9,712;7,460;-2,252
80750.0;17,168;336;10,048;7,120;-2,928
80496.9;17,164;398;9,998;7,166;-2,832
80286.8;17,158;242;16,744;0,414;-16,330
80475.9;17,135;421;5,659;11,476;5,817
80332.1;17,117;383;2,821;14,296;11,475
80478.3;17,114;288;1,564;15,550;13,986
81202.3;17,109;109;6,496;10,613;4,117
80355.9;17,106;354;6,940;10,166;3,226
80477.1;17,091;405;2,105;14,986;12,881
80324.6;17,081;292;9,750;7,331;-2,419
80726.4;17,051;455;0,352;16,699;16,347
80304.3;17,047;579;11,451;5,596;-5,855
80292.6;17,044;327;2,631;14,413;11,782
80425.7;17,033;340;7,760;9,273;1,513
80365.9;17,025;317;6,776;10,249;3,473
80515.2;17,024;365;12,137;4,887;-7,250
80345.5;17,018;284;11,126;5,892;-5,234
80439.8;16,980;378;10,273;6,707;-3,566
80346.0;16,954;487;11,584;5,370;-6,214
80612.2;16,933;129;0,976;15,957;14,981
80282.0;16,929;300;15,442;1,487;-13,955
80512.1;16,922;165;0,359;16,563;16,204
80548.2;16,897;263;4,495;12,402;7,907
80487.1;16,873;304;1,091;15,782;14,691
80530.0;16,868;349;4,214;12,654;8,440
80465.6;16,862;421;5,248;11,614;6,366
80314.4;16,832;206;4,072;12,760;8,688
80333.3;16,828;652;3,861;12,967;9,106
80367.7;16,824;331;6,331;10,493;4,162
80505.2;16,819;323;2,229;14,590;12,361
81132.6;16,810;218;0,008;16,802;16,794
80388.9;16,807;165;3,027;13,780;10,753
80473.0;16,774;302;7,147;9,627;2,480
80303.9;16,767;446;4,768;11,999;7,231
80457.4;16,766;456;2,716;14,050;11,334
80345.0;16,750;807;3,660;13,090;9,430
80310.5;16,741;348;4,615;12,126;7,511
80455.1;16,738;401;4,252;12,486;8,234
80328.0;16,735;812;12,057;4,678;-7,379
80174.9;16,714;78;16,701;0,013;-16,688
80492.3;16,704;385;14,052;2,652;-11,400
81016.1;16,697;336;0,301;16,396;16,095
80418.1;16,694;275;0,811;15,883;15,072
80417.8;16,674;424;6,841;9,833;2,992
80310.9;16,671;419;5,287;11,384;6,097
80316.7;16,663;231;11,962;4,701;-7,261
80412.7;16,655;363;8,180;8,475;0,295
80342.9;16,643;292;10,231;6,412;-3,819
80118.2;16,640;111;16,640;0,000;-16,640
80228.9;16,639;158;15,380;1,259;-14,121
80397.0;16,628;362;10,922;5,706;-5,216
81227.3;16,620;350;12,689;3,931;-8,758
80610.7;16,609;155;16,124;0,485;-15,639
80417.5;16,597;455;5,118;11,479;6,361
80416.4;16,579;366;1,573;15,006;13,433
81040.0;16,549;482;15,525;1,024;-14,501
80466.2;16,545;403;10,074;6,471;-3,603
80460.7;16,538;298;2,155;14,383;12,228
80280.3;16,528;279;11,044;5,484;-5,560
80606.3;16,499;343;0,041;16,458;16,417
80971.0;16,491;238;16,491;0,000;-16,491
80483.0;16,488;306;6,854;9,634;2,780
80295.3;16,486;158;4,908;11,578;6,670
80458.8;16,479;297;14,974;1,505;-13,469
80302.1;16,469;357;6,400;10,069;3,669
80404.2;16,467;396;1,059;15,408;14,349
80500.2;16,456;338;4,444;12,012;7,568
80437.4;16,454;445;4,642;11,812;7,170
80291.2;16,446;142;2,787;13,659;10,872
80669.1;16,433;177;5,989;10,444;4,455
80547.5;16,391;160;15,591;0,800;-14,791
80455.4;16,391;317;12,687;3,704;-8,983
80249.9;16,371;353;14,199;2,172;-12,027
80474.3;16,366;313;7,084;9,282;2,198
80368.9;16,330;455;14,690;1,640;-13,050
80336.3;16,325;527;5,828;10,497;4,669
80482.0;16,318;641;1,316;15,002;13,686
80215.1;16,308;332;1,890;14,418;12,528
80437.0;16,301;303;12,819;3,482;-9,337
80509.9;16,299;437;9,671;6,628;-3,043
80532.8;16,296;282;8,814;7,482;-1,332
80499.8;16,283;310;9,236;7,047;-2,189
80349.7;16,272;374;12,928;3,344;-9,584
80373.0;16,266;411;13,162;3,104;-10,058
80460.3;16,256;337;12,913;3,343;-9,570
80447.4;16,255;285;2,015;14,240;12,225
80436.4;16,248;385;4,072;12,176;8,104
80419.4;16,240;325;1,663;14,577;12,914
80467.5;16,234;321;6,173;10,061;3,888
80369.8;16,226;440;9,878;6,348;-3,530
80306.6;16,221;289;6,283;9,938;3,655
80355.0;16,211;535;10,596;5,615;-4,981
80464.4;16,208;363;12,305;3,903;-8,402
80353.6;16,202;301;14,417;1,785;-12,632
80321.3;16,174;474;14,646;1,528;-13,118
80313.2;16,148;181;15,323;0,825;-14,498
80265.4;16,136;145;13,517;2,619;-10,898
80418.6;16,125;333;8,222;7,903;-0,319
80487.3;16,092;302;5,655;10,437;4,782
80411.0;16,085;421;8,643;7,442;-1,201
80449.3;16,078;307;6,338;9,740;3,402
81250.0;16,068;414;4,596;11,472;6,876
80492.6;16,051;317;4,811;11,240;6,429
80593.5;16,042;170;5,077;10,965;5,888
80291.0;16,009;324;0,715;15,294;14,579
80469.2;16,001;292;4,266;11,735;7,469
80477.6;16,000;416;8,714;7,286;-1,428
80505.9;15,993;214;13,262;2,731;-10,531
80600.2;15,979;248;11,375;4,604;-6,771
80461.6;15,960;471;8,358;7,602;-0,756
80354.5;15,872;462;7,282;8,590;1,308
80437.3;15,857;277;13,703;2,154;-11,549
80469.5;15,822;385;9,514;6,308;-3,206
80453.6;15,802;350;3,330;12,472;9,142
80311.9;15,801;380;7,302;8,499;1,197
80476.8;15,796;500;6,951;8,845;1,894
80336.9;15,748;309;1,817;13,931;12,114
80393.2;15,745;392;5,781;9,964;4,183
81280.6;15,739;128;13,859;1,880;-11,979
80292.4;15,709;384;5,133;10,576;5,443
80451.4;15,687;448;3,502;12,185;8,683
80438.0;15,687;629;8,743;6,944;-1,799
80453.3;15,685;416;5,295;10,390;5,095
80402.6;15,684;217;1,676;14,008;12,332
80384.5;15,683;444;1,435;14,248;12,813
80383.8;15,674;287;6,388;9,286;2,898
80516.7;15,666;335;1,642;14,024;12,382
80307.3;15,658;456;9,051;6,607;-2,444
80386.7;15,657;281;9,527;6,130;-3,397
80560.1;15,656;78;15,571;0,085;-15,486
80411.9;15,639;339;6,969;8,670;1,701
80432.8;15,625;403;5,780;9,845;4,065
80444.0;15,614;760;8,027;7,587;-0,440
80463.6;15,612;477;7,669;7,943;0,274
80465.8;15,589;578;1,456;14,133;12,677
80488.6;15,588;305;2,536;13,052;10,516
80375.5;15,573;315;9,024;6,549;-2,475
80619.8;15,548;206;0,084;15,464;15,380
80509.8;15,518;223;9,788;5,730;-4,058
80333.2;15,493;376;8,695;6,798;-1,897
80480.6;15,466;404;1,577;13,889;12,312
80325.2;15,452;436;7,881;7,571;-0,310
80503.8;15,443;355;9,979;5,464;-4,515
80331.1;15,436;327;2,331;13,105;10,774
80368.8;15,432;381;1,478;13,954;12,476
80331.2;15,417;423;9,215;6,202;-3,013
80323.5;15,415;457;15,069;0,346;-14,723
80301.4;15,413;368;4,716;10,697;5,981
80432.0;15,410;712;12,706;2,704;-10,002
80356.0;15,406;475;7,146;8,260;1,114
80364.9;15,356;310;11,749;3,607;-8,142
80444.4;15,349;439;10,607;4,742;-5,865
80534.9;15,337;232;0,049;15,288;15,239
80530.1;15,337;214;0,410;14,927;14,517
80278.1;15,335;162;15,025;0,310;-14,715
80246.9;15,328;161;1,984;13,344;11,360
80454.8;15,324;379;2,203;13,121;10,918
80440.5;15,310;642;0,728;14,582;13,854
80446.4;15,297;463;12,405;2,892;-9,513
80266.2;15,281;353;7,825;7,456;-0,369
80509.2;15,272;378;2,645;12,627;9,982
80469.8;15,272;361;13,676;1,596;-12,080
80522.4;15,271;213;11,832;3,439;-8,393
80474.4;15,261;376;10,387;4,874;-5,513
80496.0;15,259;539;5,050;10,209;5,159
80394.5;15,256;264;8,587;6,669;-1,918
80328.3;15,250;491;12,383;2,867;-9,516
80375.0;15,247;681;6,479;8,768;2,289
80382.5;15,242;396;2,939;12,303;9,364
80291.6;15,232;174;9,982;5,250;-4,732
80495.9;15,230;332;7,684;7,546;-0,138
80435.2;15,206;275;10,262;4,944;-5,318
80263.2;15,178;287;4,327;10,851;6,524
80603.3;15,165;196;14,096;1,069;-13,027
80882.7;15,162;180;0,003;15,159;15,156
80328.7;15,157;439;12,925;2,232;-10,693
80267.6;15,138;160;8,929;6,209;-2,720
80428.9;15,119;389;3,327;11,792;8,465
80880.0;15,117;297;15,099;0,018;-15,081
80462.3;15,107;473;7,253;7,854;0,601
80473.3;15,103;282;9,370;5,733;-3,637
80885.5;15,103;105;1,875;13,228;11,353
80282.9;15,049;360;6,799;8,250;1,451
80430.9;15,021;367;6,847;8,174;1,327
80260.0;15,017;417;11,920;3,097;-8,823
80511.3;15,007;275;12,499;2,508;-9,991
80368.5;15,003;258;12,824;2,179;-10,645
80562.8;14,989;97;3,204;11,785;8,581
80579.9;14,980;295;14,413;0,567;-13,846
80517.9;14,980;183;2,832;12,148;9,316
80540.0;14,976;567;9,946;5,030;-4,916
80464.6;14,967;425;12,025;2,942;-9,083
80334.6;14,966;363;7,460;7,506;0,046
80589.3;14,938;199;5,558;9,380;3,822
80348.1;14,936;337;2,548;12,388;9,840
80360.2;14,908;372;4,056;10,852;6,796
80316.9;14,903;543;2,988;11,915;8,927
80507.2;14,898;371;0,655;14,243;13,588
80509.0;14,881;215;6,647;8,234;1,587
80337.1;14,880;231;9,022;5,858;-3,164
80654.3;14,848;293;6,131;8,717;2,586
80363.3;14,842;325;8,560;6,282;-2,278
80982.5;14,840;134;14,839;0,001;-14,838
80292.9;14,838;263;0,416;14,422;14,006
80297.8;14,833;210;0,911;13,922;13,011
80570.1;14,822;208;4,021;10,801;6,780
80536.0;14,822;362;14,093;0,729;-13,364
80435.1;14,821;363;1,627;13,194;11,567
80343.0;14,810;447;3,887;10,923;7,036
80308.6;14,790;260;4,145;10,645;6,500
81088.6;14,775;204;11,309;3,466;-7,843
80418.8;14,762;472;10,395;4,367;-6,028
80363.0;14,757;399;9,425;5,332;-4,093
80414.5;14,753;423;9,842;4,911;-4,931
80426.8;14,751;281;14,176;0,575;-13,601
80298.6;14,741;274;12,153;2,588;-9,565
80440.2;14,730;341;3,741;10,989;7,248
80369.0;14,723;319;0,618;14,105;13,487
80498.6;14,710;232;1,161;13,549;12,388
80330.5;14,689;456;6,215;8,474;2,259
80360.7;14,675;332;5,291;9,384;4,093
80351.1;14,674;369;8,808;5,866;-2,942
80286.7;14,661;223;1,583;13,078;11,495
80463.2;14,653;361;2,411;12,242;9,831
80367.6;14,652;406;4,694;9,958;5,264
80306.7;14,634;241;2,112;12,522;10,410
80419.7;14,628;404;12,349;2,279;-10,070
80360.8;14,614;434;7,637;6,977;-0,660
80352.3;14,594;348;11,850;2,744;-9,106
80469.0;14,590;471;4,178;10,412;6,234
80313.7;14,589;265;11,728;2,861;-8,867
80362.1;14,577;393;0,968;13,609;12,641
80406.5;14,571;549;8,025;6,546;-1,479
80491.3;14,569;244;10,377;4,192;-6,185
80562.5;14,568;319;5,695;8,873;3,178
80869.4;14,566;176;14,513;0,053;-14,460
80345.2;14,554;265;2,045;12,509;10,464
80461.4;14,551;339;11,911;2,640;-9,271
80633.6;14,544;187;7,282;7,262;-0,020
80269.0;14,544;159;0,484;14,060;13,576
80482.9;14,526;300;4,913;9,613;4,700
80673.8;14,525;83;14,520;0,005;-14,515
80526.5;14,516;388;13,745;0,771;-12,974
80316.3;14,513;391;9,440;5,073;-4,367
80550.3;14,497;338;1,598;12,899;11,301
80388.8;14,495;339;10,249;4,246;-6,003
80388.5;14,483;271;7,059;7,424;0,365
80562.6;14,473;375;0,984;13,489;12,505
80404.6;14,473;370;8,131;6,342;-1,789
80457.5;14,466;550;6,219;8,247;2,028
80466.6;14,459;449;13,287;1,172;-12,115
80395.1;14,447;448;12,752;1,695;-11,057
80227.3;14,434;111;3,895;10,539;6,644
80321.1;14,417;464;7,701;6,716;-0,985
80457.9;14,392;440;11,865;2,527;-9,338
80298.4;14,385;280;7,357;7,028;-0,329
80502.2;14,364;165;11,305;3,059;-8,246
80433.8;14,360;484;4,100;10,260;6,160
80364.1;14,359;414;6,234;8,125;1,891
80452.5;14,354;453;3,216;11,138;7,922
80271.2;14,335;214;9,302;5,033;-4,269
80493.5;14,325;246;12,233;2,092;-10,141
80305.2;14,313;162;12,332;1,981;-10,351
80578.2;14,301;218;4,579;9,722;5,143
80918.0;14,294;79;14,283;0,011;-14,272
80486.8;14,292;216;12,204;2,088;-10,116
80226.2;14,286;280;14,028;0,258;-13,770
80493.6;14,285;442;6,064;8,221;2,157
80527.9;14,282;248;2,800;11,482;8,682
80312.4;14,277;201;9,716;4,561;-5,155
80413.1;14,276;474;5,222;9,054;3,832
80358.0;14,270;527;11,478;2,792;-8,686
80332.5;14,269;407;0,652;13,617;12,965
80392.7;14,268;266;11,468;2,800;-8,668
80306.3;14,251;290;11,271;2,980;-8,291
80367.9;14,239;298;9,473;4,766;-4,707
80290.0;14,236;854;7,272;6,964;-0,308
80406.7;14,230;240;9,269;4,961;-4,308
80634.7;14,218;161;13,934;0,284;-13,650
80415.5;14,210;358;10,896;3,314;-7,582
80665.7;14,203;633;1,055;13,148;12,093
80310.6;14,189;315;7,349;6,840;-0,509
80459.7;14,172;327;0,751;13,421;12,670
80379.6;14,159;321;6,156;8,003;1,847
80303.1;14,156;331;7,652;6,504;-1,148
80301.8;14,153;395;10,906;3,247;-7,659
80447.0;14,139;242;1,710;12,429;10,719
80321.2;14,132;346;5,381;8,751;3,370
80207.3;14,126;142;0,259;13,867;13,608
80686.8;14,111;71;0,066;14,045;13,979
80323.9;14,106;320;12,825;1,281;-11,544
80256.0;14,100;325;11,090;3,010;-8,080
80307.1;14,072;328;6,064;8,008;1,944
80317.1;14,034;394;12,414;1,620;-10,794
80422.6;14,030;396;6,068;7,962;1,894
80580.1;14,029;354;2,176;11,853;9,677
80371.8;14,016;320;5,835;8,181;2,346
80394.7;14,014;254;8,340;5,674;-2,666
80950.0;14,001;189;13,461;0,540;-12,921
80389.0;13,976;228;6,266;7,710;1,444
80314.6;13,973;316;8,155;5,818;-2,337
80575.0;13,963;291;5,791;8,172;2,381
80202.4;13,959;172;0,022;13,937;13,915
80591.2;13,937;137;12,313;1,624;-10,689
80317.8;13,936;320;8,744;5,192;-3,552
80570.8;13,916;244;0,711;13,205;12,494
80271.6;13,908;234;0,652;13,256;12,604
81112.8;13,893;143;11,616;2,277;-9,339
80584.0;13,887;301;8,870;5,017;-3,853
80413.2;13,873;447;4,091;9,782;5,691
80479.8;13,854;458;10,546;3,308;-7,238
80446.1;13,841;333;9,734;4,107;-5,627
80468.7;13,833;350;0,870;12,963;12,093
81026.1;13,833;162;13,061;0,772;-12,289
80445.7;13,832;456;11,925;1,907;-10,018
81265.0;13,831;237;10,860;2,971;-7,889
80516.6;13,829;192;10,750;3,079;-7,671
80919.9;13,818;231;13,811;0,007;-13,804
80295.0;13,815;410;5,179;8,636;3,457
80406.6;13,813;483;4,731;9,082;4,351
80227.8;13,812;520;0,022;13,790;13,768
80159.3;13,804;153;7,524;6,280;-1,244
80383.6;13,800;497;9,675;4,125;-5,550
81224.8;13,793;199;12,861;0,932;-11,929
80319.6;13,762;379;1,449;12,313;10,864
80364.3;13,742;445;11,860;1,882;-9,978
80233.0;13,727;179;12,987;0,740;-12,247
80315.6;13,726;428;9,618;4,108;-5,510
80405.9;13,723;206;7,343;6,380;-0,963
80368.1;13,713;397;1,820;11,893;10,073
80450.5;13,704;479;4,399;9,305;4,906
80125.9;13,702;88;0,003;13,699;13,696
80480.2;13,701;268;4,872;8,829;3,957
80434.4;13,701;323;1,565;12,136;10,571
80426.2;13,687;250;8,481;5,206;-3,275
81200.0;13,684;460;4,745;8,939;4,194
80500.9;13,672;474;7,029;6,643;-0,386
80437.6;13,670;331;3,056;10,614;7,558
80590.2;13,669;204;2,649;11,020;8,371
80298.7;13,661;372;3,882;9,779;5,897
80368.2;13,646;304;11,287;2,359;-8,928
80290.5;13,634;183;9,513;4,121;-5,392
80375.6;13,633;334;6,451;7,182;0,731
80440.8;13,628;298;10,726;2,902;-7,824
80457.0;13,609;438;1,670;11,939;10,269
80545.5;13,586;235;0,159;13,427;13,268
80340.2;13,586;201;4,782;8,804;4,022
80316.5;13,566;375;8,541;5,025;-3,516
80351.2;13,555;459;4,073;9,482;5,409
80325.6;13,517;298;5,397;8,120;2,723
80285.3;13,508;199;7,159;6,349;-0,810
80472.0;13,506;848;9,999;3,507;-6,492
80336.1;13,502;321;8,523;4,979;-3,544
80275.4;13,501;237;13,043;0,458;-12,585
80607.9;13,494;203;8,547;4,947;-3,600
80664.7;13,493;176;1,087;12,406;11,319
80420.7;13,490;381;8,126;5,364;-2,762
80652.0;13,489;144;11,364;2,125;-9,239
80297.0;13,487;216;9,376;4,111;-5,265
80458.1;13,479;329;1,616;11,863;10,247
80216.0;13,479;507;10,937;2,542;-8,395
80498.5;13,470;207;2,118;11,352;9,234
80656.8;13,468;148;12,999;0,469;-12,530
80299.4;13,468;390;3,873;9,595;5,722
80313.6;13,466;212;11,641;1,825;-9,816
80419.8;13,457;384;5,159;8,298;3,139
81275.9;13,453;134;4,671;8,782;4,111
80721.7;13,450;108;13,439;0,011;-13,428
80271.9;13,449;199;7,276;6,173;-1,103
80890.0;13,445;190;7,233;6,212;-1,021
80384.3;13,429;322;7,805;5,624;-2,181
80498.4;13,413;253;10,027;3,386;-6,641
80302.2;13,413;173;9,621;3,792;-5,829
81088.7;13,409;120;9,074;4,335;-4,739
80640.0;13,408;376;2,075;11,333;9,258
80597.0;13,402;59;13,016;0,386;-12,630
80574.7;13,390;232;1,778;11,612;9,834
80453.9;13,387;269;3,708;9,679;5,971
80656.1;13,386;117;0,017;13,369;13,352
80350.6;13,383;217;11,212;2,171;-9,041
80519.6;13,371;206;7,677;5,694;-1,983
80342.4;13,371;343;4,249;9,122;4,873
80437.9;13,364;310;6,715;6,649;-0,066
80283.1;13,359;268;8,340;5,019;-3,321
80460.9;13,345;515;12,070;1,275;-10,795
80469.1;13,336;351;8,449;4,887;-3,562
80104.6;13,327;150;6,899;6,428;-0,471
81190.8;13,326;152;3,071;10,255;7,184
80962.6;13,323;243;0,011;13,312;13,301
80351.0;13,321;213;12,376;0,945;-11,431
80267.2;13,317;237;12,271;1,046;-11,225
80583.4;13,292;164;5,455;7,837;2,382
80612.8;13,290;54;0,286;13,004;12,718
80379.8;13,288;357;7,900;5,388;-2,512
80355.2;13,276;393;10,623;2,653;-7,970
80342.5;13,271;404;4,758;8,513;3,755
80556.9;13,270;292;12,373;0,897;-11,476
80519.1;13,267;238;1,878;11,389;9,511
80318.0;13,262;486;2,813;10,449;7,636
80387.2;13,239;349;5,195;8,044;2,849
80286.9;13,225;395;3,205;10,020;6,815
80476.4;13,214;360;4,293;8,921;4,628
80477.8;13,207;344;5,287;7,920;2,633
80324.4;13,190;308;7,601;5,589;-2,012
80508.9;13,180;132;9,025;4,155;-4,870
80414.8;13,170;396;10,633;2,537;-8,096
80207.6;13,168;74;0,015;13,153;13,138
80276.9;13,160;369;6,580;6,580;0,000
80298.9;13,150;289;8,867;4,283;-4,584
80307.6;13,134;286;3,472;9,662;6,190
80503.7;13,130;252;7,534;5,596;-1,938
80907.9;13,130;213;10,762;2,368;-8,394
80470.8;13,126;310;8,849;4,277;-4,572
80466.9;13,123;296;5,744;7,379;1,635
80380.8;13,116;143;11,045;2,071;-8,974
80482.1;13,098;303;9,346;3,752;-5,594
80480.4;13,096;299;6,795;6,301;-0,494
80655.1;13,085;289;2,934;10,151;7,217
80425.3;13,072;166;1,285;11,787;10,502
80340.9;13,066;205;2,599;10,467;7,868
80299.5;13,060;305;0,761;12,299;11,538
80296.2;13,056;328;2,455;10,601;8,146
80387.4;13,053;269;10,094;2,959;-7,135
80307.2;13,053;275;6,250;6,803;0,553
80339.8;13,051;212;1,559;11,492;9,933
80286.4;13,043;350;4,849;8,194;3,345
80612.6;13,040;318;5,576;7,464;1,888
80421.2;13,039;282;8,481;4,558;-3,923
80586.8;13,037;524;2,479;10,558;8,079
80585.6;13,010;78;12,783;0,227;-12,556
80655.0;12,990;275;12,300;0,690;-11,610
80601.6;12,980;176;5,960;7,020;1,060
80538.1;12,980;205;3,065;9,915;6,850
80604.0;12,970;121;8,401;4,569;-3,832
80287.1;12,966;331;3,427;9,539;6,112
80376.9;12,956;240;12,155;0,801;-11,354
80427.9;12,953;429;6,541;6,412;-0,129
80612.0;12,950;129;4,788;8,162;3,374
80407.3;12,946;329;5,713;7,233;1,520
80316.1;12,945;292;4,520;8,425;3,905
80408.9;12,939;277;3,464;9,475;6,011
80503.9;12,937;189;6,364;6,573;0,209
80249.3;12,931;251;0,898;12,033;11,135
80370.4;12,922;246;1,778;11,144;9,366
80341.7;12,920;262;5,725;7,195;1,470
80606.2;12,918;233;6,244;6,674;0,430
80359.8;12,918;398;6,672;6,246;-0,426
80539.9;12,913;209;0,322;12,591;12,269
80378.4;12,908;318;4,667;8,241;3,574
80240.0;12,902;509;10,533;2,369;-8,164
80574.1;12,901;185;7,209;5,692;-1,517
80427.4;12,895;269;5,393;7,502;2,109
80410.5;12,882;287;4,677;8,205;3,528
80423.1;12,877;264;1,532;11,345;9,813
80829.0;12,871;166;12,869;0,002;-12,867
80378.7;12,870;298;10,317;2,553;-7,764
80331.7;12,856;258;5,291;7,565;2,274
80550.1;12,850;205;0,323;12,527;12,204
81080.8;12,847;126;12,655;0,192;-12,463
80359.0;12,844;295;5,032;7,812;2,780
80378.8;12,833;485;5,103;7,730;2,627
80313.3;12,833;328;9,497;3,336;-6,161
80445.6;12,827;340;8,622;4,205;-4,417
80582.9;12,825;343;6,574;6,251;-0,323
80420.4;12,810;389;3,318;9,492;6,174
80332.7;12,808;316;7,908;4,900;-3,008
80581.4;12,803;223;3,177;9,626;6,449
80365.8;12,802;412;6,148;6,654;0,506
80281.8;12,797;227;6,572;6,225;-0,347
80486.1;12,790;183;11,293;1,497;-9,796
80394.9;12,782;322;7,855;4,927;-2,928
80424.3;12,775;254;6,359;6,416;0,057
80353.7;12,770;386;6,601;6,169;-0,432
80350.7;12,753;213;8,734;4,019;-4,715
80258.0;12,751;192;12,497;0,254;-12,243
80265.2;12,744;185;8,930;3,814;-5,116
80442.2;12,742;389;1,049;11,693;10,644
80585.1;12,740;216;6,641;6,099;-0,542
80381.6;12,737;273;1,043;11,694;10,651
80340.4;12,734;381;10,005;2,729;-7,276
80332.8;12,718;347;3,060;9,658;6,598
80335.2;12,716;331;8,443;4,273;-4,170
80433.2;12,708;271;2,307;10,401;8,094
80291.9;12,699;254;6,670;6,029;-0,641
80454.3;12,691;469;6,714;5,977;-0,737
80481.9;12,686;347;10,541;2,145;-8,396
80664.6;12,685;349;5,861;6,824;0,963
80535.7;12,684;269;10,359;2,325;-8,034
81070.1;12,683;151;0,164;12,519;12,355
80294.0;12,675;273;0,962;11,713;10,751
80612.7;12,669;332;0,318;12,351;12,033
81067.2;12,645;221;1,026;11,619;10,593
80471.3;12,628;241;9,418;3,210;-6,208
80479.7;12,624;452;5,598;7,026;1,428
80433.1;12,623;310;1,033;11,590;10,557
80408.8;12,622;332;5,014;7,608;2,594
80417.3;12,622;292;4,510;8,112;3,602
80463.5;12,617;396;9,528;3,089;-6,439
80457.7;12,612;338;8,088;4,524;-3,564
80472.3;12,609;208;9,094;3,515;-5,579
80295.7;12,584;182;7,996;4,588;-3,408
80270.6;12,581;253;0,322;12,259;11,937
80472.2;12,579;370;1,603;10,976;9,373
80222.5;12,575;296;0,445;12,130;11,685
80297.1;12,574;255;2,914;9,660;6,746
80217.9;12,571;94;12,447;0,124;-12,323
80271.8;12,565;161;0,395;12,170;11,775
80446.7;12,552;347;1,146;11,406;10,260
80404.9;12,545;304;4,495;8,050;3,555
80554.7;12,531;170;11,956;0,575;-11,381
80536.3;12,530;126;0,452;12,078;11,626
80405.7;12,514;219;6,786;5,728;-1,058
80577.3;12,512;150;0,759;11,753;10,994
80364.2;12,507;276;0,934;11,573;10,639
80464.0;12,506;931;7,165;5,341;-1,824
80458.2;12,503;358;6,357;6,146;-0,211
80884.0;12,491;197;12,355;0,136;-12,219
80456.3;12,490;305;6,550;5,940;-0,610
80751.9;12,477;89;6,415;6,062;-0,353
81068.1;12,475;104;1,165;11,310;10,145
80367.1;12,459;335;9,879;2,580;-7,299
80361.1;12,458;445;1,876;10,582;8,706
80419.9;12,449;481;7,719;4,730;-2,989
81136.2;12,436;134;10,842;1,594;-9,248
80501.8;12,435;101;10,173;2,262;-7,911
80308.1;12,434;254;3,901;8,533;4,632
80448.2;12,428;301;6,102;6,326;0,224
80341.0;12,427;324;8,044;4,383;-3,661
80485.2;12,421;233;9,562;2,859;-6,703
81179.8;12,420;449;0,003;12,417;12,414
80287.9;12,419;260;11,033;1,386;-9,647
80826.3;12,416;192;12,411;0,005;-12,406
80262.6;12,411;248;0,067;12,344;12,277
80273.7;12,400;297;0,410;11,990;11,580
80573.0;12,379;458;1,302;11,077;9,775
80564.0;12,367;222;10,985;1,382;-9,603
80266.3;12,367;324;9,273;3,094;-6,179
80445.8;12,358;406;3,029;9,329;6,300
80416.3;12,358;394;6,958;5,400;-1,558
80306.4;12,347;305;9,020;3,327;-5,693
80394.4;12,345;182;7,731;4,614;-3,117
80444.3;12,339;371;2,520;9,819;7,299
80477.7;12,333;335;7,911;4,422;-3,489
80308.2;12,328;325;8,974;3,354;-5,620
80366.0;12,320;448;4,569;7,751;3,182
80259.9;12,314;255;5,308;7,006;1,698
80536.6;12,301;219;11,438;0,863;-10,575
80344.7;12,301;145;10,642;1,659;-8,983
80273.3;12,296;153;9,033;3,263;-5,770
80746.4;12,294;545;0,003;12,291;12,288
80473.1;12,290;328;9,543;2,747;-6,796
80382.8;12,271;403;6,692;5,579;-1,113
80365.1;12,270;286;4,522;7,748;3,226
80317.3;12,267;182;10,750;1,517;-9,233
80346.6;12,261;285;7,460;4,801;-2,659
80330.6;12,254;370;6,959;5,295;-1,664
80375.8;12,242;230;5,656;6,586;0,930
80481.1;12,237;320;2,707;9,530;6,823
80490.5;12,223;248;5,025;7,198;2,173
80365.2;12,222;373;7,540;4,682;-2,858
80465.3;12,215;451;2,291;9,924;7,633
80534.1;12,210;203;7,495;4,715;-2,780
80258.1;12,210;125;2,689;9,521;6,832
80396.5;12,207;126;8,613;3,594;-5,019
80308.0;12,205;510;9,454;2,751;-6,703
80459.3;12,199;413;7,194;5,005;-2,189
80309.7;12,188;316;3,708;8,480;4,772
81080.4;12,187;340;0,014;12,173;12,159
80390.3;12,182;314;0,467;11,715;11,248
80323.4;12,182;299;2,153;10,029;7,876
80434.1;12,181;225;10,773;1,408;-9,365
80593.3;12,175;140;7,734;4,441;-3,293
81294.7;12,175;277;12,112;0,063;-12,049
80145.8;12,166;133;3,126;9,040;5,914
80343.5;12,164;350;8,903;3,261;-5,642
81260.9;12,160;105;12,145;0,015;-12,130
80416.7;12,143;349;4,151;7,992;3,841
80268.6;12,126;219;3,229;8,897;5,668
80365.6;12,125;240;1,747;10,378;8,631
80312.2;12,122;264;3,516;8,606;5,090
80374.6;12,117;153;11,537;0,580;-10,957
80351.7;12,092;301;4,514;7,578;3,064
81227.6;12,087;163;0,061;12,026;11,965
80312.7;12,082;265;9,237;2,845;-6,392
80960.0;12,077;194;8,934;3,143;-5,791
80410.1;12,074;286;6,062;6,012;-0,050
80384.7;12,059;475;6,169;5,890;-0,279
80396.1;12,051;339;2,830;9,221;6,391
80314.1;12,049;494;2,818;9,231;6,413
80274.5;12,043;387;7,110;4,933;-2,177
80390.5;12,033;296;2,238;9,795;7,557
80427.0;12,015;267;4,985;7,030;2,045
80315.5;12,011;154;3,925;8,086;4,161
80505.5;12,010;425;7,981;4,029;-3,952
80125.8;12,005;258;2,799;9,206;6,407
80470.6;12,003;347;10,546;1,457;-9,089
80324.3;11,993;313;5,040;6,953;1,913
80309.1;11,978;248;2,572;9,406;6,834
80855.5;11,962;115;10,987;0,975;-10,012
80373.9;11,960;197;5,225;6,735;1,510
80482.6;11,954;309;3,889;8,065;4,176
80443.7;11,950;296;7,109;4,841;-2,268
80373.6;11,950;497;9,054;2,896;-6,158
80386.0;11,947;436;8,649;3,298;-5,351
80488.5;11,940;302;10,969;0,971;-9,998
80894.9;11,939;106;11,813;0,126;-11,687
80447.5;11,934;317;3,163;8,771;5,608
80333.7;11,926;381;11,041;0,885;-10,156
80358.9;11,925;265;3,324;8,601;5,277
80408.3;11,922;235;5,075;6,847;1,772
80280.2;11,918;149;9,242;2,676;-6,566
80271.3;11,917;247;3,652;8,265;4,613
80613.8;11,915;154;2,519;9,396;6,877
80501.0;11,908;444;2,500;9,408;6,908
80582.6;11,898;297;4,926;6,972;2,046
80360.4;11,892;155;3,135;8,757;5,622
80343.4;11,891;346;2,881;9,010;6,129
80407.4;11,890;211;4,474;7,416;2,942
81077.0;11,884;163;1,455;10,429;8,974
80468.5;11,879;330;8,904;2,975;-5,929
80451.9;11,878;319;5,382;6,496;1,114
80391.6;11,877;250;2,706;9,171;6,465
80360.6;11,876;197;8,363;3,513;-4,850
80577.2;11,858;170;5,560;6,298;0,738
81039.9;11,856;207;0,491;11,365;10,874
80488.3;11,845;231;8,450;3,395;-5,055
80311.4;11,845;280;7,430;4,415;-3,015
81040.4;11,839;75;0,265;11,574;11,309
80369.9;11,833;451;3,517;8,316;4,799
80221.0;11,823;156;10,613;1,210;-9,403
80566.4;11,794;157;0,555;11,239;10,684
80291.5;11,792;185;0,559;11,233;10,674
80474.0;11,783;385;5,698;6,085;0,387
80437.5;11,767;483;5,340;6,427;1,087
80272.0;11,767;399;6,980;4,787;-2,193
80568.2;11,760;82;11,537;0,223;-11,314
80558.5;11,759;77;4,134;7,625;3,491
80256.1;11,755;326;5,146;6,609;1,463
80440.9;11,750;294;0,918;10,832;9,914
80311.2;11,749;231;4,183;7,566;3,383
80442.5;11,737;518;10,009;1,728;-8,281
80700.7;11,721;103;11,250;0,471;-10,779
81190.9;11,718;149;10,642;1,076;-9,566
80477.2;11,714;312;2,731;8,983;6,252
80489.9;11,710;383;8,031;3,679;-4,352
80504.4;11,710;150;0,571;11,139;10,568
80643.2;11,706;128;0,841;10,865;10,024
80210.1;11,700;302;0,376;11,324;10,948
80457.3;11,698;474;7,069;4,629;-2,440
80377.4;11,697;222;2,307;9,390;7,083
80467.7;11,695;316;8,822;2,873;-5,949
80535.3;11,694;159;0,341;11,353;11,012
80557.0;11,688;257;0,067;11,621;11,554
80275.5;11,679;304;4,780;6,899;2,119
80492.4;11,677;141;1,722;9,955;8,233
80393.3;11,669;242;5,465;6,204;0,739
80427.6;11,668;465;5,933;5,735;-0,198
80414.7;11,668;284;4,432;7,236;2,804
80522.7;11,665;181;8,240;3,425;-4,815
80444.7;11,663;203;1,738;9,925;8,187
81240.0;11,650;553;11,380;0,270;-11,110
80252.2;11,643;182;10,919;0,724;-10,195
80493.9;11,623;159;1,373;10,250;8,877
80391.7;11,623;162;6,128;5,495;-0,633
80498.2;11,621;186;9,175;2,446;-6,729
80515.4;11,620;162;9,414;2,206;-7,208
80546.8;11,619;186;9,653;1,966;-7,687
80354.3;11,618;274;9,225;2,393;-6,832
80456.5;11,603;429;7,809;3,794;-4,015
80541.8;11,599;142;10,989;0,610;-10,379
80473.4;11,594;303;2,729;8,865;6,136
80210.5;11,590;178;10,305;1,285;-9,020
80494.7;11,578;267;2,254;9,324;7,070
80511.6;11,566;176;6,130;5,436;-0,694
80349.8;11,566;510;3,463;8,103;4,640
80836.4;11,560;98;11,559;0,001;-11,558
80468.6;11,559;497;8,423;3,136;-5,287
80309.6;11,548;382;2,734;8,814;6,080
80465.5;11,502;286;6,646;4,856;-1,790
80367.0;11,500;296;4,440;7,060;2,620
80610.0;11,483;208;7,137;4,346;-2,791
80422.1;11,478;304;4,774;6,704;1,930
80372.7;11,478;322;11,342;0,136;-11,206
80146.4;11,476;131;0,283;11,193;10,910
80520.4;11,474;208;8,672;2,802;-5,870
80330.8;11,474;255;9,846;1,628;-8,218
80353.0;11,468;280;5,887;5,581;-0,306
81208.0;11,461;126;3,484;7,977;4,493
80450.4;11,453;392;9,963;1,490;-8,473
81071.1;11,447;137;2,010;9,437;7,427
80448.5;11,445;420;6,600;4,845;-1,755
80423.2;11,444;355;7,825;3,619;-4,206
80251.2;11,442;105;11,292;0,150;-11,142
80746.3;11,439;243;11,118;0,321;-10,797
80275.0;11,438;319;8,619;2,819;-5,800
80395.5;11,436;297;0,823;10,613;9,790
80397.1;11,436;294;2,766;8,670;5,904
80468.2;11,422;274;3,913;7,509;3,596
80370.8;11,422;333;1,851;9,571;7,720
80434.9;11,408;334;8,807;2,601;-6,206
80426.5;11,396;222;5,998;5,398;-0,600
80431.5;11,387;470;8,592;2,795;-5,797
80238.2;11,385;134;0,796;10,589;9,793
80545.4;11,373;236;9,023;2,350;-6,673
80413.8;11,363;325;1,278;10,085;8,807
81286.9;11,350;156;8,194;3,156;-5,038
80520.5;11,346;142;2,400;8,946;6,546
80212.3;11,342;164;0,157;11,185;11,028
80359.1;11,340;260;7,444;3,896;-3,548
80316.6;11,332;295;1,719;9,613;7,894
80309.3;11,331;271;6,258;5,073;-1,185
80432.3;11,321;249;5,113;6,208;1,095
80320.3;11,317;340;4,565;6,752;2,187
80428.1;11,314;374;2,522;8,792;6,270
80362.6;11,314;316;0,597;10,717;10,120
80552.9;11,310;93;0,458;10,852;10,394
80428.4;11,294;331;9,198;2,096;-7,102
80396.9;11,287;278;8,884;2,403;-6,481
80478.0;11,285;449;6,334;4,951;-1,383
80315.2;11,281;438;2,990;8,291;5,301
80486.6;11,269;356;6,842;4,427;-2,415
80436.7;11,269;372;1,729;9,540;7,811
80415.7;11,266;335;4,155;7,111;2,956
80443.4;11,264;389;4,386;6,878;2,492
80326.9;11,262;392;10,863;0,399;-10,464
80127.9;11,260;60;11,121;0,139;-10,982
80538.0;11,249;249;9,225;2,024;-7,201
80537.4;11,249;163;9,479;1,770;-7,709
80342.8;11,243;258;5,492;5,751;0,259
80456.1;11,229;399;4,337;6,892;2,555
80321.4;11,224;380;0,993;10,231;9,238
81286.3;11,220;115;0,081;11,139;11,058
80619.2;11,219;72;11,121;0,098;-11,023
80307.7;11,218;388;10,545;0,673;-9,872
80331.6;11,212;557;5,855;5,357;-0,498
80449.2;11,195;237;5,682;5,513;-0,169
80303.5;11,194;370;6,540;4,654;-1,886
80372.0;11,191;538;5,434;5,757;0,323
80298.0;11,184;291;4,331;6,853;2,522
80310.2;11,182;435;0,738;10,444;9,706
80619.6;11,163;131;9,820;1,343;-8,477
80244.9;11,155;143;2,330;8,825;6,495
80485.4;11,150;257;3,435;7,715;4,280
80438.9;11,149;434;1,375;9,774;8,399
80392.2;11,146;459;2,964;8,182;5,218
80226.0;11,146;218;6,680;4,466;-2,214
80281.0;11,144;145;10,385;0,759;-9,626
80199.6;11,142;91;9,066;2,076;-6,990
80358.4;11,138;284;1,285;9,853;8,568
80519.9;11,136;219;6,339;4,797;-1,542
80417.1;11,118;312;8,408;2,710;-5,698
80433.9;11,118;257;3,039;8,079;5,040
80632.0;11,117;238;2,432;8,685;6,253
80455.6;11,114;228;7,397;3,717;-3,680
80344.9;11,108;296;6,762;4,346;-2,416
80305.4;11,107;151;4,183;6,924;2,741
81133.0;11,105;121;10,802;0,303;-10,499
80188.0;11,104;166;5,721;5,383;-0,338
80480.3;11,101;258;4,545;6,556;2,011
80341.6;11,100;207;8,350;2,750;-5,600
80204.1;11,090;79;11,057;0,033;-11,024
80463.7;11,084;361;9,844;1,240;-8,604
80222.4;11,081;266;10,844;0,237;-10,607
80435.7;11,074;342;7,167;3,907;-3,260
80549.6;11,070;169;1,874;9,196;7,322
80454.2;11,070;516;3,902;7,168;3,266
80598.0;11,069;122;1,702;9,367;7,665
80502.1;11,068;379;2,212;8,856;6,644
80351.6;11,067;183;6,924;4,143;-2,781
80547.9;11,062;129;4,912;6,150;1,238
80335.9;11,062;207;5,924;5,138;-0,786
80646.7;11,055;34;0,011;11,044;11,033
80309.8;11,051;325;6,098;4,953;-1,145
81057.6;11,047;143;1,874;9,173;7,299
80561.1;11,044;57;10,822;0,222;-10,600
80268.0;11,044;268;5,220;5,824;0,604
80888.0;11,043;69;3,682;7,361;3,679
80594.0;11,039;188;7,999;3,040;-4,959
80398.4;11,034;199;4,164;6,870;2,706
80559.2;11,031;185;1,213;9,818;8,605
80521.4;11,028;257;9,586;1,442;-8,144
80401.0;11,027;235;9,717;1,310;-8,407
80605.2;11,024;130;5,042;5,982;0,940
80581.2;11,015;90;10,161;0,854;-9,307
80462.1;11,014;398;1,247;9,767;8,520
80471.8;11,005;317;7,914;3,091;-4,823
80441.9;11,000;435;6,210;4,790;-1,420
80491.9;10,991;245;5,059;5,932;0,873
80234.2;10,985;200;0,206;10,779;10,573
80287.7;10,984;208;10,476;0,508;-9,968
80295.1;10,976;257;2,968;8,008;5,040
80267.0;10,967;372;8,528;2,439;-6,089
80463.0;10,956;374;2,771;8,185;5,414
81036.9;10,946;278;10,722;0,224;-10,498
80364.4;10,944;357;2,032;8,912;6,880
80435.8;10,943;372;1,408;9,535;8,127
80325.9;10,943;331;8,652;2,291;-6,361
80475.7;10,936;374;5,826;5,110;-0,716
80639.5;10,934;80;9,088;1,846;-7,242
80416.9;10,890;390;0,588;10,302;9,714
80744.8;10,890;160;0,216;10,674;10,458
80452.6;10,889;310;5,335;5,554;0,219
80538.7;10,888;198;0,471;10,417;9,946
80486.4;10,879;269;8,403;2,476;-5,927
80416.2;10,876;427;4,120;6,756;2,636
80308.5;10,876;197;8,398;2,478;-5,920
80417.7;10,873;227;9,438;1,435;-8,003
80845.1;10,867;85;0,005;10,862;10,857
80363.1;10,863;418;4,740;6,123;1,383
80514.3;10,848;209;7,490;3,358;-4,132
80493.7;10,840;172;3,117;7,723;4,606
80339.0;10,840;201;2,012;8,828;6,816
80342.0;10,838;368;6,029;4,809;-1,220
80412.6;10,837;598;5,110;5,727;0,617
80195.9;10,835;140;9,181;1,654;-7,527
80436.1;10,831;337;3,965;6,866;2,901
80536.9;10,821;195;0,884;9,937;9,053
80508.0;10,820;391;2,097;8,723;6,626
80315.9;10,814;446;7,829;2,985;-4,844
80640.8;10,792;213;0,607;10,185;9,578
81111.1;10,792;143;0,030;10,762;10,732
80281.5;10,772;267;5,582;5,190;-0,392
80946.9;10,766;137;2,008;8,758;6,750
80481.6;10,757;327;3,883;6,874;2,991
81238.1;10,753;240;1,060;9,693;8,633
80444.6;10,738;127;8,762;1,976;-6,786
80527.8;10,735;177;8,648;2,087;-6,561
80331.4;10,727;204;2,940;7,787;4,847
80439.7;10,723;385;8,171;2,552;-5,619
80911.1;10,713;185;0,482;10,231;9,749
80561.7;10,703;164;8,248;2,455;-5,793
80474.2;10,697;211;7,610;3,087;-4,523
80290.2;10,682;297;0,789;9,893;9,104
80637.9;10,680;81;10,604;0,076;-10,528
80534.2;10,676;163;0,634;10,042;9,408
80518.7;10,673;184;9,470;1,203;-8,267
80390.2;10,672;193;9,366;1,306;-8,060
80597.6;10,671;195;5,657;5,014;-0,643
80406.9;10,670;236;3,827;6,843;3,016
80463.9;10,663;298;5,224;5,439;0,215
80385.9;10,663;231;9,938;0,725;-9,213
81061.0;10,650;222;0,686;9,964;9,278
80607.1;10,643;68;1,634;9,009;7,375
80342.6;10,632;218;2,229;8,403;6,174
81041.9;10,620;221;7,158;3,462;-3,696
80415.3;10,613;201;8,671;1,942;-6,729
80255.3;10,602;245;0,789;9,813;9,024
80475.4;10,594;315;8,010;2,584;-5,426
80423.5;10,593;327;7,916;2,677;-5,239
80284.9;10,591;238;5,103;5,488;0,385
80896.2;10,586;70;10,525;0,061;-10,464
80386.8;10,584;193;0,100;10,484;10,384
81175.1;10,583;133;10,580;0,003;-10,577
80462.6;10,573;422;1,657;8,916;7,259
80493.0;10,572;386;5,400;5,172;-0,228
80370.5;10,565;295;2,613;7,952;5,339
80405.3;10,560;429;1,821;8,739;6,918
80581.0;10,558;184;6,254;4,304;-1,950
80498.1;10,558;265;3,034;7,524;4,490
80374.2;10,554;313;4,066;6,488;2,422
80534.0;10,551;209;10,297;0,254;-10,043
80190.9;10,546;131;9,389;1,157;-8,232
80335.8;10,529;229;5,619;4,910;-0,709
80509.3;10,527;242;4,334;6,193;1,859
80486.2;10,524;311;3,283;7,241;3,958
80672.6;10,517;100;0,019;10,498;10,479
80728.0;10,515;139;0,018;10,497;10,479
80909.6;10,504;219;10,051;0,453;-9,598
80251.0;10,503;121;10,480;0,023;-10,457
80408.0;10,499;587;4,629;5,870;1,241
80496.2;10,497;123;0,477;10,020;9,543
80302.5;10,473;452;2,457;8,016;5,559
81177.0;10,472;67;10,446;0,026;-10,420
80610.4;10,468;187;2,850;7,618;4,768
80560.0;10,459;368;3,731;6,728;2,997
80408.5;10,447;345;4,120;6,327;2,207
80387.9;10,439;296;6,450;3,989;-2,461
80546.0;10,430;301;0,963;9,467;8,504
80370.7;10,426;206;9,030;1,396;-7,634
80559.1;10,412;196;9,215;1,197;-8,018
80242.9;10,392;98;0,443;9,949;9,506
80947.6;10,389;74;10,199;0,190;-10,009
80296.8;10,388;252;5,589;4,799;-0,790
80727.9;10,384;130;8,978;1,406;-7,572
80347.7;10,384;500;4,808;5,576;0,768
80586.7;10,382;360;8,531;1,851;-6,680
81249.9;10,376;250;10,371;0,005;-10,366
80592.1;10,368;130;9,139;1,229;-7,910
80462.4;10,357;360;0,876;9,481;8,605
80322.1;10,350;386;2,932;7,418;4,486
81270.5;10,340;89;6,969;3,371;-3,598
80492.8;10,332;297;1,873;8,459;6,586
80143.2;10,325;59;0,003;10,322;10,319
80463.4;10,324;242;3,173;7,151;3,978
81148.0;10,324;103;0,009;10,315;10,306
80505.6;10,322;323;3,219;7,103;3,884
81240.1;10,315;173;4,336;5,979;1,643
80446.6;10,301;321;8,170;2,131;-6,039
80385.8;10,297;180;1,121;9,176;8,055
80540.3;10,295;106;0,042;10,253;10,211
80543.1;10,293;169;8,785;1,508;-7,277
80314.8;10,291;302;1,857;8,434;6,577
80516.8;10,290;121;1,012;9,278;8,266
80916.4;10,288;153;10,282;0,006;-10,276
80460.5;10,285;389;5,977;4,308;-1,669
80487.4;10,280;245;2,023;8,257;6,234
80272.8;10,276;257;4,052;6,224;2,172
80426.0;10,274;534;7,533;2,741;-4,792
80356.2;10,264;265;8,115;2,149;-5,966
80368.4;10,254;163;2,328;7,926;5,598
80434.2;10,239;357;1,301;8,938;7,637
80512.0;10,238;334;4,373;5,865;1,492
80464.7;10,238;356;2,963;7,275;4,312
81065.7;10,238;108;10,228;0,010;-10,218
80451.5;10,233;260;2,133;8,100;5,967
80282.1;10,231;174;9,330;0,901;-8,429
80379.5;10,229;267;3,587;6,642;3,055
80363.4;10,228;265;4,341;5,887;1,546
80624.5;10,214;288;0,025;10,189;10,164
80324.5;10,211;369;5,843;4,368;-1,475
80362.7;10,204;142;0,258;9,946;9,688
80565.8;10,203;292;3,620;6,583;2,963
80616.2;10,199;129;2,748;7,451;4,703
80354.0;10,196;462;7,859;2,337;-5,522
80492.9;10,193;238;7,268;2,925;-4,343
80568.0;10,192;174;2,821;7,371;4,550
80324.8;10,190;332;6,623;3,567;-3,056
81099.6;10,189;122;0,222;9,967;9,745
80443.8;10,186;245;5,509;4,677;-0,832
80331.5;10,185;288;8,264;1,921;-6,343
80392.3;10,176;202;4,654;5,522;0,868
80226.3;10,160;242;5,264;4,896;-0,368
80435.9;10,157;299;1,792;8,365;6,573
80441.7;10,151;268;1,480;8,671;7,191
80259.1;10,144;144;1,805;8,339;6,534
80899.0;10,142;7;10,138;0,004;-10,134
80388.1;10,134;241;3,463;6,671;3,208
80455.5;10,133;210;1,981;8,152;6,171
80238.8;10,128;200;9,878;0,250;-9,628
80499.3;10,127;214;0,429;9,698;9,269
80287.8;10,127;286;2,462;7,665;5,203
80251.5;10,113;119;9,946;0,167;-9,779
80479.6;10,104;250;7,892;2,212;-5,680
80382.0;10,100;440;2,315;7,785;5,470
80270.3;10,099;210;2,741;7,358;4,617
81046.5;10,096;94;10,093;0,003;-10,090
80354.4;10,091;313;7,142;2,949;-4,193
81274.5;10,084;148;0,030;10,054;10,024
80347.8;10,082;233;0,860;9,222;8,362
80354.8;10,081;290;6,987;3,094;-3,893
80532.3;10,080;177;0,153;9,927;9,774
80214.5;10,080;278;7,984;2,096;-5,888
80474.1;10,077;335;3,132;6,945;3,813
80476.6;10,074;246;6,773;3,301;-3,472
80383.1;10,072;365;2,116;7,956;5,840
80399.0;10,063;273;8,706;1,357;-7,349
80222.9;10,054;222;9,256;0,798;-8,458
80288.3;10,051;212;0,481;9,570;9,089
81237.4;10,044;124;8,976;1,068;-7,908
80292.8;10,040;210;8,506;1,534;-6,972
80222.8;10,029;122;4,845;5,184;0,339
80588.5;10,028;266;0,774;9,254;8,480
80259.7;10,024;181;7,023;3,001;-4,022
80348.5;10,023;277;5,276;4,747;-0,529
81272.5;10,018;78;0,023;9,995;9,972
80464.2;10,002;351;4,117;5,885;1,768
80456.8;10,002;317;0,855;9,147;8,292
80493.1;10,000;232;0,924;9,076;8,152
80302.4;9,982;214;6,849;3,133;-3,716
80346.5;9,980;427;1,451;8,529;7,078
80654.2;9,976;274;1,392;8,584;7,192
80470.9;9,975;268;7,139;2,836;-4,303
80358.3;9,968;218;2,286;7,682;5,396
80456.6;9,963;387;4,926;5,037;0,111
80199.9;9,960;126;9,474;0,486;-8,988
81237.5;9,957;309;6,933;3,024;-3,909
80513.7;9,955;202;3,404;6,551;3,147
80421.4;9,953;205;0,185;9,768;9,583
81065.5;9,940;152;0,497;9,443;8,946
80608.5;9,930;154;2,533;7,397;4,864
80461.1;9,922;475;3,635;6,287;2,652
80372.1;9,921;285;6,719;3,202;-3,517
80588.0;9,913;284;2,867;7,046;4,179
80399.5;9,911;152;9,509;0,402;-9,107
80605.1;9,909;174;8,318;1,591;-6,727
80382.1;9,908;226;0,478;9,430;8,952
80404.1;9,904;370;6,444;3,460;-2,984
80389.8;9,901;166;3,268;6,633;3,365
80227.0;9,900;292;9,870;0,030;-9,840
80273.8;9,899;221;8,400;1,499;-6,901
81095.2;9,896;127;4,767;5,129;0,362
80613.4;9,895;34;5,131;4,764;-0,367
80575.9;9,892;209;8,341;1,551;-6,790
80353.1;9,891;190;4,589;5,302;0,713
80284.1;9,885;316;7,097;2,788;-4,309
80207.5;9,883;159;4,100;5,783;1,683
81080.3;9,882;244;7,952;1,930;-6,022
80285.4;9,881;260;8,527;1,354;-7,173
80639.7;9,865;28;9,692;0,173;-9,519
80326.7;9,862;351;7,594;2,268;-5,326
81227.4;9,859;256;4,707;5,152;0,445
80335.7;9,856;239;5,784;4,072;-1,712
80625.8;9,855;186;4,510;5,345;0,835
80378.3;9,855;266;4,695;5,160;0,465
80310.8;9,847;347;3,066;6,781;3,715
80306.2;9,844;235;7,857;1,987;-5,870
80760.3;9,843;56;8,643;1,200;-7,443
80580.8;9,836;117;8,822;1,014;-7,808
80915.6;9,830;129;3,655;6,175;2,520
80188.2;9,829;109;6,312;3,517;-2,795
80438.7;9,824;264;4,227;5,597;1,370
80390.4;9,823;247;8,027;1,796;-6,231
80327.1;9,821;226;1,823;7,998;6,175
80455.2;9,820;332;4,410;5,410;1,000
81034.9;9,816;119;8,899;0,917;-7,982
80595.2;9,813;131;0,079;9,734;9,655
80579.7;9,811;120;4,609;5,202;0,593
80382.6;9,804;297;6,580;3,224;-3,356
80435.5;9,788;344;1,564;8,224;6,660
80465.4;9,774;293;7,923;1,851;-6,072
80434.6;9,774;526;4,011;5,763;1,752
80252.0;9,765;225;7,016;2,749;-4,267
80337.7;9,763;187;5,365;4,398;-0,967
80547.7;9,754;292;0,034;9,720;9,686
81090.5;9,752;155;0,263;9,489;9,226
80524.9;9,751;95;2,765;6,986;4,221
81111.8;9,750;124;0,050;9,700;9,650
80657.9;9,749;150;8,005;1,744;-6,261
80409.6;9,745;217;5,117;4,628;-0,489
80332.9;9,742;304;2,974;6,768;3,794
80485.8;9,740;296;5,020;4,720;-0,300
80517.4;9,739;189;8,619;1,120;-7,499
80214.9;9,738;125;4,405;5,333;0,928
80261.7;9,736;167;1,316;8,420;7,104
80443.3;9,730;279;6,098;3,632;-2,466
80473.5;9,720;208;1,081;8,639;7,558
80173.9;9,712;122;6,443;3,269;-3,174
81053.8;9,705;153;9,588;0,117;-9,471
80209.9;9,700;93;9,681;0,019;-9,662
80531.2;9,698;113;0,346;9,352;9,006
80387.1;9,689;325;8,209;1,480;-6,729
80402.2;9,687;161;2,817;6,870;4,053
80323.7;9,683;324;5,658;4,025;-1,633
80422.7;9,671;206;4,318;5,353;1,035
80410.8;9,665;239;2,799;6,866;4,067
80298.1;9,660;250;4,820;4,840;0,020
80643.0;9,657;163;9,369;0,288;-9,081
80500.3;9,649;141;2,162;7,487;5,325
80483.6;9,646;199;8,810;0,836;-7,974
81175.8;9,644;102;2,053;7,591;5,538
80220.1;9,640;144;3,357;6,283;2,926
80564.8;9,639;162;3,702;5,937;2,235
81051.7;9,638;120;9,625;0,013;-9,612
80125.7;9,634;150;9,588;0,046;-9,542
80850.0;9,619;136;7,368;2,251;-5,117
80422.0;9,615;436;7,197;2,418;-4,779
80446.9;9,611;239;3,980;5,631;1,651
81068.0;9,611;228;4,558;5,053;0,495
80348.4;9,604;238;0,391;9,213;8,822
80409.2;9,602;188;8,181;1,421;-6,760
80428.7;9,600;161;5,128;4,472;-0,656
80313.4;9,598;366;3,420;6,178;2,758
80368.3;9,587;370;2,913;6,674;3,761
80887.7;9,579;74;9,575;0,004;-9,571
80636.1;9,575;508;0,402;9,173;8,771
80226.1;9,573;211;3,712;5,861;2,149
80407.6;9,569;318;7,582;1,987;-5,595
80317.2;9,569;354;1,049;8,520;7,471
80490.2;9,546;211;4,580;4,966;0,386
80478.7;9,545;278;1,236;8,309;7,073
80322.5;9,542;635;1,268;8,274;7,006
80335.0;9,539;438;3,643;5,896;2,253
80536.8;9,533;174;7,048;2,485;-4,563
80303.3;9,524;350;2,219;7,305;5,086
81155.3;9,522;80;9,520;0,002;-9,518
80528.2;9,517;124;6,632;2,885;-3,747
80392.8;9,507;360;3,374;6,133;2,759
80377.1;9,497;328;6,478;3,019;-3,459
81000.8;9,491;240;8,283;1,208;-7,075
80589.1;9,479;155;8,866;0,613;-8,253
80665.6;9,478;181;9,341;0,137;-9,204
80241.8;9,475;96;0,250;9,225;8,975
80430.7;9,473;414;1,740;7,733;5,993
80227.1;9,449;310;0,086;9,363;9,277
80335.3;9,446;318;3,461;5,985;2,524
80608.1;9,444;143;0,341;9,103;8,762
80525.2;9,444;281;0,014;9,430;9,416
80652.1;9,440;73;6,383;3,057;-3,326
80506.8;9,436;209;8,528;0,908;-7,620
80421.6;9,434;298;1,743;7,691;5,948
80293.7;9,434;127;1,746;7,688;5,942
80576.0;9,430;334;0,527;8,903;8,376
80450.3;9,427;275;3,232;6,195;2,963
80265.1;9,419;80;2,744;6,675;3,931
81185.2;9,414;209;6,963;2,451;-4,512
80269.8;9,406;166;5,250;4,156;-1,094
80364.8;9,404;280;2,450;6,954;4,504
80338.2;9,403;363;0,820;8,583;7,763
80398.3;9,396;162;7,917;1,479;-6,438
80241.5;9,392;354;4,496;4,896;0,400
80587.4;9,390;203;0,042;9,348;9,306
80627.8;9,384;123;1,775;7,609;5,834
80520.7;9,382;76;5,451;3,931;-1,520
80338.6;9,380;245;6,642;2,738;-3,904
80528.1;9,372;105;8,802;0,570;-8,232
80268.9;9,367;171;1,150;8,217;7,067
80488.4;9,364;223;0,764;8,600;7,836
80429.5;9,357;281;8,670;0,687;-7,983
80414.2;9,333;179;3,351;5,982;2,631
80323.8;9,331;294;3,395;5,936;2,541
80431.6;9,326;242;3,717;5,609;1,892
80558.8;9,319;95;0,117;9,202;9,085
80499.2;9,317;164;2,734;6,583;3,849
80421.3;9,314;231;7,768;1,546;-6,222
80557.9;9,299;146;8,916;0,383;-8,533
80433.7;9,291;333;7,292;1,999;-5,293
80655.6;9,285;90;9,240;0,045;-9,195
80407.0;9,283;277;5,051;4,232;-0,819
80285.8;9,270;158;8,549;0,721;-7,828
80533.4;9,263;230;0,481;8,782;8,301
80392.6;9,260;214;2,510;6,750;4,240
80348.9;9,251;326;0,598;8,653;8,055
80923.1;9,238;70;8,232;1,006;-7,226
80286.0;9,237;329;4,238;4,999;0,761
80572.3;9,231;97;8,924;0,307;-8,617
80423.8;9,231;366;4,332;4,899;0,567
80397.5;9,215;379;8,717;0,498;-8,219
80298.5;9,211;192;0,870;8,341;7,471
80270.2;9,209;250;5,674;3,535;-2,139
80884.2;9,205;80;0,462;8,743;8,281
80560.8;9,200;33;9,070;0,130;-8,940
80597.5;9,197;127;8,306;0,891;-7,415
80589.8;9,189;165;5,777;3,412;-2,365
80561.5;9,187;84;7,910;1,277;-6,633
80257.9;9,184;124;9,013;0,171;-8,842
80472.6;9,183;437;5,085;4,098;-0,987
80460.4;9,182;358;2,279;6,903;4,624
80420.5;9,174;299;8,218;0,956;-7,262
80389.9;9,163;269;8,846;0,317;-8,529
80457.6;9,163;324;2,875;6,288;3,413
80911.0;9,163;178;9,132;0,031;-9,101
80215.9;9,155;64;9,131;0,024;-9,107
80464.5;9,154;291;1,342;7,812;6,470
80429.0;9,153;289;6,211;2,942;-3,269
80328.1;9,152;315;2,182;6,970;4,788
80376.6;9,146;261;5,135;4,011;-1,124
80296.4;9,140;257;4,316;4,824;0,508
80435.3;9,137;281;2,256;6,881;4,625
80438.3;9,125;246;6,933;2,192;-4,741
80234.6;9,124;160;8,416;0,708;-7,708
80511.8;9,122;212;2,398;6,724;4,326
80388.4;9,122;107;6,254;2,868;-3,386
80366.5;9,122;166;6,852;2,270;-4,582
80635.2;9,120;157;7,761;1,359;-6,402
80254.6;9,120;236;6,292;2,828;-3,464
80910.7;9,094;160;5,130;3,964;-1,166
80551.1;9,090;173;8,056;1,034;-7,022
80361.8;9,090;364;4,037;5,053;1,016
80408.7;9,086;291;8,791;0,295;-8,496
81270.6;9,086;171;8,914;0,172;-8,742
80294.1;9,080;302;7,028;2,052;-4,976
80262.5;9,074;263;3,248;5,826;2,578
80586.2;9,071;202;0,444;8,627;8,183
80926.1;9,067;143;4,942;4,125;-0,817
80650.1;9,062;162;1,757;7,305;5,548
80630.0;9,060;211;5,261;3,799;-1,462
80353.5;9,042;206;6,991;2,051;-4,940
80261.9;9,038;145;1,145;7,893;6,748
81083.6;9,036;130;9,004;0,032;-8,972
80153.4;9,034;169;0,558;8,476;7,918
80580.9;9,032;78;7,628;1,404;-6,224
80310.7;9,028;361;4,778;4,250;-0,528
80377.7;9,026;342;3,612;5,414;1,802
80282.3;9,025;112;4,126;4,899;0,773
80396.2;9,023;197;0,829;8,194;7,365
80651.1;9,022;151;8,284;0,738;-7,546
80302.6;9,020;229;6,134;2,886;-3,248
80288.9;9,019;262;7,495;1,524;-5,971
80326.3;9,015;327;8,469;0,546;-7,923
80486.3;9,014;294;1,976;7,038;5,062
81095.3;9,009;220;1,965;7,044;5,079
80421.8;9,008;287;0,569;8,439;7,870
80657.4;9,007;134;5,523;3,484;-2,039
80192.5;9,003;121;6,190;2,813;-3,377
80603.5;9,002;223;0,237;8,765;8,528
80375.9;9,001;253;5,928;3,073;-2,855
80513.6;8,999;280;5,756;3,243;-2,513
80482.5;8,992;393;1,854;7,138;5,284
80629.0;8,991;175;5,955;3,036;-2,919
80290.9;8,973;198;1,476;7,497;6,021
81073.4;8,968;400;0,396;8,572;8,176
80501.9;8,965;134;5,066;3,899;-1,167
80328.2;8,963;204;6,000;2,963;-3,037
80440.7;8,942;285;2,841;6,101;3,260
80269.9;8,939;167;2,578;6,361;3,783
80728.5;8,936;118;0,169;8,767;8,598
80251.3;8,935;143;5,277;3,658;-1,619
80392.0;8,934;489;3,712;5,222;1,510
80257.5;8,931;208;8,050;0,881;-7,169
80957.4;8,929;101;0,000;8,929;8,929
80365.4;8,925;252;3,793;5,132;1,339
80608.7;8,917;78;5,896;3,021;-2,875
80592.7;8,906;99;4,304;4,602;0,298
80493.8;8,906;342;7,177;1,729;-5,448
80208.4;8,894;96;2,376;6,518;4,142
80454.5;8,882;253;1,299;7,583;6,284
80373.4;8,877;310;5,203;3,674;-1,529
80352.2;8,872;401;2,748;6,124;3,376
80411.1;8,869;273;0,901;7,968;7,067
80459.0;8,867;374;2,223;6,644;4,421
80291.4;8,867;196;3,562;5,305;1,743
80916.5;8,866;179;0,100;8,766;8,666
80492.1;8,861;189;3,237;5,624;2,387
80300.5;8,861;157;8,285;0,576;-7,709
80353.3;8,852;228;6,275;2,577;-3,698
80276.7;8,849;305;2,309;6,540;4,231
80528.7;8,843;80;8,787;0,056;-8,731
81080.0;8,835;312;6,578;2,257;-4,321
80531.0;8,831;134;6,056;2,775;-3,281
80299.7;8,823;237;4,819;4,004;-0,815
80910.9;8,819;58;0,204;8,615;8,411
80589.9;8,812;245;4,424;4,388;-0,036
80341.4;8,798;267;7,295;1,503;-5,792
80593.4;8,795;162;3,224;5,571;2,347
80651.2;8,790;359;3,643;5,147;1,504
80545.0;8,786;277;6,837;1,949;-4,888
80478.4;8,782;239;3,208;5,574;2,366
80625.1;8,777;100;1,369;7,408;6,039
80294.3;8,774;275;1,666;7,108;5,442
80586.9;8,771;175;5,325;3,446;-1,879
80347.9;8,770;232;7,857;0,913;-6,944
81219.4;8,767;81;4,966;3,801;-1,165
80301.7;8,762;326;2,901;5,861;2,960
80365.3;8,761;240;2,782;5,979;3,197
80518.9;8,760;168;6,221;2,539;-3,682
80419.1;8,757;337;0,283;8,474;8,191
80251.6;8,753;102;3,960;4,793;0,833
80337.9;8,752;228;3,579;5,173;1,594
80349.6;8,751;232;6,742;2,009;-4,733
80341.5;8,746;336;4,005;4,741;0,736
81040.3;8,738;135;8,240;0,498;-7,742
81165.2;8,737;91;8,735;0,002;-8,733
80322.3;8,736;325;3,157;5,579;2,422
80548.5;8,735;218;5,346;3,389;-1,957
80516.1;8,729;121;0,511;8,218;7,707
80481.3;8,720;348;5,087;3,633;-1,454
80293.9;8,695;222;0,904;7,791;6,887
80445.2;8,692;222;5,333;3,359;-1,974
81259.8;8,684;83;8,583;0,101;-8,482
80266.7;8,679;180;1,779;6,900;5,121
80373.5;8,670;339;3,686;4,984;1,298
80501.6;8,666;230;6,033;2,633;-3,400
80376.8;8,659;429;3,153;5,506;2,353
80571.4;8,657;136;8,582;0,075;-8,507
80254.1;8,649;194;1,063;7,586;6,523
80371.7;8,648;239;7,561;1,087;-6,474
80278.7;8,640;225;4,123;4,517;0,394
80297.4;8,634;136;3,397;5,237;1,840
80422.3;8,629;331;4,325;4,304;-0,021
80457.8;8,626;433;3,165;5,461;2,296
80811.9;8,624;88;0,007;8,617;8,610
80387.8;8,614;205;0,088;8,526;8,438
80479.5;8,613;248;1,647;6,966;5,319
80264.9;8,612;172;1,441;7,171;5,730
80409.5;8,610;208;2,749;5,861;3,112
80836.1;8,606;62;8,458;0,148;-8,310
80325.3;8,598;321;2,634;5,964;3,330
80366.4;8,593;266;0,652;7,941;7,289
80677.9;8,590;68;0,239;8,351;8,112
80324.2;8,588;226;2,375;6,213;3,838
80455.3;8,587;241;4,842;3,745;-1,097
80626.0;8,582;137;7,656;0,926;-6,730
81126.5;8,580;124;8,577;0,003;-8,574
80612.5;8,578;182;1,955;6,623;4,668
80357.4;8,575;243;2,014;6,561;4,547
81239.7;8,571;110;8,133;0,438;-7,695
80650.9;8,568;48;8,397;0,171;-8,226
80624.0;8,567;242;1,194;7,373;6,179
80291.3;8,565;152;6,539;2,026;-4,513
80558.6;8,562;130;2,611;5,951;3,340
80450.2;8,550;275;5,474;3,076;-2,398
81099.2;8,539;122;0,402;8,137;7,735
80425.9;8,535;283;1,544;6,991;5,447
80360.3;8,534;243;6,458;2,076;-4,382
80589.7;8,533;77;4,351;4,182;-0,169
80320.7;8,521;278;6,660;1,861;-4,799
81059.4;8,519;222;0,547;7,972;7,425
81230.1;8,516;250;4,623;3,893;-0,730
80469.4;8,511;182;5,665;2,846;-2,819
80459.5;8,511;328;0,981;7,530;6,549
81089.3;8,502;115;0,385;8,117;7,732
80352.9;8,498;293;8,109;0,389;-7,720
80862.6;8,496;63;0,025;8,471;8,446
80153.3;8,494;150;8,263;0,231;-8,032
80962.3;8,492;139;5,676;2,816;-2,860
80428.5;8,487;296;1,992;6,495;4,503
80414.4;8,483;230;6,357;2,126;-4,231
80491.6;8,481;238;3,895;4,586;0,691
80279.5;8,472;158;6,825;1,647;-5,178
80372.2;8,469;213;1,881;6,588;4,707
80467.3;8,458;227;5,097;3,361;-1,736
80300.8;8,457;157;5,643;2,814;-2,829
80449.1;8,453;208;7,500;0,953;-6,547
80350.5;8,453;178;3,198;5,255;2,057
80316.2;8,441;331;4,944;3,497;-1,447
80579.6;8,438;116;7,398;1,040;-6,358
80788.0;8,436;39;8,272;0,164;-8,108
80314.3;8,435;247;7,648;0,787;-6,861
81119.5;8,434;142;0,011;8,423;8,412
80760.5;8,433;112;8,433;0,000;-8,433
80391.9;8,421;210;6,628;1,793;-4,835
80543.8;8,413;165;3,024;5,389;2,365
80672.7;8,409;131;5,804;2,605;-3,199
80395.8;8,403;162;1,919;6,484;4,565
80290.8;8,399;263;5,279;3,120;-2,159
80279.9;8,397;177;6,909;1,488;-5,421
80673.9;8,392;114;0,160;8,232;8,072
80267.3;8,391;169;2,287;6,104;3,817
80341.9;8,382;127;6,374;2,008;-4,366
80558.0;8,376;135;0,899;7,477;6,578
80609.9;8,372;85;5,761;2,611;-3,150
81116.5;8,372;129;0,068;8,304;8,236
80520.6;8,366;73;2,039;6,327;4,288
80328.6;8,357;248;1,599;6,758;5,159
80326.0;8,356;513;2,708;5,648;2,940
80563.0;8,347;99;6,890;1,457;-5,433
80658.0;8,344;229;0,337;8,007;7,670
80426.4;8,338;340;2,751;5,587;2,836
80625.9;8,338;250;5,092;3,246;-1,846
80240.3;8,338;164;0,586;7,752;7,166
80417.9;8,337;294;4,402;3,935;-0,467
80543.2;8,336;147;0,279;8,057;7,778
80843.0;8,331;169;0,219;8,112;7,893
80367.4;8,330;237;0,594;7,736;7,142
80349.2;8,328;157;7,615;0,713;-6,902
80888.8;8,327;72;8,227;0,100;-8,127
80650.6;8,326;61;4,214;4,112;-0,102
80201.6;8,321;137;0,005;8,316;8,311
80459.6;8,317;271;4,390;3,927;-0,463
80402.7;8,317;288;2,721;5,596;2,875
80256.2;8,307;204;1,632;6,675;5,043
80379.4;8,299;148;4,693;3,606;-1,087
80297.6;8,294;254;3,754;4,540;0,786
80437.1;8,293;253;1,875;6,418;4,543
80285.1;8,291;192;1,387;6,904;5,517
80333.4;8,289;222;2,715;5,574;2,859
80381.5;8,285;215;4,251;4,034;-0,217
80270.9;8,277;210;4,061;4,216;0,155
80576.8;8,273;187;7,492;0,781;-6,711
80309.5;8,271;152;6,501;1,770;-4,731
80452.2;8,267;202;2,475;5,792;3,317
80249.0;8,265;143;8,138;0,127;-8,011
80148.4;8,260;117;0,665;7,595;6,930
80497.8;8,258;134;1,924;6,334;4,410
80470.3;8,256;194;5,979;2,277;-3,702
80325.4;8,251;232;6,804;1,447;-5,357
80528.0;8,244;219;0,291;7,953;7,662
80490.3;8,236;268;7,122;1,114;-6,008
80529.6;8,235;261;1,830;6,405;4,575
80489.6;8,234;239;3,562;4,672;1,110
80408.1;8,229;239;7,681;0,548;-7,133
80581.1;8,225;131;0,978;7,247;6,269
80305.5;8,218;176;1,147;7,071;5,924
80542.1;8,217;189;0,370;7,847;7,477
80304.8;8,212;155;6,780;1,432;-5,348
81070.0;8,208;188;7,620;0,588;-7,032
80707.3;8,202;78;0,008;8,194;8,186
80730.2;8,201;15;8,193;0,008;-8,185
80467.9;8,201;327;1,109;7,092;5,983
80268.8;8,197;87;7,610;0,587;-7,023
81251.4;8,194;280;0,675;7,519;6,844
80402.3;8,193;283;2,555;5,638;3,083
80338.5;8,192;142;0,179;8,013;7,834
80550.6;8,189;164;1,226;6,963;5,737
80227.7;8,188;251;8,159;0,029;-8,130
80428.3;8,187;323;3,256;4,931;1,675
81050.3;8,187;290;1,590;6,597;5,007
80446.5;8,183;299;0,224;7,959;7,735
80593.8;8,179;115;0,694;7,485;6,791
80331.8;8,175;212;5,291;2,884;-2,407
80288.8;8,166;170;6,878;1,288;-5,590
80384.6;8,164;284;7,195;0,969;-6,226
80439.5;8,163;324;0,751;7,412;6,661
80265.6;8,163;153;0,190;7,973;7,783
80469.6;8,160;263;0,322;7,838;7,516
80684.3;8,158;107;8,155;0,003;-8,152
80387.6;8,158;289;4,647;3,511;-1,136
80482.2;8,157;143;6,008;2,149;-3,859
80441.3;8,155;321;6,776;1,379;-5,397
80418.2;8,149;173;6,030;2,119;-3,911
80402.0;8,148;372;6,156;1,992;-4,164
80556.5;8,139;134;8,121;0,018;-8,103
80457.2;8,122;253;4,194;3,928;-0,266
80314.7;8,109;345;2,068;6,041;3,973
80700.9;8,107;76;0,103;8,004;7,901
80518.0;8,104;250;4,568;3,536;-1,032
80426.1;8,104;340;2,418;5,686;3,268
80502.5;8,096;313;7,951;0,145;-7,806
80153.6;8,090;155;2,988;5,102;2,114
80313.0;8,087;296;3,856;4,231;0,375
81085.2;8,086;149;7,435;0,651;-6,784
80326.1;8,081;319;4,246;3,835;-0,411
80322.9;8,079;274;0,800;7,279;6,479
80508.6;8,078;118;4,519;3,559;-0,960
80466.3;8,074;290;1,702;6,372;4,670
80524.3;8,069;562;0,282;7,787;7,505
80429.9;8,065;287;5,837;2,228;-3,609
80337.2;8,064;328;3,701;4,363;0,662
80484.3;8,063;246;3,488;4,575;1,087
80608.6;8,062;87;7,444;0,618;-6,826
80561.2;8,059;140;0,051;8,008;7,957
80442.4;8,056;253;3,924;4,132;0,208
80614.1;8,054;122;7,544;0,510;-7,034
80502.4;8,051;152;1,309;6,742;5,433
80421.7;8,030;267;6,956;1,074;-5,882
80631.4;8,011;47;1,622;6,389;4,767
80518.8;8,007;286;2,013;5,994;3,981
80296.9;8,000;151;0,193;7,807;7,614
80514.1;7,996;212;1,990;6,006;4,016
80263.6;7,996;178;0,671;7,325;6,654
80499.1;7,987;331;0,339;7,648;7,309
81264.9;7,986;192;7,726;0,260;-7,466
80410.4;7,983;229;5,771;2,212;-3,559
80565.0;7,981;126;7,928;0,053;-7,875
80545.9;7,979;127;3,904;4,075;0,171
80888.7;7,977;114;0,011;7,966;7,955
80497.3;7,975;154;0,251;7,724;7,473
80350.4;7,971;204;6,351;1,620;-4,731
80308.4;7,970;177;3,046;4,924;1,878
80361.7;7,969;275;3,079;4,890;1,811
80472.9;7,963;193;3,920;4,043;0,123
80647.9;7,958;61;6,458;1,500;-4,958
80330.3;7,946;242;4,998;2,948;-2,050
81075.5;7,939;73;0,087;7,852;7,765
80636.6;7,921;195;3,392;4,529;1,137
80459.1;7,918;250;0,861;7,057;6,196
80285.7;7,914;159;3,495;4,419;0,924
80586.3;7,907;172;7,367;0,540;-6,827
80869.3;7,905;136;7,903;0,002;-7,901
80552.1;7,899;164;1,520;6,379;4,859
80874.9;7,894;75;0,003;7,891;7,888
81060.0;7,893;151;2,155;5,738;3,583
81237.6;7,892;168;0,015;7,877;7,862
80379.2;7,889;245;2,320;5,569;3,249
80311.6;7,885;190;6,433;1,452;-4,981
80492.7;7,881;292;2,615;5,266;2,651
80311.3;7,879;194;4,071;3,808;-0,263
80366.6;7,876;306;4,226;3,650;-0,576
80599.0;7,874;103;0,186;7,688;7,502
80482.4;7,874;226;7,103;0,771;-6,332
80310.4;7,872;280;5,073;2,799;-2,274
80660.9;7,866;97;0,266;7,600;7,334
80286.3;7,863;331;6,776;1,087;-5,689
80296.7;7,860;113;0,345;7,515;7,170
80605.0;7,855;258;0,130;7,725;7,595
80490.9;7,855;169;3,215;4,640;1,425
80261.6;7,854;159;7,493;0,361;-7,132
80572.9;7,849;225;7,817;0,032;-7,785
80421.9;7,849;210;5,270;2,579;-2,691
80335.4;7,845;186;0,525;7,320;6,795
80601.0;7,840;188;7,228;0,612;-6,616
81251.8;7,837;239;1,177;6,660;5,483
80445.4;7,836;195;1,058;6,778;5,720
80303.4;7,833;225;2,609;5,224;2,615
80299.8;7,830;317;4,110;3,720;-0,390
80599.5;7,827;61;0,283;7,544;7,261
80429.8;7,820;206;3,076;4,744;1,668
80386.9;7,814;86;7,262;0,552;-6,710
80402.1;7,796;191;5,711;2,085;-3,626
80452.9;7,792;211;3,214;4,578;1,364
80246.8;7,792;64;6,004;1,788;-4,216
80474.7;7,791;179;4,498;3,293;-1,205
80442.6;7,787;278;5,097;2,690;-2,407
80517.3;7,782;95;5,557;2,225;-3,332
81086.5;7,778;189;0,756;7,022;6,266
80219.8;7,775;173;2,569;5,206;2,637
80389.7;7,772;270;4,448;3,324;-1,124
80564.2;7,761;67;6,282;1,479;-4,803
80644.0;7,758;140;7,647;0,111;-7,536
80425.4;7,756;219;7,182;0,574;-6,608
80431.7;7,753;371;3,034;4,719;1,685
80426.3;7,752;254;6,495;1,257;-5,238
80383.0;7,735;212;2,346;5,389;3,043
80187.9;7,732;93;7,724;0,008;-7,716
80526.1;7,718;93;3,367;4,351;0,984
80638.1;7,717;72;7,699;0,018;-7,681
80444.8;7,710;233;4,995;2,715;-2,280
80448.8;7,701;214;5,928;1,773;-4,155
80527.0;7,700;109;3,768;3,932;0,164
80356.8;7,696;383;3,947;3,749;-0,198
80382.4;7,689;233;6,553;1,136;-5,417
80321.9;7,687;214;4,464;3,223;-1,241
80960.1;7,685;154;5,718;1,967;-3,751
80468.8;7,683;330;5,394;2,289;-3,105
80731.1;7,662;61;7,651;0,011;-7,640
80476.7;7,654;270;4,717;2,937;-1,780
80930.0;7,646;114;7,363;0,283;-7,080
80908.0;7,645;175;1,817;5,828;4,011
80464.8;7,638;362;3,007;4,631;1,624
80892.8;7,638;57;7,595;0,043;-7,552
80359.3;7,632;194;3,421;4,211;0,790
80311.7;7,631;193;5,680;1,951;-3,729
80634.8;7,630;117;0,634;6,996;6,362
80383.2;7,626;201;2,457;5,169;2,712
80483.9;7,624;161;5,806;1,818;-3,988
80421.1;7,624;202;3,786;3,838;0,052
80689.1;7,616;139;0,010;7,606;7,596
80502.7;7,610;182;2,307;5,303;2,996
80438.1;7,610;291;1,509;6,101;4,592
80340.8;7,610;237;3,648;3,962;0,314
80747.9;7,608;36;7,606;0,002;-7,604
80524.0;7,603;253;1,545;6,058;4,513
80487.7;7,601;212;6,147;1,454;-4,693
80573.6;7,598;143;5,971;1,627;-4,344
81039.3;7,596;169;6,316;1,280;-5,036
80666.9;7,588;125;0,840;6,748;5,908
80238.9;7,578;248;4,763;2,815;-1,948
80290.3;7,572;206;3,293;4,279;0,986
80360.5;7,568;190;4,067;3,501;-0,566
80466.5;7,565;206;0,946;6,619;5,673
80333.5;7,564;375;5,762;1,802;-3,960
80550.5;7,556;164;6,266;1,290;-4,976
80596.6;7,550;187;0,338;7,212;6,874
80433.4;7,550;175;4,517;3,033;-1,484
81076.4;7,549;108;6,531;1,018;-5,513
80355.8;7,547;271;3,610;3,937;0,327
80514.2;7,541;167;2,731;4,810;2,079
80336.6;7,540;195;6,778;0,762;-6,016
80497.7;7,508;161;2,230;5,278;3,048
80424.7;7,507;179;2,229;5,278;3,049
80251.7;7,496;115;6,639;0,857;-5,782
80407.8;7,493;163;2,628;4,865;2,237
80432.4;7,489;222;4,013;3,476;-0,537
80415.9;7,487;220;6,841;0,646;-6,195
81152.9;7,486;123;6,519;0,967;-5,552
81039.8;7,484;223;6,739;0,745;-5,994
80361.0;7,482;259;6,746;0,736;-6,010
80679.6;7,481;159;0,009;7,472;7,463
80500.5;7,478;166;5,111;2,367;-2,744
80417.6;7,475;232;3,989;3,486;-0,503
80587.2;7,468;73;6,356;1,112;-5,244
80544.1;7,465;171;5,176;2,289;-2,887
81251.7;7,459;236;4,972;2,487;-2,485
80467.4;7,452;266;1,624;5,828;4,204
80453.1;7,450;252;3,314;4,136;0,822
80318.6;7,430;177;4,090;3,340;-0,750
81077.8;7,425;271;0,027;7,398;7,371
80559.7;7,423;230;3,753;3,670;-0,083
81136.7;7,423;85;7,421;0,002;-7,419
80192.6;7,422;94;6,784;0,638;-6,146
80625.0;7,417;207;2,433;4,984;2,551
80579.1;7,416;89;3,582;3,834;0,252
80433.6;7,416;234;4,121;3,295;-0,826
80435.6;7,409;297;4,044;3,365;-0,679
80336.8;7,409;310;2,245;5,164;2,919
80146.3;7,401;121;7,373;0,028;-7,345
80947.8;7,395;104;7,372;0,023;-7,349
80573.7;7,394;270;2,126;5,268;3,142
80208.5;7,394;103;2,196;5,198;3,002
80452.3;7,391;161;4,626;2,765;-1,861
81127.4;7,378;77;1,057;6,321;5,264
80296.5;7,374;179;5,191;2,183;-3,008
80653.1;7,373;132;7,259;0,114;-7,145
80381.8;7,370;263;1,363;6,007;4,644
80502.3;7,370;217;3,681;3,689;0,008
81216.0;7,370;77;6,397;0,973;-5,424
80571.9;7,368;142;4,936;2,432;-2,504
80281.9;7,365;174;1,860;5,505;3,645
80419.5;7,364;291;6,172;1,192;-4,980
80339.5;7,350;406;0,452;6,898;6,446
80338.7;7,349;300;0,594;6,755;6,161
80543.0;7,346;156;2,884;4,462;1,578
80343.1;7,346;202;4,608;2,738;-1,870
80669.4;7,342;51;7,254;0,088;-7,166
80285.2;7,340;110;6,686;0,654;-6,032
80278.6;7,333;177;5,403;1,930;-3,473
80340.6;7,323;191;1,323;6,000;4,677
80658.5;7,304;53;5,762;1,542;-4,220
80438.6;7,303;118;2,758;4,545;1,787
81103.8;7,303;61;7,301;0,002;-7,299
80491.5;7,298;213;4,961;2,337;-2,624
80460.2;7,294;358;3,762;3,532;-0,230
80451.6;7,290;205;6,374;0,916;-5,458
80538.6;7,277;163;3,886;3,391;-0,495
80248.8;7,276;232;5,795;1,481;-4,314
80337.0;7,271;319;5,559;1,712;-3,847
81265.7;7,269;222;7,267;0,002;-7,265
80382.7;7,268;402;3,896;3,372;-0,524
80471.6;7,267;213;1,781;5,486;3,705
80409.4;7,267;188;6,105;1,162;-4,943
80592.6;7,265;101;5,548;1,717;-3,831
80277.8;7,260;174;5,527;1,733;-3,794
80508.7;7,259;155;4,295;2,964;-1,331
80477.9;7,254;328;4,216;3,038;-1,178
80343.9;7,254;252;1,485;5,769;4,284
80514.0;7,252;206;4,166;3,086;-1,080
80407.7;7,252;229;4,250;3,002;-1,248
80532.1;7,248;89;0,574;6,674;6,100
80270.7;7,248;213;5,845;1,403;-4,442
80281.2;7,247;193;2,733;4,514;1,781
80246.5;7,240;166;4,620;2,620;-2,000
80461.8;7,239;331;4,872;2,367;-2,505
80291.8;7,239;186;1,915;5,324;3,409
80478.9;7,236;187;1,554;5,682;4,128
81265.1;7,231;119;1,855;5,376;3,521
80487.2;7,223;250;5,774;1,449;-4,325
80390.1;7,219;233;2,508;4,711;2,203
80452.4;7,218;256;3,940;3,278;-0,662
81248.2;7,214;88;4,706;2,508;-2,198
80166.0;7,208;78;5,993;1,215;-4,778
80277.5;7,200;214;1,719;5,481;3,762
80485.9;7,193;175;1,737;5,456;3,719
80499.6;7,182;117;6,754;0,428;-6,326
80514.5;7,182;66;7,019;0,163;-6,856
80417.2;7,180;259;4,350;2,830;-1,520
80571.5;7,178;145;2,759;4,419;1,660
80485.3;7,174;212;5,195;1,979;-3,216
80371.1;7,174;154;1,468;5,706;4,238
80742.6;7,169;98;0,373;6,796;6,423
80615.2;7,168;191;4,918;2,250;-2,668
80466.4;7,167;212;2,451;4,716;2,265
80565.9;7,165;255;1,066;6,099;5,033
80235.0;7,165;270;5,209;1,956;-3,253
80319.0;7,156;262;2,670;4,486;1,816
81071.9;7,154;177;6,386;0,768;-5,618
80407.9;7,153;198;5,796;1,357;-4,439
81235.2;7,147;46;0,014;7,133;7,119
80630.8;7,145;333;4,025;3,120;-0,905
80443.6;7,142;401;3,845;3,297;-0,548
80439.6;7,137;261;4,268;2,869;-1,399
80499.7;7,136;201;5,032;2,104;-2,928
80442.8;7,133;366;5,629;1,504;-4,125
80355.7;7,132;254;6,004;1,128;-4,876
80234.7;7,124;136;1,252;5,872;4,620
80437.8;7,123;304;2,604;4,519;1,915
80530.9;7,117;61;2,937;4,180;1,243
80299.6;7,114;179;1,819;5,295;3,476
80417.0;7,108;318;4,664;2,444;-2,220
80607.5;7,101;88;0,042;7,059;7,017
80438.2;7,100;347;1,480;5,620;4,140
80387.5;7,097;387;1,532;5,565;4,033
81230.0;7,096;106;6,028;1,068;-4,960
80590.5;7,090;57;6,937;0,153;-6,784
80358.6;7,089;287;2,389;4,700;2,311
80398.8;7,088;320;6,242;0,846;-5,396
80497.2;7,083;247;3,184;3,899;0,715
80475.2;7,083;315;4,125;2,958;-1,167
80693.1;7,076;88;1,095;5,981;4,886
80347.1;7,073;261;5,435;1,638;-3,797
80515.0;7,071;251;4,546;2,525;-2,021
80441.8;7,067;324;3,497;3,570;0,073
80225.5;7,061;73;5,634;1,427;-4,207
80454.4;7,058;264;2,023;5,035;3,012
80455.7;7,057;286;4,057;3,000;-1,057
80503.1;7,051;296;3,665;3,386;-0,279
80397.6;7,051;206;2,377;4,674;2,297
80396.3;7,048;107;2,509;4,539;2,030
81184.5;7,046;56;6,611;0,435;-6,176
81076.6;7,041;327;1,827;5,214;3,387
80406.0;7,036;372;4,148;2,888;-1,260
80376.3;7,033;289;1,027;6,006;4,979
81065.0;7,031;145;2,123;4,908;2,785
80393.9;7,030;249;6,589;0,441;-6,148
80675.5;7,029;161;0,008;7,021;7,013
80342.7;7,026;282;3,292;3,734;0,442
80491.4;7,025;264;2,296;4,729;2,433
80651.0;7,024;94;6,238;0,786;-5,452
80522.1;7,014;54;5,868;1,146;-4,722
80318.7;7,012;234;1,793;5,219;3,426
80305.9;7,000;274;3,358;3,642;0,284
80254.0;6,997;200;5,070;1,927;-3,143
80552.8;6,995;89;3,061;3,934;0,873
80451.2;6,993;219;1,387;5,606;4,219
80515.7;6,990;100;5,354;1,636;-3,718
80458.4;6,989;269;1,882;5,107;3,225
81251.3;6,987;220;6,773;0,214;-6,559
80516.2;6,981;135;4,211;2,770;-1,441
81093.4;6,979;23;6,878;0,101;-6,777
81040.1;6,974;196;0,397;6,577;6,180
80496.3;6,965;117;0,604;6,361;5,757
81099.1;6,965;111;6,825;0,140;-6,685
81231.4;6,950;92;0,129;6,821;6,692
80280.7;6,946;225;2,133;4,813;2,680
80489.0;6,945;255;3,396;3,549;0,153
80220.0;6,942;299;4,807;2,135;-2,672
80513.1;6,941;92;0,120;6,821;6,701
80471.2;6,937;247;5,340;1,597;-3,743
80560.2;6,936;53;6,265;0,671;-5,594
81232.8;6,931;47;0,037;6,894;6,857
80346.8;6,928;204;5,132;1,796;-3,336
80649.9;6,921;97;1,398;5,523;4,125
80467.0;6,918;153;3,279;3,639;0,360
80515.3;6,911;245;1,531;5,380;3,849
80371.9;6,910;213;3,193;3,717;0,524
80660.0;6,909;220;3,607;3,302;-0,305
80874.5;6,908;155;6,908;0,000;-6,908
80518.1;6,907;209;0,426;6,481;6,055
80482.3;6,907;203;6,576;0,331;-6,245
80271.4;6,904;155;4,191;2,713;-1,478
80386.6;6,902;136;4,695;2,207;-2,488
80198.0;6,900;130;5,865;1,035;-4,830
80530.8;6,899;86;6,329;0,570;-5,759
80234.3;6,898;169;6,754;0,144;-6,610
80381.0;6,894;140;1,903;4,991;3,088
80397.3;6,888;101;4,290;2,598;-1,692
80409.8;6,880;307;1,385;5,495;4,110
80195.1;6,877;74;6,872;0,005;-6,867
80760.2;6,875;27;6,872;0,003;-6,869
80398.6;6,875;205;3,162;3,713;0,551
80300.6;6,875;191;5,721;1,154;-4,567
80233.4;6,872;76;0,105;6,767;6,662
80716.5;6,870;106;6,847;0,023;-6,824
80605.3;6,868;150;0,122;6,746;6,624
80214.7;6,865;111;5,829;1,036;-4,793
80185.5;6,862;78;5,975;0,887;-5,088
80380.5;6,859;309;6,130;0,729;-5,401
81217.8;6,857;139;6,816;0,041;-6,775
80685.8;6,856;111;0,530;6,326;5,796
80356.3;6,855;233;0,095;6,760;6,665
80680.0;6,842;133;4,565;2,277;-2,288
80367.5;6,842;345;2,943;3,899;0,956
80324.9;6,833;191;2,045;4,788;2,743
80385.0;6,832;351;4,759;2,073;-2,686
80548.8;6,830;93;0,346;6,484;6,138
80432.5;6,817;372;3,030;3,787;0,757
81127.6;6,817;99;6,312;0,505;-5,807
80877.4;6,804;120;0,012;6,792;6,780
80649.4;6,803;23;6,796;0,007;-6,789
80613.6;6,803;29;2,821;3,982;1,161
80546.5;6,799;54;5,890;0,909;-4,981
80439.4;6,798;321;5,301;1,497;-3,804
80534.8;6,798;115;6,647;0,151;-6,496
80273.6;6,795;210;6,129;0,666;-5,463
80407.2;6,792;203;0,414;6,378;5,964
80707.6;6,784;56;6,490;0,294;-6,196
80380.6;6,782;234;2,078;4,704;2,626
80920.3;6,781;124;0,009;6,772;6,763
80506.1;6,776;206;2,533;4,243;1,710
80565.1;6,775;180;0,578;6,197;5,619
80591.8;6,774;125;0,049;6,725;6,676
80548.7;6,773;106;2,784;3,989;1,205
80167.6;6,768;50;6,767;0,001;-6,766
80399.6;6,767;156;0,877;5,890;5,013
81117.5;6,766;234;4,398;2,368;-2,030
80261.2;6,754;47;6,745;0,009;-6,736
81268.0;6,749;109;0,145;6,604;6,459
80490.4;6,740;171;2,999;3,741;0,742
80447.8;6,740;179;2,562;4,178;1,616
80392.5;6,735;281;2,414;4,321;1,907
80229.2;6,735;99;6,662;0,073;-6,589
80377.0;6,734;243;3,558;3,176;-0,382
80377.5;6,733;297;4,311;2,422;-1,889
81064.0;6,732;104;0,233;6,499;6,266
80338.9;6,726;144;2,714;4,012;1,298
80675.4;6,724;79;6,721;0,003;-6,718
80417.4;6,718;331;3,246;3,472;0,226
80393.0;6,709;163;5,935;0,774;-5,161
80578.1;6,707;178;3,108;3,599;0,491
80241.4;6,705;162;6,194;0,511;-5,683
80488.8;6,695;230;3,530;3,165;-0,365
81069.9;6,689;145;0,119;6,570;6,451
80399.8;6,683;343;5,511;1,172;-4,339
80111.1;6,683;94;0,895;5,788;4,893
80365.7;6,679;273;4,752;1,927;-2,825
80653.0;6,675;81;6,302;0,373;-5,929
80868.6;6,674;24;0,002;6,672;6,670
80356.1;6,669;291;4,882;1,787;-3,095
81281.4;6,668;147;0,050;6,618;6,568
80367.8;6,667;238;3,919;2,748;-1,171
81178.6;6,665;74;6,663;0,002;-6,661
81158.1;6,664;125;0,066;6,598;6,532
80362.9;6,663;165;4,383;2,280;-2,103
80180.6;6,646;97;6,480;0,166;-6,314
80300.7;6,645;165;3,670;2,975;-0,695
80512.5;6,638;148;0,940;5,698;4,758
80272.2;6,629;273;1,947;4,682;2,735
80700.3;6,607;90;6,574;0,033;-6,541
80231.6;6,599;97;5,545;1,054;-4,491
80422.9;6,594;236;4,556;2,038;-2,518
80925.8;6,593;99;6,587;0,006;-6,581
80709.2;6,591;118;6,404;0,187;-6,217
80664.5;6,589;135;5,500;1,089;-4,411
80276.6;6,588;230;6,372;0,216;-6,156
80345.4;6,587;174;1,162;5,425;4,263
80560.3;6,581;84;1,828;4,753;2,925
80414.0;6,578;379;3,243;3,335;0,092
80869.5;6,572;74;0,402;6,170;5,768
80412.3;6,571;190;5,894;0,677;-5,217
80565.2;6,568;99;1,402;5,166;3,764
80510.5;6,568;132;0,931;5,637;4,706
80267.8;6,566;240;1,047;5,519;4,472
80390.8;6,564;322;1,977;4,587;2,610
80592.3;6,556;73;1,350;5,206;3,856
80503.0;6,556;230;5,021;1,535;-3,486
80222.6;6,555;141;1,031;5,524;4,493
80374.5;6,544;190;2,108;4,436;2,328
80413.4;6,543;252;3,273;3,270;-0,003
80537.1;6,540;91;3,928;2,612;-1,316
80312.5;6,539;440;3,512;3,027;-0,485
80313.9;6,538;217;5,242;1,296;-3,946
80507.8;6,537;179;3,435;3,102;-0,333
80381.2;6,537;194;2,095;4,442;2,347
80436.6;6,535;233;3,822;2,713;-1,109
80251.4;6,535;50;6,509;0,026;-6,483
80845.8;6,529;55;6,132;0,397;-5,735
80398.0;6,528;219;2,912;3,616;0,704
80281.3;6,526;129;1,145;5,381;4,236
80628.9;6,518;40;5,996;0,522;-5,474
80406.1;6,518;246;5,949;0,569;-5,380
81065.4;6,515;128;6,466;0,049;-6,417
80330.7;6,514;303;2,508;4,006;1,498
81035.0;6,510;146;3,284;3,226;-0,058
80600.3;6,509;229;0,275;6,234;5,959
80504.0;6,503;378;0,968;5,535;4,567
80693.2;6,496;88;6,273;0,223;-6,050
80547.8;6,495;82;1,845;4,650;2,805
80588.4;6,494;148;5,669;0,825;-4,844
80341.1;6,491;190;2,619;3,872;1,253
81010.3;6,487;52;5,837;0,650;-5,187
80327.4;6,477;146;4,257;2,220;-2,037
80418.7;6,475;278;2,537;3,938;1,401
80406.3;6,472;177;5,294;1,178;-4,116
80318.5;6,471;167;1,927;4,544;2,617
80295.4;6,470;125;3,116;3,354;0,238
80570.6;6,467;140;4,647;1,820;-2,827
80327.2;6,467;186;3,467;3,000;-0,467
81094.4;6,463;266;0,384;6,079;5,695
80277.3;6,462;98;6,375;0,087;-6,288
80589.2;6,453;228;1,341;5,112;3,771
80403.7;6,449;233;2,556;3,893;1,337
80626.3;6,443;215;3,309;3,134;-0,175
80828.1;6,443;77;0,399;6,044;5,645
80567.4;6,438;169;1,484;4,954;3,470
80394.2;6,436;99;1,244;5,192;3,948
80403.0;6,434;108;6,157;0,277;-5,880
80569.5;6,433;112;4,546;1,887;-2,659
81176.5;6,432;203;6,285;0,147;-6,138
80466.7;6,431;224;0,707;5,724;5,017
80915.0;6,431;118;6,355;0,076;-6,279
81198.6;6,428;80;0,001;6,427;6,426
80372.3;6,427;237;5,742;0,685;-5,057
80377.3;6,425;223;4,165;2,260;-1,905
80371.6;6,421;147;3,203;3,218;0,015
80646.2;6,420;14;6,413;0,007;-6,406
80358.5;6,418;247;4,577;1,841;-2,736
80292.7;6,417;148;0,218;6,199;5,981
80263.3;6,415;259;1,702;4,713;3,011
81287.2;6,412;56;6,259;0,153;-6,106
80620.6;6,408;146;0,019;6,389;6,370
80224.9;6,406;79;4,320;2,086;-2,234
80626.7;6,405;59;2,210;4,195;1,985
80639.8;6,404;22;6,399;0,005;-6,394
80631.8;6,400;92;2,270;4,130;1,860
80402.4;6,399;169;2,913;3,486;0,573
80448.7;6,399;170;1,073;5,326;4,253
80278.5;6,398;234;1,686;4,712;3,026
81225.4;6,396;166;4,206;2,190;-2,016
80386.2;6,390;153;6,173;0,217;-5,956
80427.1;6,380;288;3,609;2,771;-0,838
81137.0;6,377;94;5,644;0,733;-4,911
80887.2;6,376;91;0,006;6,370;6,364
80229.9;6,371;225;6,071;0,300;-5,771
80610.3;6,368;186;6,201;0,167;-6,034
81154.5;6,363;99;2,385;3,978;1,593
80688.0;6,357;85;0,942;5,415;4,473
81064.3;6,353;65;4,222;2,131;-2,091
80312.9;6,352;232;6,093;0,259;-5,834
80576.3;6,349;70;4,333;2,016;-2,317
80366.1;6,349;212;0,533;5,816;5,283
80626.2;6,342;109;5,625;0,717;-4,908
80159.4;6,340;93;0,013;6,327;6,314
80638.3;6,339;28;6,099;0,240;-5,859
80590.7;6,335;156;0,395;5,940;5,545
80404.3;6,330;131;4,181;2,149;-2,032
80291.7;6,323;125;4,874;1,449;-3,425
81049.4;6,315;131;5,917;0,398;-5,519
80278.3;6,314;157;0,404;5,910;5,506
80523.9;6,312;133;5,839;0,473;-5,366
80667.0;6,308;152;1,473;4,835;3,362
80340.3;6,300;204;1,459;4,841;3,382
81215.1;6,285;65;0,005;6,280;6,275
80517.5;6,284;147;1,203;5,081;3,878
80630.9;6,281;135;0,007;6,274;6,267
80390.7;6,279;198;5,945;0,334;-5,611
81294.5;6,277;229;5,806;0,471;-5,335
80568.5;6,275;161;5,457;0,818;-4,639
80259.8;6,275;135;5,116;1,159;-3,957
80890.1;6,273;166;6,065;0,208;-5,857
80395.7;6,267;219;4,065;2,202;-1,863
80447.6;6,264;239;2,288;3,976;1,688
80392.1;6,263;202;4,339;1,924;-2,415
80594.8;6,258;89;1,765;4,493;2,728
80478.8;6,257;118;5,074;1,183;-3,891
80384.8;6,254;209;2,813;3,441;0,628
80584.3;6,250;113;0,985;5,265;4,280
80416.5;6,249;227;2,332;3,917;1,585
80813.9;6,249;132;6,249;0,000;-6,249
80558.7;6,246;218;1,268;4,978;3,710
80451.8;6,244;284;5,719;0,525;-5,194
80554.8;6,243;106;1,476;4,767;3,291
80483.2;6,241;144;0,387;5,854;5,467
80397.4;6,234;135;0,792;5,442;4,650
80274.6;6,233;276;1,839;4,394;2,555
80887.1;6,229;96;3,626;2,603;-1,023
80362.4;6,227;344;0,521;5,706;5,185
80365.5;6,221;268;2,545;3,676;1,131
80363.6;6,218;179;4,839;1,379;-3,460
80262.3;6,217;99;6,212;0,005;-6,207
80302.7;6,216;181;2,441;3,775;1,334
80319.5;6,212;189;2,508;3,704;1,196
80502.8;6,210;130;0,267;5,943;5,676
80441.0;6,207;231;4,230;1,977;-2,253
80425.5;6,207;172;1,441;4,766;3,325
80343.7;6,198;218;1,696;4,502;2,806
80397.8;6,193;119;1,321;4,872;3,551
80275.6;6,187;219;2,911;3,276;0,365
80350.9;6,185;136;3,776;2,409;-1,367
80700.6;6,181;50;0,009;6,172;6,163
80248.9;6,174;276;0,042;6,132;6,090
80148.3;6,173;118;3,751;2,422;-1,329
80560.5;6,172;114;0,446;5,726;5,280
81275.5;6,168;164;0,051;6,117;6,066
80263.1;6,167;124;5,579;0,588;-4,991
80420.2;6,165;341;0,868;5,297;4,429
80513.3;6,156;99;4,783;1,373;-3,410
80407.1;6,155;217;0,757;5,398;4,641
80295.8;6,153;185;2,100;4,053;1,953
80285.9;6,148;154;4,914;1,234;-3,680
80255.0;6,147;236;4,027;2,120;-1,907
80660.1;6,144;138;5,378;0,766;-4,612
81226.5;6,143;63;0,014;6,129;6,115
80591.5;6,136;119;5,136;1,000;-4,136
81209.9;6,136;146;0,004;6,132;6,128
80563.5;6,133;120;0,873;5,260;4,387
81272.1;6,133;83;1,449;4,684;3,235
80647.7;6,131;73;0,009;6,122;6,113
80222.7;6,128;162;1,920;4,208;2,288
80315.7;6,127;229;1,580;4,547;2,967
81037.9;6,126;160;5,476;0,650;-4,826
80297.7;6,124;180;2,074;4,050;1,976
80226.5;6,117;247;0,121;5,996;5,875
80582.1;6,114;145;5,045;1,069;-3,976
80484.0;6,114;395;2,360;3,754;1,394
80387.0;6,111;141;2,687;3,424;0,737
81086.1;6,108;130;4,823;1,285;-3,538
80293.0;6,106;167;2,625;3,481;0,856
80280.6;6,093;188;5,704;0,389;-5,315
80542.0;6,092;183;5,043;1,049;-3,994
80554.3;6,091;63;1,011;5,080;4,069
80151.2;6,088;90;6,085;0,003;-6,082
80551.0;6,087;106;3,291;2,796;-0,495
80479.4;6,084;237;5,832;0,252;-5,580
80404.4;6,081;244;1,849;4,232;2,383
80154.0;6,081;98;5,143;0,938;-4,205
80399.4;6,069;169;4,649;1,420;-3,229
80515.8;6,062;132;2,727;3,335;0,608
80484.2;6,058;303;0,624;5,434;4,810
81287.7;6,056;107;6,051;0,005;-6,046
80504.3;6,048;159;1,626;4,422;2,796
81075.4;6,046;89;5,626;0,420;-5,206
80667.1;6,043;69;0,071;5,972;5,901
80726.3;6,041;87;6,040;0,001;-6,039
80955.1;6,039;100;5,387;0,652;-4,735
81234.7;6,035;130;5,538;0,497;-5,041
80151.3;6,034;118;0,122;5,912;5,790
80668.2;6,022;72;0,217;5,805;5,588
80484.1;6,018;229;1,379;4,639;3,260
80938.4;6,010;374;3,016;2,994;-0,022
80329.5;6,006;138;4,330;1,676;-2,654
80286.6;6,005;211;4,895;1,110;-3,785
80599.3;6,004;91;2,053;3,951;1,898
80537.7;6,004;122;1,496;4,508;3,012
80556.2;5,997;65;0,046;5,951;5,905
80223.0;5,995;116;0,516;5,479;4,963
80431.9;5,992;180;3,944;2,048;-1,896
80375.7;5,990;199;3,776;2,214;-1,562
80431.2;5,989;172;4,022;1,967;-2,055
80824.0;5,983;71;0,120;5,863;5,743
80561.4;5,974;49;2,902;3,072;0,170
80486.9;5,973;238;2,370;3,603;1,233
80352.8;5,969;176;2,526;3,443;0,917
80663.2;5,965;17;5,955;0,010;-5,945
80386.4;5,962;186;0,480;5,482;5,002
80613.1;5,955;76;3,108;2,847;-0,261
80240.8;5,954;101;5,755;0,199;-5,556
80684.2;5,952;48;5,917;0,035;-5,882
81080.7;5,949;62;5,945;0,004;-5,941
80634.6;5,946;44;1,343;4,603;3,260
80599.8;5,946;133;2,848;3,098;0,250
80868.2;5,939;64;3,701;2,238;-1,463
80259.0;5,928;143;5,878;0,050;-5,828
80348.7;5,926;158;0,810;5,116;4,306
80190.8;5,922;55;5,914;0,008;-5,906
80120.0;5,919;53;5,795;0,124;-5,671
80236.0;5,914;200;2,009;3,905;1,896
80265.7;5,911;110;5,358;0,553;-4,805
80404.5;5,910;243;3,859;2,051;-1,808
80519.5;5,908;70;3,440;2,468;-0,972
80293.5;5,906;138;1,273;4,633;3,360
80532.2;5,904;132;2,074;3,830;1,756
80165.3;5,904;74;0,099;5,805;5,706
80441.1;5,903;181;2,399;3,504;1,105
80613.2;5,900;30;5,424;0,476;-4,948
80392.4;5,897;107;3,647;2,250;-1,397
80241.9;5,896;67;5,487;0,409;-5,078
80514.6;5,892;71;3,027;2,865;-0,162
80236.7;5,892;115;0,383;5,509;5,126
80528.4;5,891;97;4,865;1,026;-3,839
81060.8;5,891;60;3,719;2,172;-1,547
80327.9;5,888;271;3,078;2,810;-0,268
80545.2;5,880;202;0,549;5,331;4,782
81062.0;5,872;101;1,523;4,349;2,826
80239.5;5,866;72;1,024;4,842;3,818
80501.5;5,864;203;5,275;0,589;-4,686
80573.9;5,863;84;2,741;3,122;0,381
81073.3;5,853;131;5,779;0,074;-5,705
80294.9;5,849;158;1,840;4,009;2,169
80282.2;5,845;71;5,016;0,829;-4,187
80278.2;5,843;99;4,037;1,806;-2,231
80580.2;5,840;122;4,692;1,148;-3,544
80524.5;5,838;110;3,205;2,633;-0,572
80673.5;5,837;12;5,576;0,261;-5,315
80607.4;5,836;112;5,642;0,194;-5,448
80275.8;5,834;295;4,279;1,555;-2,724
80358.8;5,832;300;2,206;3,626;1,420
80446.3;5,830;134;2,072;3,758;1,686
80478.5;5,829;235;0,355;5,474;5,119
80460.8;5,828;276;1,905;3,923;2,018
81001.0;5,824;148;2,678;3,146;0,468
80494.2;5,823;211;1,714;4,109;2,395
80382.9;5,817;219;4,074;1,743;-2,331
80393.1;5,815;212;4,993;0,822;-4,171
80381.9;5,811;241;4,903;0,908;-3,995
80920.2;5,809;96;5,722;0,087;-5,635
80351.3;5,803;228;2,454;3,349;0,895
80433.5;5,802;271;1,176;4,626;3,450
80319.4;5,798;191;2,231;3,567;1,336
80451.3;5,796;217;4,301;1,495;-2,806
80217.0;5,794;148;0,538;5,256;4,718
80450.7;5,790;229;1,385;4,405;3,020
80151.0;5,790;81;2,841;2,949;0,108
80498.3;5,788;196;2,814;2,974;0,160
80291.1;5,784;210;3,427;2,357;-1,070
80413.3;5,781;268;4,736;1,045;-3,691
80378.9;5,776;243;0,140;5,636;5,496
80912.0;5,775;41;5,759;0,016;-5,743
80359.6;5,771;202;2,897;2,874;-0,023
81035.6;5,770;108;0,187;5,583;5,396
80950.1;5,759;69;0,706;5,053;4,347
80668.1;5,758;76;5,516;0,242;-5,274
80479.2;5,756;189;2,662;3,094;0,432
81187.9;5,755;114;5,750;0,005;-5,745
80191.0;5,748;140;0,148;5,600;5,452
80271.5;5,746;212;5,451;0,295;-5,156
80357.0;5,745;193;2,444;3,301;0,857
80278.4;5,742;138;1,726;4,016;2,290
80524.6;5,739;94;2,491;3,248;0,757
80574.2;5,737;82;0,238;5,499;5,261
80269.3;5,737;134;3,194;2,543;-0,651
81236.9;5,735;58;0,101;5,634;5,533
80490.7;5,732;96;3,316;2,416;-0,900
80447.1;5,731;236;3,456;2,275;-1,181
81087.6;5,729;130;5,714;0,015;-5,699
80431.8;5,727;208;2,870;2,857;-0,013
80666.8;5,725;126;5,389;0,336;-5,053
80437.2;5,724;167;4,023;1,701;-2,322
80500.7;5,718;106;4,923;0,795;-4,128
80443.2;5,718;155;1,525;4,193;2,668
80439.2;5,717;247;0,932;4,785;3,853
80121.2;5,713;57;0,000;5,713;5,713
80471.4;5,708;179;2,898;2,810;-0,088
80293.8;5,708;194;2,781;2,927;0,146
80614.9;5,707;55;3,020;2,687;-0,333
80262.4;5,704;219;1,066;4,638;3,572
80648.4;5,701;62;0,325;5,376;5,051
80504.9;5,695;227;2,809;2,886;0,077
81040.5;5,693;87;5,648;0,045;-5,603
80479.1;5,686;227;5,030;0,656;-4,374
80385.7;5,686;200;2,960;2,726;-0,234
80159.2;5,684;47;5,482;0,202;-5,280
80559.9;5,680;101;2,736;2,944;0,208
80282.7;5,680;265;0,500;5,180;4,680
81207.9;5,678;95;4,831;0,847;-3,984
80309.4;5,677;170;3,033;2,644;-0,389
80321.7;5,671;205;4,995;0,676;-4,319
80289.5;5,669;148;2,684;2,985;0,301
80301.6;5,668;216;2,543;3,125;0,582
81222.7;5,663;15;0,006;5,657;5,651
80353.8;5,662;257;3,700;1,962;-1,738
80368.6;5,660;209;1,710;3,950;2,240
80962.8;5,658;142;5,237;0,421;-4,816
81197.1;5,656;76;5,577;0,079;-5,498
80494.3;5,653;158;3,556;2,097;-1,459
81124.9;5,653;42;0,014;5,639;5,625
80371.5;5,651;168;3,257;2,394;-0,863
80572.0;5,647;291;0,878;4,769;3,891
80499.4;5,647;194;5,086;0,561;-4,525
80379.3;5,643;187;3,519;2,124;-1,395
81042.2;5,641;61;0,009;5,632;5,623
80510.4;5,639;241;2,866;2,773;-0,093
80409.7;5,638;183;1,315;4,323;3,008
80626.4;5,636;131;0,004;5,632;5,628
81292.2;5,635;99;0,033;5,602;5,569
80412.4;5,628;253;1,248;4,380;3,132
80273.9;5,627;164;0,083;5,544;5,461
80429.2;5,622;171;2,387;3,235;0,848
80696.7;5,617;180;0,004;5,613;5,609
81140.9;5,617;104;5,617;0,000;-5,617
81249.7;5,614;134;5,274;0,340;-4,934
80588.1;5,606;72;1,152;4,454;3,302
80337.4;5,605;98;0,818;4,787;3,969
81058.8;5,600;87;0,058;5,542;5,484
80419.6;5,597;279;1,684;3,913;2,229
80564.9;5,593;103;1,804;3,789;1,985
80448.6;5,593;191;1,256;4,337;3,081
80579.3;5,584;58;1,780;3,804;2,024
80242.1;5,584;85;4,861;0,723;-4,138
80219.6;5,583;82;0,667;4,916;4,249
80297.5;5,578;225;1,433;4,145;2,712
81247.0;5,576;227;0,193;5,383;5,190
80333.6;5,566;214;4,349;1,217;-3,132
80657.2;5,561;52;0,299;5,262;4,963
80385.3;5,561;111;5,461;0,100;-5,361
80163.8;5,559;29;5,527;0,032;-5,495
80584.5;5,556;145;1,338;4,218;2,880
80434.8;5,553;243;0,756;4,797;4,041
80244.4;5,553;137;1,508;4,045;2,537
80335.6;5,552;155;0,525;5,027;4,502
80591.1;5,551;114;0,987;4,564;3,577
80633.5;5,550;80;4,972;0,578;-4,394
81055.9;5,549;199;1,674;3,875;2,201
80574.9;5,547;92;3,821;1,726;-2,095
80363.5;5,545;216;0,718;4,827;4,109
81120.0;5,544;152;4,327;1,217;-3,110
80982.6;5,543;108;0,003;5,540;5,537
80543.6;5,538;89;0,465;5,073;4,608
80155.0;5,537;59;4,125;1,412;-2,713
80306.1;5,533;173;1,366;4,167;2,801
80509.7;5,532;156;3,747;1,785;-1,962
80424.5;5,529;151;3,704;1,825;-1,879
80692.7;5,525;37;0,065;5,460;5,395
80339.4;5,519;218;3,132;2,387;-0,745
80338.8;5,518;150;3,981;1,537;-2,444
80167.0;5,516;81;1,318;4,198;2,880
80512.3;5,515;103;0,832;4,683;3,851
80405.8;5,511;225;2,012;3,499;1,487
80503.4;5,504;141;4,363;1,141;-3,222
80551.2;5,503;146;1,149;4,354;3,205
80494.0;5,494;308;4,429;1,065;-3,364
80828.7;5,493;17;5,491;0,002;-5,489
80346.9;5,492;169;3,190;2,302;-0,888
80440.3;5,491;161;2,157;3,334;1,177
80161.8;5,491;22;2,288;3,203;0,915
80263.5;5,482;143;4,136;1,346;-2,790
80595.4;5,481;39;0,186;5,295;5,109
80380.2;5,480;201;0,688;4,792;4,104
80204.2;5,479;123;0,018;5,461;5,443
80601.1;5,474;175;1,301;4,173;2,872
80236.1;5,472;62;0,018;5,454;5,436
80426.7;5,466;202;2,542;2,924;0,382
80868.4;5,461;26;1,486;3,975;2,489
80572.2;5,455;86;3,966;1,489;-2,477
80528.3;5,451;204;2,400;3,051;0,651
80336.4;5,451;190;0,771;4,680;3,909
80665.1;5,449;101;5,050;0,399;-4,651
80511.0;5,442;99;1,281;4,161;2,880
80669.7;5,437;21;5,432;0,005;-5,427
80691.3;5,433;57;0,010;5,423;5,413
80327.8;5,433;298;0,606;4,827;4,221
80218.7;5,432;93;5,400;0,032;-5,368
81190.7;5,428;43;5,397;0,031;-5,366
80498.9;5,427;185;0,921;4,506;3,585
80161.2;5,427;87;5,363;0,064;-5,299
81282.3;5,426;97;0,155;5,271;5,116
80410.3;5,423;246;4,969;0,454;-4,515
80487.8;5,416;151;3,432;1,984;-1,448
80262.0;5,411;224;2,650;2,761;0,111
80511.5;5,410;229;1,743;3,667;1,924
80644.7;5,403;98;0,939;4,464;3,525
80650.7;5,396;124;0,636;4,760;4,124
80576.4;5,395;57;4,728;0,667;-4,061
80352.6;5,394;283;0,953;4,441;3,488
80484.4;5,392;213;2,510;2,882;0,372
80414.1;5,392;223;1,359;4,033;2,674
80353.2;5,388;186;0,642;4,746;4,104
80287.0;5,384;292;2,694;2,690;-0,004
81100.6;5,374;125;2,132;3,242;1,110
80407.5;5,370;242;3,235;2,135;-1,100
80188.9;5,369;61;5,160;0,209;-4,951
80610.9;5,367;21;0,864;4,503;3,639
80104.5;5,365;98;5,364;0,001;-5,363
81257.3;5,362;100;0,009;5,353;5,344
80478.1;5,356;228;1,148;4,208;3,060
80830.2;5,356;59;5,354;0,002;-5,352
80238.0;5,355;132;4,054;1,301;-2,753
80541.1;5,353;73;0,105;5,248;5,143
80556.6;5,352;105;2,409;2,943;0,534
80559.6;5,352;100;1,886;3,466;1,580
80320.5;5,346;207;3,600;1,746;-1,854
80375.3;5,345;132;3,973;1,372;-2,601
80287.3;5,342;130;2,127;3,215;1,088
80228.0;5,341;145;1,155;4,186;3,031
80387.3;5,338;264;1,759;3,579;1,820
80582.3;5,336;88;0,508;4,828;4,320
80736.0;5,334;53;5,025;0,309;-4,716
80668.3;5,328;68;4,406;0,922;-3,484
80946.4;5,327;46;4,215;1,112;-3,103
80326.5;5,326;250;1,435;3,891;2,456
80729.9;5,325;42;4,157;1,168;-2,989
80399.2;5,321;169;1,560;3,761;2,201
81042.1;5,320;111;5,301;0,019;-5,282
80370.9;5,316;134;3,291;2,025;-1,266
80637.2;5,314;23;5,299;0,015;-5,284
80374.8;5,303;151;3,785;1,518;-2,267
80510.1;5,301;200;0,148;5,153;5,005
81156.2;5,299;67;5,298;0,001;-5,297
80264.0;5,298;267;5,046;0,252;-4,794
80570.2;5,294;48;2,329;2,965;0,636
80362.8;5,292;118;0,222;5,070;4,848
80234.1;5,290;108;5,275;0,015;-5,260
80380.3;5,284;228;3,385;1,899;-1,486
80563.4;5,282;47;1,307;3,975;2,668
80618.7;5,281;112;0,021;5,260;5,239
80430.2;5,281;278;0,981;4,300;3,319
80505.4;5,279;210;4,038;1,241;-2,797
80504.5;5,274;109;3,563;1,711;-1,852
80398.7;5,274;170;1,083;4,191;3,108
80494.4;5,270;189;2,963;2,307;-0,656
80288.1;5,268;193;1,276;3,992;2,716
80349.5;5,267;133;1,726;3,541;1,815
80504.2;5,263;128;3,921;1,342;-2,579
80235.8;5,258;134;5,242;0,016;-5,226
80493.4;5,257;283;0,472;4,785;4,313
81243.0;5,251;162;5,082;0,169;-4,913
80496.6;5,245;149;0,856;4,389;3,533
80874.8;5,235;97;5,232;0,003;-5,229
80250.3;5,232;72;4,066;1,166;-2,900
80517.8;5,231;151;1,057;4,174;3,117
80191.5;5,228;30;4,948;0,280;-4,668
80398.9;5,226;170;0,342;4,884;4,542
80737.6;5,226;42;0,185;5,041;4,856
80615.1;5,225;100;0,163;5,062;4,899
81068.8;5,222;18;5,165;0,057;-5,108
80579.8;5,220;103;4,867;0,353;-4,514
80661.5;5,210;37;5,205;0,005;-5,200
80577.9;5,210;121;1,188;4,022;2,834
80664.0;5,200;164;1,621;3,579;1,958
80290.4;5,195;180;0,386;4,809;4,423
80243.9;5,192;51;0,249;4,943;4,694
80822.3;5,190;33;0,032;5,158;5,126
80366.9;5,188;234;2,088;3,100;1,012
80294.6;5,184;128;0,279;4,905;4,626
80625.7;5,181;110;2,596;2,585;-0,011
80357.5;5,181;324;2,393;2,788;0,395
80625.6;5,179;146;1,359;3,820;2,461
80411.2;5,179;294;3,851;1,328;-2,523
80614.2;5,177;69;4,372;0,805;-3,567
80820.0;5,176;56;4,329;0,847;-3,482
80630.1;5,173;97;2,177;2,996;0,819
80411.7;5,173;200;1,498;3,675;2,177
80357.6;5,172;256;1,437;3,735;2,298
80685.6;5,168;97;5,165;0,003;-5,162
80349.0;5,168;192;3,438;1,730;-1,708
80366.2;5,162;161;4,003;1,159;-2,844
80129.2;5,160;5;5,160;0,000;-5,160
80153.0;5,158;38;0,396;4,762;4,366
80325.7;5,155;258;1,136;4,019;2,883
80657.0;5,154;59;0,109;5,045;4,936
80532.0;5,138;195;1,437;3,701;2,264
80467.6;5,137;227;2,703;2,434;-0,269
80490.6;5,135;125;0,764;4,371;3,607
80342.2;5,135;278;3,972;1,163;-2,809
80268.1;5,129;117;3,424;1,705;-1,719
80517.2;5,125;106;4,142;0,983;-3,159
80255.8;5,123;91;0,665;4,458;3,793
80618.1;5,121;99;1,715;3,406;1,691
80247.7;5,120;113;0,007;5,113;5,106
80527.7;5,117;90;4,985;0,132;-4,853
80581.6;5,113;82;4,514;0,599;-3,915
80533.9;5,113;47;1,215;3,898;2,683
80212.0;5,111;89;0,626;4,485;3,859
80672.8;5,108;166;0,002;5,106;5,104
80498.8;5,107;135;0,147;4,960;4,813
80403.3;5,107;215;1,153;3,954;2,801
80242.5;5,102;133;0,693;4,409;3,716
80418.3;5,088;196;4,349;0,739;-3,610
80348.8;5,079;258;4,036;1,043;-2,993
81074.4;5,078;172;1,653;3,425;1,772
80347.6;5,076;193;4,542;0,534;-4,008
80692.1;5,073;62;4,937;0,136;-4,801
80577.7;5,067;135;2,974;2,093;-0,881
80959.9;5,067;51;5,063;0,004;-5,059
80511.9;5,064;188;0,499;4,565;4,066
80158.0;5,059;67;3,217;1,842;-1,375
80578.0;5,058;191;2,186;2,872;0,686
80396.6;5,058;204;3,279;1,779;-1,500
80202.7;5,054;60;5,051;0,003;-5,048
80252.3;5,053;112;0,241;4,812;4,571
80488.7;5,047;173;1,378;3,669;2,291
80483.3;5,047;147;2,830;2,217;-0,613
80375.2;5,043;104;4,383;0,660;-3,723
81101.1;5,042;59;4,916;0,126;-4,790
80439.1;5,038;191;4,356;0,682;-3,674
80412.2;5,037;206;1,678;3,359;1,681
80615.7;5,035;132;1,609;3,426;1,817
80220.6;5,035;69;2,546;2,489;-0,057
80664.3;5,034;69;1,526;3,508;1,982
80400.4;5,034;151;2,609;2,425;-0,184
80220.7;5,034;116;4,866;0,168;-4,698
80508.1;5,027;94;3,096;1,931;-1,165
80216.1;5,025;280;0,688;4,337;3,649
80374.4;5,023;188;3,176;1,847;-1,329
81236.4;5,022;50;3,347;1,675;-1,672
80701.9;5,013;36;1,095;3,918;2,823
80751.8;5,011;11;0,034;4,977;4,943
80985.3;5,011;6;5,009;0,002;-5,007
80435.4;5,009;202;3,926;1,083;-2,843
80216.2;5,006;74;0,052;4,954;4,902
80467.1;4,997;135;3,337;1,660;-1,677
81070.8;4,992;108;3,537;1,455;-2,082
80247.2;4,991;166;2,814;2,177;-0,637
80888.6;4,985;77;4,913;0,072;-4,841
80206.3;4,981;89;3,677;1,304;-2,373
81278.3;4,976;182;0,006;4,970;4,964
80791.2;4,973;9;4,973;0,000;-4,973
80242.6;4,971;101;0,432;4,539;4,107
80574.8;4,966;82;2,435;2,531;0,096
80308.8;4,965;222;2,238;2,727;0,489
80535.9;4,957;84;2,527;2,430;-0,097
80330.2;4,957;168;3,380;1,577;-1,803
80579.0;4,955;65;1,920;3,035;1,115
80471.1;4,955;273;2,810;2,145;-0,665
80276.3;4,953;158;2,736;2,217;-0,519
80280.9;4,950;114;4,602;0,348;-4,254
80444.1;4,943;255;0,541;4,402;3,861
80395.3;4,940;155;2,861;2,079;-0,782
80255.2;4,938;95;2,231;2,707;0,476
80367.2;4,937;158;3,802;1,135;-2,667
80428.6;4,935;194;2,319;2,616;0,297
80305.6;4,935;139;1,076;3,859;2,783
80260.9;4,922;72;2,542;2,380;-0,162
80556.1;4,918;78;0,308;4,610;4,302
80962.9;4,918;135;1,458;3,460;2,002
80251.8;4,911;71;4,225;0,686;-3,539
80274.4;4,910;132;3,670;1,240;-2,430
80624.9;4,907;74;4,411;0,496;-3,915
81134.9;4,904;104;0,003;4,901;4,898
80585.4;4,902;85;4,197;0,705;-3,492
81039.7;4,902;83;4,296;0,606;-3,690
80589.6;4,900;55;0,089;4,811;4,722
80685.5;4,897;92;4,475;0,422;-4,053
80664.1;4,895;67;2,263;2,632;0,369
80578.8;4,894;56;1,391;3,503;2,112
80885.0;4,889;54;3,016;1,873;-1,143
80640.4;4,888;80;0,077;4,811;4,734
80413.9;4,885;207;3,842;1,043;-2,799
81225.7;4,885;70;0,039;4,846;4,807
80535.2;4,881;135;3,220;1,661;-1,559
80212.2;4,878;97;1,159;3,719;2,560
80294.7;4,876;151;0,885;3,991;3,106
80532.5;4,873;124;0,063;4,810;4,747
80245.2;4,871;159;3,350;1,521;-1,829
80440.6;4,870;199;3,307;1,563;-1,744
80536.1;4,869;220;0,148;4,721;4,573
80406.2;4,862;306;2,024;2,838;0,814
80265.0;4,860;258;0,765;4,095;3,330
80372.5;4,858;324;4,159;0,699;-3,460
80606.1;4,855;77;3,948;0,907;-3,041
80626.6;4,854;78;4,345;0,509;-3,836
80376.5;4,854;154;2,193;2,661;0,468
80378.5;4,853;172;3,217;1,636;-1,581
80604.4;4,849;102;0,127;4,722;4,595
80534.6;4,848;222;0,847;4,001;3,154
80313.1;4,846;152;1,387;3,459;2,072
80218.8;4,844;123;0,020;4,824;4,804
80278.9;4,840;202;0,387;4,453;4,066
80523.1;4,837;106;0,143;4,694;4,551
80318.9;4,835;162;4,609;0,226;-4,383
80434.3;4,831;247;2,745;2,086;-0,659
80696.4;4,828;82;0,009;4,819;4,810
80894.3;4,824;45;0,006;4,818;4,812
80393.4;4,817;134;1,924;2,893;0,969
80915.2;4,816;104;4,794;0,022;-4,772
80246.7;4,811;84;4,024;0,787;-3,237
80607.2;4,794;108;0,096;4,698;4,602
80218.1;4,793;144;4,644;0,149;-4,495
80590.6;4,791;153;4,511;0,280;-4,231
80280.4;4,790;126;3,289;1,501;-1,788
80531.5;4,787;154;0,033;4,754;4,721
80484.8;4,780;184;1,770;3,010;1,240
80633.0;4,776;29;4,364;0,412;-3,952
80888.9;4,775;40;0,013;4,762;4,749
80300.9;4,773;151;1,132;3,641;2,509
80640.1;4,771;53;4,394;0,377;-4,017
80272.5;4,768;216;0,783;3,985;3,202
80904.4;4,765;18;4,764;0,001;-4,763
80255.9;4,762;114;0,695;4,067;3,372
80277.2;4,761;108;3,169;1,592;-1,577
81081.8;4,759;109;4,743;0,016;-4,727
80611.6;4,757;34;1,369;3,388;2,019
81115.3;4,756;32;0,755;4,001;3,246
81154.0;4,753;135;4,637;0,116;-4,521
80450.6;4,752;249;2,628;2,124;-0,504
80233.7;4,752;141;4,289;0,463;-3,826
80732.6;4,747;76;4,661;0,086;-4,575
80444.2;4,745;172;1,921;2,824;0,903
80379.7;4,745;184;1,029;3,716;2,687
80593.0;4,744;105;0,997;3,747;2,750
80535.1;4,744;143;2,431;2,313;-0,118
80267.9;4,743;128;3,879;0,864;-3,015
80614.0;4,741;68;0,125;4,616;4,491
80672.5;4,740;58;4,731;0,009;-4,722
80411.8;4,738;222;2,736;2,002;-0,734
80568.6;4,732;310;0,338;4,394;4,056
80264.8;4,730;109;1,770;2,960;1,190
80583.9;4,726;113;4,363;0,363;-4,000
80389.5;4,716;146;1,459;3,257;1,798
81188.0;4,716;82;1,851;2,865;1,014
80350.3;4,710;227;3,393;1,317;-2,076
80400.7;4,705;146;4,061;0,644;-3,417
80955.0;4,705;30;0,834;3,871;3,037
80218.4;4,700;94;1,445;3,255;1,810
80564.5;4,699;134;3,479;1,220;-2,259
80320.6;4,698;139;3,299;1,399;-1,900
81003.9;4,696;145;3,555;1,141;-2,414
80454.7;4,693;174;2,932;1,761;-1,171
80323.0;4,692;207;4,370;0,322;-4,048
80235.1;4,690;121;1,023;3,667;2,644
80522.0;4,689;137;0,442;4,247;3,805
80691.2;4,677;99;4,671;0,006;-4,665
81202.4;4,675;32;0,011;4,664;4,653
80668.5;4,674;44;0,568;4,106;3,538
80310.3;4,663;164;3,074;1,589;-1,485
80752.4;4,660;62;4,649;0,011;-4,638
80359.5;4,659;163;2,353;2,306;-0,047
80507.3;4,657;159;2,539;2,118;-0,421
80486.5;4,655;202;0,566;4,089;3,523
80490.8;4,653;147;1,158;3,495;2,337
80895.0;4,653;69;0,260;4,393;4,133
80393.7;4,652;182;0,421;4,231;3,810
80436.5;4,651;243;0,466;4,185;3,719
80607.3;4,648;80;3,746;0,902;-2,844
80473.8;4,648;210;1,348;3,300;1,952
80430.3;4,645;242;3,742;0,903;-2,839
81039.6;4,640;93;1,895;2,745;0,850
80389.6;4,639;236;1,346;3,293;1,947
80584.4;4,638;107;3,675;0,963;-2,712
80931.4;4,633;32;0,373;4,260;3,887
80596.0;4,632;198;2,404;2,228;-0,176
80241.3;4,631;116;0,433;4,198;3,765
81078.8;4,624;58;4,512;0,112;-4,400
80596.3;4,616;55;0,429;4,187;3,758
80632.1;4,613;75;0,715;3,898;3,183
80715.7;4,611;47;4,378;0,233;-4,145
80511.7;4,610;122;1,644;2,966;1,322
80501.4;4,606;67;0,611;3,995;3,384
80266.6;4,606;156;1,144;3,462;2,318
80622.4;4,605;40;4,369;0,236;-4,133
80615.6;4,604;82;3,275;1,329;-1,946
81184.6;4,604;213;4,565;0,039;-4,526
80289.4;4,603;79;0,411;4,192;3,781
80590.3;4,602;93;2,033;2,569;0,536
80344.4;4,602;110;1,283;3,319;2,036
80531.7;4,601;97;0,289;4,312;4,023
80581.5;4,592;158;0,469;4,123;3,654
80361.5;4,592;218;3,429;1,163;-2,266
80345.1;4,590;237;4,006;0,584;-3,422
80700.8;4,587;106;2,937;1,650;-1,287
80640.7;4,586;142;4,537;0,049;-4,488
80400.9;4,586;101;4,418;0,168;-4,250
80436.2;4,585;236;2,517;2,068;-0,449
80445.3;4,585;197;1,837;2,748;0,911
80373.3;4,582;140;0,448;4,134;3,686
80286.5;4,577;152;1,387;3,190;1,803
80515.5;4,575;205;0,253;4,322;4,069
80534.3;4,572;102;0,591;3,981;3,390
80288.4;4,572;77;4,300;0,272;-4,028
80588.6;4,571;56;4,542;0,029;-4,513
80339.1;4,565;134;1,718;2,847;1,129
80473.6;4,564;207;1,745;2,819;1,074
80266.0;4,563;187;2,106;2,457;0,351
80339.2;4,559;209;3,104;1,455;-1,649
81039.0;4,552;78;4,483;0,069;-4,414
80339.3;4,551;341;3,291;1,260;-2,031
81005.0;4,549;77;4,537;0,012;-4,525
80352.5;4,544;351;2,018;2,526;0,508
80649.0;4,540;34;3,026;1,514;-1,512
80665.9;4,537;67;4,376;0,161;-4,215
81057.0;4,536;64;1,483;3,053;1,570
80593.2;4,533;43;0,773;3,760;2,987
80587.0;4,531;104;1,997;2,534;0,537
80493.2;4,526;237;1,818;2,708;0,890
80326.8;4,524;328;2,656;1,868;-0,788
80351.5;4,522;120;0,871;3,651;2,780
80567.3;4,518;179;4,207;0,311;-3,896
80152.4;4,518;99;0,003;4,515;4,512
80509.6;4,515;155;2,243;2,272;0,029
80412.5;4,514;342;1,320;3,194;1,874
80669.5;4,513;50;2,388;2,125;-0,263
80664.9;4,510;73;0,205;4,305;4,100
80592.2;4,506;130;0,492;4,014;3,522
80520.8;4,505;104;4,264;0,241;-4,023
80255.1;4,500;86;2,754;1,746;-1,008
80207.0;4,499;56;2,747;1,752;-0,995
81060.6;4,498;56;1,334;3,164;1,830
80960.3;4,492;25;4,337;0,155;-4,182
80403.9;4,490;200;2,827;1,663;-1,164
80615.3;4,489;287;0,170;4,319;4,149
81275.4;4,489;115;4,446;0,043;-4,403
80327.5;4,487;283;3,209;1,278;-1,931
80591.3;4,481;84;3,824;0,657;-3,167
80239.7;4,478;180;0,092;4,386;4,294
80650.3;4,472;31;0,075;4,397;4,322
81116.4;4,471;132;1,898;2,573;0,675
81112.6;4,470;102;4,321;0,149;-4,172
80342.1;4,468;216;1,179;3,289;2,110
80654.1;4,466;162;4,455;0,011;-4,444
80584.6;4,465;102;0,185;4,280;4,095
80679.5;4,463;77;4,449;0,014;-4,435
80326.6;4,463;196;1,363;3,100;1,737
80314.5;4,462;143;2,225;2,237;0,012
80811.0;4,459;40;4,367;0,092;-4,275
80244.3;4,454;118;4,398;0,056;-4,342
81202.0;4,450;68;0,445;4,005;3,560
81209.2;4,448;18;1,942;2,506;0,564
80357.2;4,447;151;2,753;1,694;-1,059
80627.0;4,437;96;3,203;1,234;-1,969
80549.5;4,437;100;4,300;0,137;-4,163
80842.8;4,434;95;3,990;0,444;-3,546
80571.1;4,432;86;1,055;3,377;2,322
80249.4;4,432;64;4,327;0,105;-4,222
80605.7;4,430;33;0,970;3,460;2,490
80446.8;4,428;185;0,763;3,665;2,902
80648.0;4,428;149;0,486;3,942;3,456
81152.5;4,428;44;0,008;4,420;4,412
80584.2;4,424;84;3,605;0,819;-2,786
80383.3;4,421;195;1,706;2,715;1,009
80644.6;4,419;76;4,400;0,019;-4,381
81177.5;4,417;152;4,402;0,015;-4,387
80536.2;4,416;117;2,720;1,696;-1,024
80410.7;4,413;291;0,625;3,788;3,163
80962.2;4,408;151;4,349;0,059;-4,290
80468.3;4,406;165;3,216;1,190;-2,026
80980.0;4,399;63;4,345;0,054;-4,291
80409.3;4,397;164;0,146;4,251;4,105
80424.6;4,395;176;2,084;2,311;0,227
80514.7;4,394;47;3,880;0,514;-3,366
80589.4;4,392;85;1,753;2,639;0,886
80521.1;4,390;88;3,271;1,119;-2,152
80348.3;4,390;147;3,777;0,613;-3,164
80489.3;4,388;122;1,106;3,282;2,176
81111.6;4,386;126;4,378;0,008;-4,370
80369.4;4,383;269;0,970;3,413;2,443
80504.6;4,382;103;1,055;3,327;2,272
80287.4;4,382;129;2,642;1,740;-0,902
81054.5;4,378;106;2,451;1,927;-0,524
80443.1;4,373;241;1,014;3,359;2,345
80506.4;4,369;150;1,120;3,249;2,129
80250.7;4,368;42;3,318;1,050;-2,268
80261.8;4,367;115;1,860;2,507;0,647
81072.3;4,366;78;4,352;0,014;-4,338
80520.3;4,364;65;3,558;0,806;-2,752
80397.2;4,363;125;2,773;1,590;-1,183
80287.5;4,360;304;1,343;3,017;1,674
80877.3;4,359;56;4,353;0,006;-4,347
80361.4;4,358;162;1,108;3,250;2,142
80657.5;4,354;90;0,363;3,991;3,628
80314.2;4,353;205;0,869;3,484;2,615
80539.2;4,352;116;1,500;2,852;1,352
81276.1;4,345;64;2,786;1,559;-1,227
80539.3;4,344;113;3,709;0,635;-3,074
80623.1;4,344;87;0,469;3,875;3,406
80474.5;4,344;192;0,443;3,901;3,458
80243.6;4,344;66;3,875;0,469;-3,406
80429.4;4,340;217;0,391;3,949;3,558
80645.7;4,339;53;4,063;0,276;-3,787
80586.5;4,335;60;2,023;2,312;0,289
80923.4;4,335;40;3,767;0,568;-3,199
80186.1;4,326;87;0,685;3,641;2,956
80290.7;4,316;134;2,679;1,637;-1,042
80132.1;4,313;34;0,134;4,179;4,045
80378.6;4,311;178;1,741;2,570;0,829
81079.2;4,311;51;4,305;0,006;-4,299
80321.8;4,310;192;1,927;2,383;0,456
80582.0;4,309;97;3,056;1,253;-1,803
80629.3;4,307;74;1,056;3,251;2,195
80477.3;4,306;285;1,072;3,234;2,162
80616.6;4,305;64;2,777;1,528;-1,249
80696.3;4,301;432;4,266;0,035;-4,231
81090.0;4,301;68;3,217;1,084;-2,133
80397.7;4,300;112;2,520;1,780;-0,740
80190.1;4,300;47;0,005;4,295;4,290
80280.8;4,299;91;3,677;0,622;-3,055
80559.4;4,298;62;2,296;2,002;-0,294
80921.4;4,295;44;4,295;0,000;-4,295
80607.8;4,292;48;0,746;3,546;2,800
81186.4;4,292;72;3,214;1,078;-2,136
80524.8;4,288;98;1,354;2,934;1,580
81043.0;4,288;78;0,170;4,118;3,948
80227.9;4,287;80;4,273;0,014;-4,259
80361.6;4,282;269;2,163;2,119;-0,044
80378.1;4,279;96;3,838;0,441;-3,397
80639.2;4,277;32;0,082;4,195;4,113
80409.0;4,276;159;1,281;2,995;1,714
80180.0;4,276;107;4,255;0,021;-4,234
80594.7;4,275;39;4,131;0,144;-3,987
80491.8;4,271;174;1,225;3,046;1,821
80394.3;4,271;172;2,374;1,897;-0,477
80227.4;4,270;60;4,208;0,062;-4,146
80670.1;4,269;71;4,239;0,030;-4,209
80611.3;4,269;112;1,154;3,115;1,961
80585.2;4,269;98;1,205;3,064;1,859
80542.2;4,266;61;1,391;2,875;1,484
80451.7;4,265;246;3,283;0,982;-2,301
81248.3;4,264;113;0,159;4,105;3,946
80176.1;4,262;52;4,261;0,001;-4,260
80422.4;4,261;196;3,190;1,071;-2,119
80629.1;4,257;268;1,261;2,996;1,735
80256.3;4,256;73;3,120;1,136;-1,984
80395.4;4,255;212;2,898;1,357;-1,541
80388.3;4,253;92;1,434;2,819;1,385
81217.3;4,245;52;3,094;1,151;-1,943
80271.0;4,242;144;1,796;2,446;0,650
80459.8;4,241;284;2,369;1,872;-0,497
80400.8;4,238;136;0,408;3,830;3,422
80330.9;4,235;332;2,730;1,505;-1,225
80380.9;4,230;128;2,026;2,204;0,178
80836.7;4,230;89;4,228;0,002;-4,226
80458.6;4,228;211;2,785;1,443;-1,342
81229.7;4,228;28;0,378;3,850;3,472
81069.1;4,222;42;4,110;0,112;-3,998
80655.7;4,220;49;2,847;1,373;-1,474
80987.7;4,220;73;3,349;0,871;-2,478
80315.4;4,218;122;1,775;2,443;0,668
80628.8;4,214;134;3,755;0,459;-3,296
80357.1;4,214;205;1,196;3,018;1,822
80293.2;4,208;140;3,254;0,954;-2,300
80211.7;4,204;97;2,007;2,197;0,190
80350.8;4,201;146;1,259;2,942;1,683
81000.9;4,199;84;1,280;2,919;1,639
80273.2;4,198;102;0,289;3,909;3,620
80569.7;4,195;55;0,088;4,107;4,019
80601.5;4,192;57;3,027;1,165;-1,862
80341.3;4,191;133;3,498;0,693;-2,805
80317.4;4,189;212;1,541;2,648;1,107
80524.7;4,183;103;1,438;2,745;1,307
81276.9;4,182;56;0,026;4,156;4,130
81197.9;4,179;48;4,174;0,005;-4,169
80385.5;4,169;184;2,845;1,324;-1,521
80704.0;4,166;103;3,384;0,782;-2,602
80247.1;4,165;90;4,102;0,063;-4,039
80489.1;4,164;120;0,235;3,929;3,694
80361.3;4,162;140;1,596;2,566;0,970
80601.2;4,161;61;3,932;0,229;-3,703
80647.0;4,159;80;2,137;2,022;-0,115
80604.1;4,156;59;1,542;2,614;1,072
80394.0;4,155;273;1,689;2,466;0,777
80264.3;4,152;169;0,114;4,038;3,924
80360.9;4,150;173;0,858;3,292;2,434
80604.7;4,143;58;2,598;1,545;-1,053
80396.4;4,139;87;0,208;3,931;3,723
80175.7;4,136;16;4,135;0,001;-4,134
80640.6;4,132;75;0,323;3,809;3,486
80283.5;4,132;167;2,760;1,372;-1,388
80479.0;4,129;197;1,500;2,629;1,129
80276.8;4,129;196;2,286;1,843;-0,443
80284.5;4,128;170;2,415;1,713;-0,702
80658.4;4,125;37;0,947;3,178;2,231
80466.8;4,123;171;1,609;2,514;0,905
80808.0;4,119;16;4,119;0,000;-4,119
81273.0;4,118;118;0,067;4,051;3,984
80746.2;4,115;20;4,112;0,003;-4,109
80669.9;4,108;72;3,703;0,405;-3,298
80581.7;4,108;128;1,666;2,442;0,776
81246.9;4,104;223;3,884;0,220;-3,664
80508.2;4,102;105;0,666;3,436;2,770
80132.6;4,101;44;4,044;0,057;-3,987
80346.2;4,100;164;1,428;2,672;1,244
80238.1;4,094;121;2,027;2,067;0,040
81041.1;4,088;84;4,076;0,012;-4,064
80391.8;4,087;250;2,558;1,529;-1,029
80497.6;4,082;204;1,864;2,218;0,354
80393.6;4,080;142;3,210;0,870;-2,340
80830.3;4,080;75;0,043;4,037;3,994
80462.9;4,079;187;0,519;3,560;3,041
81059.0;4,078;39;4,013;0,065;-3,948
80153.2;4,070;62;1,384;2,686;1,302
80327.3;4,068;198;0,487;3,581;3,094
80301.1;4,067;166;1,258;2,809;1,551
80345.9;4,061;234;1,959;2,102;0,143
81064.8;4,058;53;1,882;2,176;0,294
80496.4;4,056;127;0,465;3,591;3,126
80645.9;4,050;109;0,444;3,606;3,162
80369.3;4,050;140;3,708;0,342;-3,366
80542.3;4,045;99;4,014;0,031;-3,983
80541.0;4,044;68;1,744;2,300;0,556
80452.8;4,043;194;2,130;1,913;-0,217
80597.7;4,035;97;0,460;3,575;3,115
80242.8;4,033;74;1,685;2,348;0,663
80214.6;4,032;110;0,239;3,793;3,554
80394.6;4,031;126;3,057;0,974;-2,083
80659.2;4,029;118;0,987;3,042;2,055
80478.2;4,028;196;2,012;2,016;0,004
80344.5;4,027;153;2,457;1,570;-0,887
80578.3;4,026;107;0,882;3,144;2,262
80401.5;4,024;113;3,200;0,824;-2,376
81064.4;4,024;70;3,363;0,661;-2,702
80514.8;4,020;52;0,692;3,328;2,636
80585.0;4,018;236;2,364;1,654;-0,710
80621.8;4,017;71;0,071;3,946;3,875
80384.9;4,015;152;1,610;2,405;0,795
80203.6;4,015;30;4,008;0,007;-4,001
80401.1;4,014;143;3,055;0,959;-2,096
81160.8;4,007;117;0,004;4,003;3,999
80249.7;4,006;106;3,838;0,168;-3,670
80658.8;4,004;69;2,314;1,690;-0,624
80569.6;3,998;211;0,762;3,236;2,474
80388.2;3,993;179;1,708;2,285;0,577
80842.0;3,993;70;3,808;0,185;-3,623
80512.9;3,991;137;2,739;1,252;-1,487
81294.6;3,988;133;0,019;3,969;3,950
81051.3;3,983;60;2,169;1,814;-0,355
80663.3;3,982;32;3,796;0,186;-3,610
81134.5;3,978;109;3,636;0,342;-3,294
80627.7;3,973;115;3,466;0,507;-2,959
81237.3;3,973;105;2,987;0,986;-2,001
80535.0;3,969;184;2,602;1,367;-1,235
80742.2;3,969;77;3,964;0,005;-3,959
81237.2;3,969;50;1,114;2,855;1,741
80318.4;3,968;181;1,788;2,180;0,392
80483.7;3,967;147;0,506;3,461;2,955
80704.1;3,964;65;1,599;2,365;0,766
80483.8;3,964;150;2,584;1,380;-1,204
80258.8;3,962;52;3,874;0,088;-3,786
80308.7;3,960;123;0,196;3,764;3,568
80446.0;3,959;343;2,003;1,956;-0,047
80852.6;3,959;46;3,959;0,000;-3,959
80523.6;3,957;171;3,784;0,173;-3,611
80545.3;3,957;138;3,484;0,473;-3,011
80253.2;3,957;68;1,350;2,607;1,257
80735.4;3,956;79;3,753;0,203;-3,550
80436.9;3,956;142;1,864;2,092;0,228
80519.3;3,955;64;3,380;0,575;-2,805
80381.1;3,949;226;2,832;1,117;-1,715
80325.8;3,946;207;2,282;1,664;-0,618
81097.4;3,945;47;3,935;0,010;-3,925
80422.8;3,943;186;2,007;1,936;-0,071
80274.8;3,942;176;1,858;2,084;0,226
80529.0;3,941;151;1,697;2,244;0,547
80562.3;3,938;100;3,098;0,840;-2,258
80596.2;3,934;71;2,766;1,168;-1,598
81261.9;3,931;79;3,867;0,064;-3,803
80506.3;3,928;159;2,389;1,539;-0,850
80483.1;3,927;156;1,887;2,040;0,153
80233.8;3,927;169;0,283;3,644;3,361
80487.5;3,925;235;3,162;0,763;-2,399
80809.7;3,925;42;0,003;3,922;3,919
80633.7;3,921;66;3,021;0,900;-2,121
80179.8;3,919;8;3,914;0,005;-3,909
80659.1;3,918;133;3,008;0,910;-2,098
80366.3;3,918;152;3,083;0,835;-2,248
80405.6;3,916;152;2,257;1,659;-0,598
80475.5;3,914;196;2,022;1,892;-0,130
80620.4;3,911;41;3,076;0,835;-2,241
80246.4;3,910;230;3,674;0,236;-3,438
81287.8;3,906;114;0,208;3,698;3,490
80645.8;3,905;66;3,257;0,648;-2,609
80508.5;3,904;159;2,670;1,234;-1,436
80622.2;3,901;57;3,810;0,091;-3,719
80711.0;3,900;19;1,184;2,716;1,532
81082.0;3,900;93;2,954;0,946;-2,008
81031.8;3,898;59;3,893;0,005;-3,888
81111.0;3,896;109;3,119;0,777;-2,342
80652.6;3,891;150;0,068;3,823;3,755
80304.9;3,890;132;1,783;2,107;0,324
80519.7;3,889;107;2,376;1,513;-0,863
80373.2;3,889;158;3,160;0,729;-2,431
80587.3;3,887;166;3,598;0,289;-3,309
80248.2;3,883;46;0,120;3,763;3,643
80346.7;3,880;183;1,616;2,264;0,648
80709.7;3,879;74;3,875;0,004;-3,871
80540.5;3,879;149;3,169;0,710;-2,459
80515.1;3,879;124;1,252;2,627;1,375
80668.8;3,875;20;3,840;0,035;-3,805
80266.5;3,872;155;3,774;0,098;-3,676
81075.9;3,871;76;0,103;3,768;3,665
80650.5;3,870;21;3,496;0,374;-3,122
80366.8;3,868;167;3,080;0,788;-2,292
81074.0;3,864;124;3,743;0,121;-3,622
80569.2;3,863;82;1,118;2,745;1,627
80220.2;3,863;106;2,875;0,988;-1,887
80335.1;3,859;275;2,924;0,935;-1,989
80250.4;3,857;47;2,550;1,307;-1,243
80111.4;3,855;3;3,855;0,000;-3,855
80720.0;3,852;129;0,540;3,312;2,772
81073.9;3,851;77;0,662;3,189;2,527
80221.1;3,850;124;0,024;3,826;3,802
80219.7;3,848;86;2,335;1,513;-0,822
80318.1;3,846;197;0,822;3,024;2,202
80232.0;3,843;168;0,770;3,073;2,303
80637.6;3,840;82;2,972;0,868;-2,104
80447.3;3,838;141;1,012;2,826;1,814
80225.9;3,838;100;3,789;0,049;-3,740
80328.9;3,835;193;2,301;1,534;-0,767
80722.3;3,833;186;3,831;0,002;-3,829
80424.4;3,833;200;1,014;2,819;1,805
81076.7;3,830;91;2,727;1,103;-1,624
81077.7;3,825;88;3,523;0,302;-3,221
80218.2;3,824;125;0,177;3,647;3,470
80337.5;3,823;188;2,597;1,226;-1,371
80580.5;3,820;56;3,464;0,356;-3,108
80136.3;3,814;12;0,003;3,811;3,808
80249.2;3,813;66;3,545;0,268;-3,277
80660.2;3,810;91;0,112;3,698;3,586
80642.0;3,806;298;0,647;3,159;2,512
80616.3;3,805;55;2,881;0,924;-1,957
80682.4;3,804;24;1,957;1,847;-0,110
80519.8;3,804;108;2,210;1,594;-0,616
80652.4;3,800;27;0,428;3,372;2,944
80714.0;3,797;44;0,006;3,791;3,785
80293.1;3,797;181;0,630;3,167;2,537
80512.6;3,796;169;3,454;0,342;-3,112
80410.6;3,792;204;0,633;3,159;2,526
81014.4;3,792;69;0,002;3,790;3,788
80587.8;3,790;152;3,703;0,087;-3,616
80635.0;3,780;126;0,168;3,612;3,444
80716.6;3,780;55;0,003;3,777;3,774
80329.7;3,779;174;2,020;1,759;-0,261
80623.4;3,777;27;1,012;2,765;1,753
80736.6;3,772;53;2,632;1,140;-1,492
81080.1;3,770;118;1,244;2,526;1,282
80740.3;3,769;5;3,761;0,008;-3,753
80900.4;3,769;10;2,365;1,404;-0,961
80348.2;3,765;218;0,579;3,186;2,607
80665.2;3,763;59;1,185;2,578;1,393
80605.8;3,763;79;3,003;0,760;-2,243
80143.1;3,761;49;3,761;0,000;-3,761
80476.5;3,760;202;0,104;3,656;3,552
80549.7;3,759;105;0,140;3,619;3,479
80374.9;3,759;219;2,538;1,221;-1,317
80436.8;3,753;216;0,696;3,057;2,361
80855.2;3,745;49;0,064;3,681;3,617
80469.3;3,737;200;1,892;1,845;-0,047
80704.2;3,736;50;0,010;3,726;3,716
80664.2;3,733;64;1,833;1,900;0,067
80352.7;3,731;156;1,220;2,511;1,291
80369.6;3,727;161;0,633;3,094;2,461
80665.8;3,725;27;0,099;3,626;3,527
80601.4;3,725;38;0,039;3,686;3,647
80496.5;3,725;172;2,836;0,889;-1,947
80578.5;3,724;69;3,405;0,319;-3,086
80321.5;3,724;134;2,864;0,860;-2,004
80507.5;3,715;175;2,648;1,067;-1,581
80556.0;3,714;145;1,992;1,722;-0,270
80528.5;3,710;135;0,217;3,493;3,276
80670.0;3,709;128;0,488;3,221;2,733
80634.3;3,705;39;3,367;0,338;-3,029
80449.4;3,702;166;0,192;3,510;3,318
80659.0;3,701;94;2,063;1,638;-0,425
80557.6;3,696;25;1,309;2,387;1,078
81109.5;3,696;96;0,020;3,676;3,656
80312.3;3,693;217;0,420;3,273;2,853
80322.2;3,691;164;1,225;2,466;1,241
81182.4;3,690;63;0,195;3,495;3,300
81225.5;3,687;167;0,023;3,664;3,641
80450.9;3,681;155;1,974;1,707;-0,267
80599.1;3,677;36;0,021;3,656;3,635
81134.8;3,672;69;3,668;0,004;-3,664
80392.9;3,671;244;1,798;1,873;0,075
80640.9;3,670;53;2,069;1,601;-0,468
80618.3;3,667;61;0,641;3,026;2,385
80444.5;3,666;207;0,397;3,269;2,872
80523.0;3,665;90;3,509;0,156;-3,353
80750.1;3,660;55;0,001;3,659;3,658
80359.7;3,660;174;1,263;2,397;1,134
80340.7;3,657;136;1,098;2,559;1,461
80555.1;3,655;126;3,473;0,182;-3,291
80381.4;3,653;134;3,226;0,427;-2,799
80278.0;3,652;218;2,017;1,635;-0,382
80374.7;3,648;157;0,707;2,941;2,234
80608.8;3,643;45;1,391;2,252;0,861
80580.3;3,640;49;3,590;0,050;-3,540
80957.0;3,640;34;3,577;0,063;-3,514
80596.8;3,639;83;3,431;0,208;-3,223
80596.4;3,637;51;0,013;3,624;3,611
80284.3;3,637;73;0,845;2,792;1,947
80724.9;3,636;23;0,013;3,623;3,610
80612.4;3,633;62;2,087;1,546;-0,541
81155.5;3,633;34;2,665;0,968;-1,697
80243.2;3,632;91;3,457;0,175;-3,282
80544.9;3,630;92;2,773;0,857;-1,916
81276.0;3,628;111;2,301;1,327;-0,974
80924.1;3,627;26;3,627;0,000;-3,627
81261.7;3,624;98;3,599;0,025;-3,574
80205.5;3,623;63;0,431;3,192;2,761
80520.9;3,622;104;1,225;2,397;1,172
80257.1;3,616;130;0,699;2,917;2,218
80371.2;3,614;201;2,609;1,005;-1,604
80748.8;3,609;8;0,003;3,606;3,603
80152.3;3,608;60;3,607;0,001;-3,606
80571.3;3,607;85;1,343;2,264;0,921
80312.6;3,605;162;1,178;2,427;1,249
80209.8;3,604;40;0,077;3,527;3,450
80261.1;3,603;39;3,549;0,054;-3,495
80879.4;3,600;9;3,474;0,126;-3,348
80767.1;3,597;17;3,597;0,000;-3,597
80371.0;3,596;166;1,832;1,764;-0,068
80572.1;3,594;108;0,342;3,252;2,910
80625.2;3,588;46;0,139;3,449;3,310
80538.9;3,587;147;0,550;3,037;2,487
80496.7;3,586;105;1,343;2,243;0,900
80492.5;3,586;249;3,047;0,539;-2,508
80279.4;3,583;111;2,067;1,516;-0,551
80894.2;3,575;46;3,564;0,011;-3,553
80585.5;3,574;53;2,576;0,998;-1,578
80222.0;3,574;96;1,698;1,876;0,178
80441.2;3,572;150;0,278;3,294;3,016
80272.1;3,569;171;1,452;2,117;0,665
81073.2;3,564;32;3,407;0,157;-3,250
80462.7;3,563;187;0,922;2,641;1,719
80138.6;3,563;42;3,562;0,001;-3,561
81252.1;3,561;75;3,093;0,468;-2,625
80446.2;3,560;159;0,583;2,977;2,394
80335.5;3,558;209;2,071;1,487;-0,584
80359.4;3,555;150;1,224;2,331;1,107
81067.4;3,552;41;0,072;3,480;3,408
80599.7;3,548;84;1,454;2,094;0,640
81085.7;3,547;129;0,499;3,048;2,549
80724.2;3,546;13;0,007;3,539;3,532
80541.2;3,542;64;0,016;3,526;3,510
80249.8;3,535;134;2,374;1,161;-1,213
81114.4;3,534;48;0,220;3,314;3,094
80598.2;3,533;66;1,762;1,771;0,009
80136.0;3,532;18;3,529;0,003;-3,526
80289.1;3,528;110;1,403;2,125;0,722
80513.2;3,527;59;0,127;3,400;3,273
80214.0;3,526;111;3,403;0,123;-3,280
80463.1;3,523;270;1,599;1,924;0,325
80357.7;3,523;195;1,434;2,089;0,655
80668.0;3,522;90;1,719;1,803;0,084
80415.8;3,520;195;1,757;1,763;0,006
80209.5;3,519;86;3,418;0,101;-3,317
80652.5;3,515;126;3,203;0,312;-2,891
80144.9;3,515;2;3,515;0,000;-3,515
81071.7;3,512;131;0,403;3,109;2,706
80779.1;3,503;33;3,297;0,206;-3,091
80610.8;3,499;65;0,020;3,479;3,459
80406.8;3,497;171;1,984;1,513;-0,471
81066.7;3,496;37;3,191;0,305;-2,886
81050.5;3,493;59;3,488;0,005;-3,483
80557.7;3,491;55;3,337;0,154;-3,183
81035.5;3,490;64;3,478;0,012;-3,466
80233.1;3,487;78;0,124;3,363;3,239
80714.5;3,486;76;0,271;3,215;2,944
80237.1;3,483;26;3,474;0,009;-3,465
81100.3;3,474;155;0,664;2,810;2,146
80602.5;3,473;95;0,027;3,446;3,419
80293.3;3,468;196;1,644;1,824;0,180
81046.2;3,464;23;3,450;0,014;-3,436
80832.8;3,462;32;3,460;0,002;-3,458
80419.2;3,461;171;1,706;1,755;0,049
80639.9;3,460;58;1,850;1,610;-0,240
80595.3;3,460;86;0,155;3,305;3,150
80867.0;3,460;16;3,296;0,164;-3,132
80672.0;3,456;47;3,297;0,159;-3,138
80395.9;3,456;125;3,396;0,060;-3,336
80719.9;3,454;45;3,448;0,006;-3,442
80489.2;3,451;87;0,443;3,008;2,565
80263.0;3,451;65;3,418;0,033;-3,385
80637.3;3,447;27;3,402;0,045;-3,357
80833.4;3,444;90;3,442;0,002;-3,440
80402.8;3,443;253;0,422;3,021;2,599
80265.8;3,434;108;3,342;0,092;-3,250
80401.3;3,430;140;2,250;1,180;-1,070
81122.5;3,428;60;3,409;0,019;-3,390
80575.7;3,425;46;1,614;1,811;0,197
80621.7;3,424;94;2,089;1,335;-0,754
81039.2;3,424;52;0,020;3,404;3,384
80343.8;3,423;181;1,018;2,405;1,387
80629.2;3,419;61;2,855;0,564;-2,291
80514.9;3,418;91;1,238;2,180;0,942
80750.3;3,417;22;2,482;0,935;-1,547
80674.4;3,416;42;3,375;0,041;-3,334
80188.8;3,415;59;3,407;0,008;-3,399
80472.7;3,413;168;1,156;2,257;1,101
80656.3;3,410;184;0,266;3,144;2,878
80495.5;3,409;151;1,629;1,780;0,151
80173.1;3,408;25;3,406;0,002;-3,404
80499.5;3,404;182;0,148;3,256;3,108
80545.8;3,404;95;2,796;0,608;-2,188
80244.8;3,404;120;2,258;1,146;-1,112
80714.4;3,400;56;2,405;0,995;-1,410
80149.9;3,399;47;0,845;2,554;1,709
80375.4;3,398;152;1,072;2,326;1,254
80592.9;3,397;60;1,208;2,189;0,981
80629.4;3,394;30;0,124;3,270;3,146
80594.1;3,393;82;3,000;0,393;-2,607
80747.3;3,386;9;0,179;3,207;3,028
80563.6;3,381;66;3,072;0,309;-2,763
80809.1;3,380;28;0,002;3,378;3,376
80473.7;3,376;328;2,000;1,376;-0,624
80824.4;3,371;11;3,371;0,000;-3,371
80287.6;3,370;113;0,416;2,954;2,538
80543.7;3,369;66;1,181;2,188;1,007
80277.7;3,367;87;1,623;1,744;0,121
80750.8;3,366;18;3,007;0,359;-2,648
80833.8;3,365;12;3,360;0,005;-3,355
80176.2;3,363;49;3,228;0,135;-3,093
80586.1;3,362;58;0,722;2,640;1,918
80266.8;3,355;101;2,787;0,568;-2,219
80871.7;3,353;13;3,352;0,001;-3,351
81035.8;3,351;54;3,329;0,022;-3,307
80715.8;3,350;105;0,129;3,221;3,092
80297.3;3,348;185;0,930;2,418;1,488
80289.3;3,346;81;2,331;1,015;-1,316
80282.6;3,344;209;2,772;0,572;-2,200
81219.8;3,342;24;0,179;3,163;2,984
80445.9;3,338;170;1,638;1,700;0,062
80703.8;3,338;47;3,232;0,106;-3,126
80899.9;3,338;27;2,964;0,374;-2,590
80489.5;3,332;127;0,415;2,917;2,502
80345.7;3,328;175;2,828;0,500;-2,328
80251.9;3,327;83;2,820;0,507;-2,313
80279.2;3,325;108;0,051;3,274;3,223
80758.4;3,321;29;0,006;3,315;3,309
80750.5;3,320;11;0,981;2,339;1,358
80625.5;3,314;25;0,186;3,128;2,942
80453.8;3,314;216;2,007;1,307;-0,700
80577.1;3,313;97;2,062;1,251;-0,811
81106.1;3,312;96;0,402;2,910;2,508
81072.6;3,311;117;0,402;2,909;2,507
80741.9;3,310;8;0,003;3,307;3,304
80774.1;3,310;63;3,310;0,000;-3,310
80184.0;3,308;33;3,294;0,014;-3,280
81272.0;3,306;80;3,177;0,129;-3,048
80258.5;3,304;66;2,178;1,126;-1,052
80656.9;3,302;83;0,181;3,121;2,940
80318.3;3,302;204;1,035;2,267;1,232
80152.9;3,298;20;0,937;2,361;1,424
80595.6;3,295;46;2,849;0,446;-2,403
80508.3;3,295;124;1,770;1,525;-0,245
80641.3;3,292;19;3,230;0,062;-3,168
80186.0;3,292;79;3,282;0,010;-3,272
81038.4;3,288;69;0,199;3,089;2,890
80433.3;3,284;173;2,501;0,783;-1,718
80442.7;3,280;213;1,382;1,898;0,516
80627.3;3,278;42;3,158;0,120;-3,038
80482.8;3,277;148;1,258;2,019;0,761
80450.8;3,271;174;2,339;0,932;-1,407
80242.7;3,269;117;2,812;0,457;-2,355
80388.7;3,268;206;1,739;1,529;-0,210
80469.7;3,265;129;1,369;1,896;0,527
80212.5;3,265;86;1,104;2,161;1,057
80618.6;3,264;83;3,087;0,177;-2,910
80242.4;3,264;75;3,236;0,028;-3,208
80569.0;3,261;57;0,250;3,011;2,761
80183.3;3,255;53;0,479;2,776;2,297
80487.6;3,254;157;1,879;1,375;-0,504
80681.4;3,252;50;0,220;3,032;2,812
80529.8;3,251;47;1,960;1,291;-0,669
81136.9;3,250;110;3,126;0,124;-3,002
80813.8;3,247;38;0,497;2,750;2,253
80544.2;3,239;144;0,278;2,961;2,683
81240.5;3,239;132;2,743;0,496;-2,247
81012.5;3,238;49;2,978;0,260;-2,718
81088.3;3,236;29;3,128;0,108;-3,020
80129.1;3,234;12;3,084;0,150;-2,934
81282.2;3,231;40;3,176;0,055;-3,121
80170.0;3,228;106;1,423;1,805;0,382
80986.8;3,226;34;3,205;0,021;-3,184
80254.5;3,225;70;3,123;0,102;-3,021
80485.5;3,224;163;1,010;2,214;1,204
80150.1;3,223;73;0,044;3,179;3,135
80288.2;3,220;304;0,918;2,302;1,384
80096.0;3,219;74;0,018;3,201;3,183
80765.7;3,215;28;3,215;0,000;-3,215
80241.1;3,206;115;0,704;2,502;1,798
80517.7;3,205;117;0,177;3,028;2,851
81232.7;3,204;24;0,059;3,145;3,086
80582.2;3,199;119;0,406;2,793;2,387
80505.8;3,199;143;1,633;1,566;-0,067
80527.2;3,198;96;2,706;0,492;-2,214
80414.3;3,197;125;2,813;0,384;-2,429
81064.9;3,197;84;3,194;0,003;-3,191
80349.1;3,193;169;1,195;1,998;0,803
80156.0;3,192;63;3,059;0,133;-2,926
80598.9;3,191;34;0,107;3,084;2,977
81229.2;3,190;70;2,200;0,990;-1,210
80662.5;3,189;102;3,160;0,029;-3,131
81244.6;3,187;38;1,543;1,644;0,101
81152.1;3,183;34;0,007;3,176;3,169
81030.0;3,181;109;2,778;0,403;-2,375
80170.1;3,180;22;3,098;0,082;-3,016
80137.9;3,177;26;1,547;1,630;0,083
80157.0;3,176;33;3,063;0,113;-2,950
80793.5;3,175;20;0,013;3,162;3,149
80641.6;3,174;44;1,746;1,428;-0,318
80628.1;3,172;70;2,827;0,345;-2,482
80621.3;3,169;63;2,842;0,327;-2,515
80650.8;3,168;126;1,221;1,947;0,726
80231.9;3,168;63;3,131;0,037;-3,094
80434.0;3,166;330;0,838;2,328;1,490
80658.3;3,160;52;0,547;2,613;2,066
80532.4;3,159;85;0,128;3,031;2,903
80598.3;3,157;55;0,052;3,105;3,053
80774.4;3,157;36;0,394;2,763;2,369
81213.9;3,154;57;0,142;3,012;2,870
80513.9;3,153;60;2,096;1,057;-1,039
80564.1;3,153;85;0,494;2,659;2,165
80382.3;3,153;119;2,729;0,424;-2,305
80321.6;3,153;178;0,805;2,348;1,543
80509.5;3,152;78;0,121;3,031;2,910
81028.1;3,149;163;0,022;3,127;3,105
80252.6;3,148;158;2,321;0,827;-1,494
80258.2;3,147;161;0,810;2,337;1,527
80578.9;3,139;90;1,244;1,895;0,651
80664.8;3,137;89;3,085;0,052;-3,033
80244.0;3,137;117;2,549;0,588;-1,961
81112.9;3,134;59;0,006;3,128;3,122
80622.6;3,133;70;2,861;0,272;-2,589
80485.6;3,132;148;1,227;1,905;0,678
80544.0;3,128;233;1,309;1,819;0,510
80301.5;3,128;320;1,081;2,047;0,966
80616.1;3,127;68;2,816;0,311;-2,505
80523.3;3,127;78;1,713;1,414;-0,299
80605.4;3,126;60;0,038;3,088;3,050
81051.8;3,125;116;0,065;3,060;2,995
80537.0;3,124;68;2,451;0,673;-1,778
81215.5;3,121;130;0,005;3,116;3,111
80550.7;3,118;45;1,538;1,580;0,042
80255.7;3,115;75;0,486;2,629;2,143
81100.1;3,113;15;3,105;0,008;-3,097
81231.6;3,108;180;0,055;3,053;2,998
81047.5;3,104;63;2,574;0,530;-2,044
81232.6;3,103;55;2,965;0,138;-2,827
80640.3;3,100;67;3,071;0,029;-3,042
80338.3;3,100;194;1,824;1,276;-0,548
80211.0;3,099;74;2,965;0,134;-2,831
80301.0;3,098;164;1,769;1,329;-0,440
80637.0;3,097;103;2,367;0,730;-1,637
80338.4;3,096;188;1,996;1,100;-0,896
80522.5;3,092;114;0,320;2,772;2,452
80121.1;3,092;46;2,921;0,171;-2,750
80732.3;3,088;37;3,085;0,003;-3,082
80275.2;3,087;114;0,652;2,435;1,783
80964.8;3,086;70;3,076;0,010;-3,066
80452.7;3,084;311;1,452;1,632;0,180
80174.2;3,079;68;2,702;0,377;-2,325
80111.0;3,078;44;3,077;0,001;-3,076
80602.9;3,076;40;0,432;2,644;2,212
80629.9;3,075;111;1,587;1,488;-0,099
80401.6;3,074;144;2,865;0,209;-2,656
80272.7;3,073;177;1,484;1,589;0,105
80510.3;3,065;131;2,804;0,261;-2,543
80911.6;3,060;46;2,044;1,016;-1,028
80431.4;3,057;138;2,168;0,889;-1,279
80709.5;3,055;297;0,010;3,045;3,035
80222.1;3,054;80;3,031;0,023;-3,008
80217.5;3,049;116;0,993;2,056;1,063
81086.3;3,046;52;0,466;2,580;2,114
80588.8;3,045;73;0,975;2,070;1,095
80535.4;3,044;129;2,456;0,588;-1,868
81227.5;3,044;87;0,307;2,737;2,430
80588.7;3,043;55;0,456;2,587;2,131
80449.5;3,042;122;2,190;0,852;-1,338
81189.9;3,041;38;1,171;1,870;0,699
80199.8;3,039;63;0,051;2,988;2,937
80369.2;3,035;134;1,484;1,551;0,067
80231.1;3,025;62;3,012;0,013;-2,999
80824.5;3,021;13;3,017;0,004;-3,013
80485.7;3,020;195;2,096;0,924;-1,172
80529.7;3,017;48;0,370;2,647;2,277
80219.9;3,012;92;1,866;1,146;-0,720
80211.6;3,011;59;1,064;1,947;0,883
80971.4;3,007;18;3,007;0,000;-3,007
80753.9;3,003;4;0,001;3,002;3,001
80220.3;3,002;57;1,073;1,929;0,856
80663.8;2,998;28;2,791;0,207;-2,584
80233.6;2,997;59;2,866;0,131;-2,735
80472.8;2,996;144;1,284;1,712;0,428
80737.3;2,996;42;0,010;2,986;2,976
80239.0;2,996;175;0,371;2,625;2,254
80630.3;2,990;18;2,983;0,007;-2,976
80179.5;2,987;3;2,987;0,000;-2,987
80367.3;2,985;170;2,064;0,921;-1,143
80566.6;2,982;42;2,950;0,032;-2,918
80597.4;2,980;52;0,179;2,801;2,622
80549.0;2,978;86;2,206;0,772;-1,434
80611.2;2,972;81;2,731;0,241;-2,490
80344.8;2,972;168;1,906;1,066;-0,840
80715.3;2,971;47;2,963;0,008;-2,955
80230.3;2,971;57;2,325;0,646;-1,679
80391.1;2,969;109;1,653;1,316;-0,337
80678.0;2,966;34;0,061;2,905;2,844
80890.2;2,966;86;0,386;2,580;2,194
80580.7;2,964;105;2,346;0,618;-1,728
80559.8;2,964;102;1,180;1,784;0,604
80209.3;2,963;58;2,877;0,086;-2,791
81047.1;2,962;72;1,354;1,608;0,254
80624.6;2,961;32;1,191;1,770;0,579
80500.4;2,961;104;1,428;1,533;0,105
81102.0;2,960;31;2,798;0,162;-2,636
80236.6;2,958;81;1,814;1,144;-0,670
80641.2;2,957;70;0,010;2,947;2,937
80506.9;2,955;168;1,014;1,941;0,927
80234.4;2,953;133;1,382;1,571;0,189
80712.1;2,952;22;1,084;1,868;0,784
80694.9;2,951;48;0,335;2,616;2,281
80139.4;2,951;27;1,112;1,839;0,727
80551.9;2,949;71;0,863;2,086;1,223
80355.5;2,948;143;0,761;2,187;1,426
80447.2;2,946;180;0,485;2,461;1,976
80866.9;2,946;36;2,945;0,001;-2,944
80543.9;2,944;121;0,700;2,244;1,544
80193.8;2,944;52;1,009;1,935;0,926
80813.7;2,943;61;2,931;0,012;-2,919
80305.3;2,940;207;1,045;1,895;0,850
80922.3;2,939;15;0,017;2,922;2,905
80295.5;2,937;114;2,505;0,432;-2,073
81276.8;2,935;43;2,926;0,009;-2,917
81107.9;2,933;25;2,874;0,059;-2,815
80267.5;2,931;151;1,498;1,433;-0,065
80363.7;2,930;164;1,075;1,855;0,780
80415.4;2,927;181;0,939;1,988;1,049
80553.1;2,924;86;0,469;2,455;1,986
80775.2;2,924;20;2,922;0,002;-2,920
80403.5;2,921;158;2,311;0,610;-1,701
80829.5;2,919;45;0,338;2,581;2,243
80522.8;2,916;40;0,037;2,879;2,842
80506.2;2,915;122;0,063;2,852;2,789
80401.7;2,915;125;1,441;1,474;0,033
81101.4;2,914;20;2,493;0,421;-2,072
80605.9;2,912;127;0,521;2,391;1,870
80759.9;2,908;16;2,905;0,003;-2,902
80658.9;2,905;83;1,605;1,300;-0,305
80158.2;2,901;28;0,050;2,851;2,801
80491.7;2,899;93;2,095;0,804;-1,291
80724.1;2,899;10;2,235;0,664;-1,571
80507.7;2,896;142;2,022;0,874;-1,148
81225.6;2,896;33;0,447;2,449;2,002
80241.0;2,895;77;0,433;2,462;2,029
80824.3;2,885;11;2,368;0,517;-1,851
80410.2;2,883;162;0,191;2,692;2,501
80596.1;2,881;68;0,471;2,410;1,939
80700.4;2,879;59;0,012;2,867;2,855
80273.4;2,875;114;0,372;2,503;2,131
80517.6;2,872;69;2,560;0,312;-2,248
80749.3;2,872;10;0,001;2,871;2,870
80635.4;2,871;93;1,435;1,436;0,001
80684.7;2,871;21;2,869;0,002;-2,867
80907.4;2,871;37;0,158;2,713;2,555
80609.4;2,870;40;1,581;1,289;-0,292
80277.4;2,869;99;2,007;0,862;-1,145
80185.8;2,868;34;0,021;2,847;2,826
80616.0;2,867;146;0,464;2,403;1,939
81251.6;2,860;124;2,308;0,552;-1,756
80611.5;2,859;33;0,382;2,477;2,095
80599.4;2,856;87;0,037;2,819;2,782
81114.3;2,854;67;2,534;0,320;-2,214
80293.6;2,853;113;0,560;2,293;1,733
80563.8;2,851;40;0,883;1,968;1,085
81235.6;2,849;57;0,091;2,758;2,667
80512.2;2,847;111;0,737;2,110;1,373
81240.6;2,847;263;0,518;2,329;1,811
80636.2;2,845;112;1,602;1,243;-0,359
80615.8;2,842;166;0,567;2,275;1,708
80522.6;2,840;35;0,075;2,765;2,690
80710.0;2,839;64;0,543;2,296;1,753
80713.1;2,837;28;0,078;2,759;2,681
80298.8;2,837;162;0,572;2,265;1,693
80724.0;2,835;82;2,823;0,012;-2,811
80399.3;2,834;107;0,769;2,065;1,296
80386.5;2,833;113;2,528;0,305;-2,223
80740.0;2,830;43;1,310;1,520;0,210
80586.6;2,829;63;1,262;1,567;0,305
80514.4;2,829;127;0,311;2,518;2,207
80369.1;2,829;139;0,363;2,466;2,103
81249.8;2,826;154;0,037;2,789;2,752
80260.2;2,825;134;1,183;1,642;0,459
80610.1;2,822;156;0,215;2,607;2,392
80274.1;2,818;83;1,289;1,529;0,240
80527.1;2,817;79;0,509;2,308;1,799
80201.9;2,817;147;0,014;2,803;2,789
80250.9;2,816;40;2,768;0,048;-2,720
80844.7;2,815;11;1,623;1,192;-0,431
80521.6;2,814;59;0,670;2,144;1,474
80563.3;2,810;68;1,528;1,282;-0,246
80254.9;2,810;93;2,537;0,273;-2,264
80380.7;2,809;122;1,638;1,171;-0,467
80585.7;2,805;32;0,170;2,635;2,465
80824.6;2,803;19;2,800;0,003;-2,797
80192.4;2,800;60;2,748;0,052;-2,696
80827.4;2,798;60;0,421;2,377;1,956
80733.0;2,796;16;0,023;2,773;2,750
80660.8;2,796;80;1,713;1,083;-0,630
80197.0;2,795;19;1,414;1,381;-0,033
80623.9;2,791;43;0,978;1,813;0,835
80347.4;2,790;182;0,470;2,320;1,850
80527.4;2,786;33;0,278;2,508;2,230
80400.6;2,786;124;1,359;1,427;0,068
80473.9;2,785;116;1,267;1,518;0,251
80512.4;2,782;55;0,030;2,752;2,722
80351.4;2,782;123;1,493;1,289;-0,204
80408.4;2,781;137;2,152;0,629;-1,523
80272.9;2,781;79;0,212;2,569;2,357
80286.2;2,779;140;0,368;2,411;2,043
80578.6;2,777;69;0,200;2,577;2,377
80755.0;2,770;53;2,519;0,251;-2,268
80453.7;2,770;218;1,046;1,724;0,678
80752.9;2,770;5;1,191;1,579;0,388
80223.3;2,768;50;2,234;0,534;-1,700
80141.1;2,763;21;0,432;2,331;1,899
80568.8;2,761;85;1,245;1,516;0,271
81102.3;2,761;23;2,606;0,155;-2,451
80744.6;2,760;41;2,759;0,001;-2,758
81238.2;2,760;40;0,200;2,560;2,360
80708.4;2,759;32;2,745;0,014;-2,731
81219.5;2,759;88;0,026;2,733;2,707
80746.7;2,757;15;0,007;2,750;2,743
80269.6;2,756;102;1,375;1,381;0,006
80526.3;2,752;83;0,195;2,557;2,362
80731.0;2,752;13;0,725;2,027;1,302
80483.4;2,750;127;0,772;1,978;1,206
81130.5;2,749;40;0,835;1,914;1,079
80394.8;2,747;188;0,966;1,781;0,815
80635.3;2,742;113;1,282;1,460;0,178
81010.0;2,740;94;2,656;0,084;-2,572
80647.1;2,739;60;1,333;1,406;0,073
80154.9;2,737;50;2,628;0,109;-2,519
80521.2;2,732;74;0,289;2,443;2,154
80269.5;2,731;102;2,694;0,037;-2,657
80571.6;2,730;49;2,514;0,216;-2,298
80189.0;2,728;27;2,675;0,053;-2,622
80552.5;2,727;77;2,538;0,189;-2,349
80237.8;2,726;77;1,251;1,475;0,224
80315.3;2,725;144;1,548;1,177;-0,371
80721.0;2,724;38;0,778;1,946;1,168
80537.2;2,723;126;1,439;1,284;-0,155
80657.8;2,721;60;1,070;1,651;0,581
80567.5;2,720;110;1,304;1,416;0,112
80210.3;2,720;75;2,212;0,508;-1,704
80647.5;2,717;118;0,665;2,052;1,387
80879.0;2,716;13;0,008;2,708;2,700
80282.4;2,715;80;1,809;0,906;-0,903
80248.4;2,714;29;2,035;0,679;-1,356
80442.3;2,713;169;2,332;0,381;-1,951
80403.6;2,709;171;2,291;0,418;-1,873
80192.0;2,708;79;2,542;0,166;-2,376
80318.8;2,705;158;0,539;2,166;1,627
81218.6;2,701;58;1,929;0,772;-1,157
80421.5;2,700;220;2,247;0,453;-1,794
80341.8;2,699;154;0,636;2,063;1,427
80658.1;2,697;28;2,571;0,126;-2,445
81070.3;2,697;72;2,671;0,026;-2,645
81159.7;2,695;54;2,627;0,068;-2,559
81130.4;2,694;26;1,348;1,346;-0,002
80471.5;2,689;109;1,772;0,917;-0,855
80283.8;2,685;90;0,746;1,939;1,193
80245.9;2,684;81;2,361;0,323;-2,038
80250.2;2,682;82;1,059;1,623;0,564
80659.7;2,680;29;2,656;0,024;-2,632
80720.9;2,679;55;2,674;0,005;-2,669
81059.9;2,679;82;0,587;2,092;1,505
80244.7;2,676;55;2,596;0,080;-2,516
80458.3;2,675;186;0,578;2,097;1,519
80173.8;2,673;39;2,672;0,001;-2,671
80549.3;2,671;104;0,117;2,554;2,437
80619.9;2,671;62;1,253;1,418;0,165
80504.1;2,671;101;0,604;2,067;1,463
80276.4;2,670;112;0,702;1,968;1,266
80572.8;2,669;48;2,533;0,136;-2,397
80660.3;2,666;54;2,043;0,623;-1,420
81119.1;2,666;113;2,652;0,014;-2,638
80611.0;2,665;63;1,434;1,231;-0,203
81004.6;2,665;14;2,289;0,376;-1,913
81041.8;2,663;92;2,472;0,191;-2,281
80751.4;2,660;4;0;2,660;2,660
80118.3;2,660;61;0,011;2,649;2,638
80510.6;2,657;138;1,762;0,895;-0,867
80705.2;2,657;37;2,422;0,235;-2,187
80394.1;2,657;125;1,305;1,352;0,047
80617.9;2,654;97;0,089;2,565;2,476
80190.0;2,653;110;2,594;0,059;-2,535
80389.1;2,651;178;0,403;2,248;1,845
80347.5;2,651;235;0,913;1,738;0,825
80609.6;2,643;24;0,074;2,569;2,495
80402.5;2,643;202;1,957;0,686;-1,271
80267.4;2,643;64;2,092;0,551;-1,541
80642.9;2,639;68;1,975;0,664;-1,311
80622.7;2,639;53;0,921;1,718;0,797
80329.6;2,632;179;1,270;1,362;0,092
80795.7;2,631;4;2,630;0,001;-2,629
80567.2;2,630;35;2,599;0,031;-2,568
81065.6;2,628;38;2,616;0,012;-2,604
80550.4;2,627;78;2,132;0,495;-1,637
81259.5;2,627;113;0,011;2,616;2,605
80578.4;2,624;57;0,212;2,412;2,200
80726.7;2,622;85;2,621;0,001;-2,620
80526.8;2,622;37;0,142;2,480;2,338
80536.4;2,621;62;2,534;0,087;-2,447
80194.0;2,620;43;2,610;0,010;-2,600
80209.4;2,616;81;1,684;0,932;-0,752
80404.7;2,615;176;0,719;1,896;1,177
80679.0;2,614;43;2,235;0,379;-1,856
80592.4;2,612;104;0,918;1,694;0,776
80530.6;2,609;45;2,500;0,109;-2,391
80494.8;2,609;169;0,913;1,696;0,783
80127.8;2,607;14;2,605;0,002;-2,603
80641.0;2,593;71;2,467;0,126;-2,341
81071.0;2,592;89;2,565;0,027;-2,538
80605.6;2,590;45;0,458;2,132;1,674
81059.6;2,588;84;2,466;0,122;-2,344
80634.2;2,584;27;0,014;2,570;2,556
80479.3;2,582;102;1,811;0,771;-1,040
80893.7;2,578;10;2,571;0,007;-2,564
80538.5;2,576;86;1,034;1,542;0,508
80577.5;2,570;115;2,108;0,462;-1,646
81068.6;2,570;32;2,529;0,041;-2,488
80429.7;2,569;160;0,585;1,984;1,399
80828.0;2,569;49;2,559;0,010;-2,549
80467.2;2,568;168;1,180;1,388;0,208
80965.0;2,568;27;2,568;0,000;-2,568
80547.1;2,567;67;0,046;2,521;2,475
80373.8;2,566;124;1,683;0,883;-0,800
80609.5;2,565;30;0,089;2,476;2,387
80796.8;2,563;27;0,000;2,563;2,563
80562.7;2,559;66;0,910;1,649;0,739
80427.7;2,559;245;0,946;1,613;0,667
80617.6;2,558;40;0,430;2,128;1,698
81042.9;2,557;63;2,532;0,025;-2,507
80155.1;2,553;12;2,539;0,014;-2,525
80758.2;2,552;19;2,281;0,271;-2,010
80545.6;2,551;87;1,485;1,066;-0,419
80252.5;2,551;110;2,529;0,022;-2,507
80503.3;2,548;126;0,337;2,211;1,874
80722.1;2,546;19;0,005;2,541;2,536
80263.7;2,544;76;2,274;0,270;-2,004
81059.3;2,540;95;2,141;0,399;-1,742
80800.2;2,537;47;0,001;2,536;2,535
80518.2;2,536;99;0,865;1,671;0,806
80538.8;2,535;146;2,253;0,282;-1,971
80304.4;2,535;203;0,273;2,262;1,989
80449.6;2,534;190;0,869;1,665;0,796
80761.0;2,531;44;1,263;1,268;0,005
80554.0;2,527;83;0,112;2,415;2,303
80869.0;2,526;40;2,526;0,000;-2,526
80843.6;2,525;29;2,523;0,002;-2,521
80598.4;2,524;27;0,145;2,379;2,234
81289.3;2,523;77;0,040;2,483;2,443
80563.2;2,522;41;0,220;2,302;2,082
80712.4;2,520;30;1,269;1,251;-0,018
81244.7;2,520;51;2,510;0,010;-2,500
80589.5;2,518;44;0,602;1,916;1,314
80653.2;2,517;50;0,053;2,464;2,411
80613.7;2,514;71;2,274;0,240;-2,034
80546.2;2,514;84;1,037;1,477;0,440
80642.8;2,513;44;2,480;0,033;-2,447
80552.4;2,513;51;1,625;0,888;-0,737
80691.0;2,510;17;0,435;2,075;1,640
80760.1;2,509;21;0,020;2,489;2,469
81252.4;2,503;51;0,185;2,318;2,133
80708.0;2,494;79;1,508;0,986;-0,522
80519.4;2,493;83;1,827;0,666;-1,161
81104.9;2,493;19;2,491;0,002;-2,489
80575.1;2,491;61;0,508;1,983;1,475
81038.5;2,491;103;0,488;2,003;1,515
80294.8;2,488;163;0,679;1,809;1,130
81242.1;2,486;28;0,078;2,408;2,330
80497.5;2,485;253;1,971;0,514;-1,457
80129.5;2,485;6;2,483;0,002;-2,481
80635.5;2,478;39;1,146;1,332;0,186
81075.8;2,476;54;2,440;0,036;-2,404
80736.7;2,475;28;0,001;2,474;2,473
81229.1;2,474;92;0,289;2,185;1,896
80712.8;2,472;38;2,356;0,116;-2,240
80133.9;2,471;6;2,469;0,002;-2,467
80264.7;2,470;78;0,740;1,730;0,990
80131.5;2,469;3;2,467;0,002;-2,465
80393.5;2,468;119;2,074;0,394;-1,680
80154.4;2,464;42;0,069;2,395;2,326
80509.4;2,463;124;0,224;2,239;2,015
80174.3;2,462;24;0,009;2,453;2,444
80576.2;2,461;133;1,214;1,247;0,033
81220.6;2,461;13;0,007;2,454;2,447
81072.7;2,460;52;0,725;1,735;1,010
80503.2;2,458;193;1,538;0,920;-0,618
80347.0;2,458;126;2,315;0,143;-2,172
80547.0;2,457;67;0,469;1,988;1,519
80752.0;2,457;79;0,001;2,456;2,455
81072.8;2,454;47;1,918;0,536;-1,382
81086.0;2,453;60;1,177;1,276;0,099
81108.0;2,452;52;2,433;0,019;-2,414
80498.7;2,449;147;0,799;1,650;0,851
80647.6;2,446;91;0,552;1,894;1,342
80569.9;2,445;77;2,338;0,107;-2,231
80730.3;2,443;32;2,440;0,003;-2,437
80513.5;2,443;114;1,168;1,275;0,107
80166.1;2,443;55;0,009;2,434;2,425
80613.5;2,439;35;2,092;0,347;-1,745
80833.5;2,438;130;0,483;1,955;1,472
80576.9;2,433;110;0,824;1,609;0,785
80833.6;2,429;45;0,304;2,125;1,821
80643.3;2,427;130;0,166;2,261;2,095
80960.2;2,427;57;0,402;2,025;1,623
80399.7;2,425;87;1,563;0,862;-0,701
80372.6;2,425;185;0,296;2,129;1,833
81076.8;2,424;42;1,066;1,358;0,292
80589.0;2,421;76;1,620;0,801;-0,819
80269.4;2,420;89;1,308;1,112;-0,196
81082.6;2,417;63;0,259;2,158;1,899
80542.4;2,416;172;0,246;2,170;1,924
80153.1;2,414;80;2,250;0,164;-2,086
80663.0;2,411;48;2,355;0,056;-2,299
80297.9;2,411;118;0,374;2,037;1,663
80313.5;2,410;120;1,267;1,143;-0,124
80597.1;2,409;82;0,200;2,209;2,009
80586.4;2,408;67;1,515;0,893;-0,622
80530.5;2,408;59;2,328;0,080;-2,248
80750.7;2,408;26;2,312;0,096;-2,216
80169.8;2,404;47;2,396;0,008;-2,388
80582.4;2,402;57;1,131;1,271;0,140
80595.0;2,400;175;0,458;1,942;1,484
80590.4;2,400;57;1,824;0,576;-1,248
80439.0;2,399;153;0,670;1,729;1,059
80757.3;2,399;16;0,022;2,377;2,355
80573.3;2,397;66;0,480;1,917;1,437
80594.6;2,395;54;1,006;1,389;0,383
80871.9;2,394;23;2,393;0,001;-2,392
80596.5;2,393;95;2,071;0,322;-1,749
80203.2;2,393;74;0,253;2,140;1,887
80234.9;2,392;52;2,354;0,038;-2,316
80259.6;2,391;97;2,324;0,067;-2,257
81114.0;2,390;61;2,358;0,032;-2,326
81116.6;2,388;31;2,344;0,044;-2,300
80304.6;2,385;141;1,188;1,197;0,009
80636.7;2,382;180;0,191;2,191;2,000
80563.7;2,380;46;2,370;0,010;-2,360
80531.1;2,380;91;1,595;0,785;-0,810
80530.2;2,378;56;0,901;1,477;0,576
80617.8;2,377;38;0,054;2,323;2,269
80598.7;2,377;68;0,455;1,922;1,467
81109.4;2,377;58;2,367;0,010;-2,357
80931.7;2,375;14;0,009;2,366;2,357
80619.4;2,374;51;0,014;2,360;2,346
80723.1;2,374;8;2,370;0,004;-2,366
80247.3;2,374;70;0,218;2,156;1,938
80386.3;2,372;159;1,451;0,921;-0,530
80579.2;2,371;96;0,044;2,327;2,283
80185.6;2,371;60;0,248;2,123;1,875
80636.0;2,370;155;2,145;0,225;-1,920
80513.4;2,367;72;0,097;2,270;2,173
80594.5;2,365;57;0,098;2,267;2,169
80438.5;2,362;174;0,560;1,802;1,242
80825.6;2,362;9;2,350;0,012;-2,338
80566.2;2,361;74;2,229;0,132;-2,097
80501.3;2,360;143;0,817;1,543;0,726
80577.6;2,359;103;0,346;2,013;1,667
80604.5;2,357;53;1,268;1,089;-0,179
81085.1;2,357;52;2,091;0,266;-1,825
80154.3;2,356;82;2,314;0,042;-2,272
80683.6;2,355;41;0,393;1,962;1,569
80608.4;2,354;34;1,554;0,800;-0,754
80405.5;2,354;128;1,659;0,695;-0,964
80179.9;2,352;8;2,350;0,002;-2,348
80663.1;2,348;58;0,015;2,333;2,318
80561.8;2,347;44;0,063;2,284;2,221
80752.3;2,346;15;1,864;0,482;-1,382
80332.6;2,346;99;0,380;1,966;1,586
80763.9;2,344;6;2,344;0,000;-2,344
80563.1;2,340;55;1,838;0,502;-1,336
80822.0;2,340;15;2,340;0,000;-2,340
81248.8;2,337;43;0,146;2,191;2,045
80668.9;2,331;68;2,308;0,023;-2,285
80798.1;2,330;20;2,330;0,000;-2,330
80398.2;2,327;107;1,347;0,980;-0,367
80127.6;2,325;30;2,325;0,000;-2,325
80604.3;2,323;58;1,214;1,109;-0,105
81227.0;2,323;17;0,004;2,319;2,315
80198.1;2,322;59;0,062;2,260;2,198
80495.8;2,320;107;1,709;0,611;-1,098
80362.5;2,320;263;0,991;1,329;0,338
80567.7;2,317;56;2,299;0,018;-2,281
81126.6;2,313;53;0,005;2,308;2,303
80741.3;2,312;8;0,063;2,249;2,186
80241.6;2,312;87;0,903;1,409;0,506
80483.5;2,310;114;0,764;1,546;0,782
80258.9;2,308;58;1,981;0,327;-1,654
80654.6;2,307;49;2,287;0,020;-2,267
81032.3;2,306;50;2,271;0,035;-2,236
80577.0;2,303;95;1,648;0,655;-0,993
80606.5;2,301;46;1,197;1,104;-0,093
80602.7;2,301;76;0,319;1,982;1,663
80586.0;2,296;104;0,364;1,932;1,568
80732.7;2,294;75;0,012;2,282;2,270
80645.5;2,292;28;0,034;2,258;2,224
80591.7;2,291;97;1,481;0,810;-0,671
80654.5;2,291;33;2,207;0,084;-2,123
80186.9;2,291;35;2,290;0,001;-2,289
80239.6;2,290;115;2,245;0,045;-2,200
80601.7;2,287;76;0,617;1,670;1,053
80728.7;2,284;51;0,980;1,304;0,324
80393.8;2,284;112;1,351;0,933;-0,418
80229.6;2,284;23;2,218;0,066;-2,152
80539.8;2,283;114;2,064;0,219;-1,845
80562.9;2,278;87;1,401;0,877;-0,524
80823.9;2,278;29;2,267;0,011;-2,256
80249.5;2,277;92;0,789;1,488;0,699
80668.4;2,276;37;0,580;1,696;1,116
80357.8;2,276;166;1,325;0,951;-0,374
81284.0;2,275;101;2,229;0,046;-2,183
80669.3;2,274;16;1,000;1,274;0,274
80634.4;2,270;27;2,137;0,133;-2,004
81051.5;2,268;29;0,741;1,527;0,786
80617.4;2,266;25;0,087;2,179;2,092
81281.1;2,264;14;1,255;1,009;-0,246
81225.0;2,261;102;1,195;1,066;-0,129
80855.4;2,260;54;2,260;0,000;-2,260
80493.3;2,259;129;1,074;1,185;0,111
80593.9;2,258;72;0,822;1,436;0,614
80145.4;2,257;23;2,171;0,086;-2,085
80213.2;2,256;78;0,882;1,374;0,492
80678.5;2,253;26;2,054;0,199;-1,855
81226.6;2,250;102;1,906;0,344;-1,562
80401.4;2,248;80;1,808;0,440;-1,368
81246.1;2,247;77;0,929;1,318;0,389
80226.8;2,246;39;2,235;0,011;-2,224
80603.1;2,245;35;0,667;1,578;0,911
80823.1;2,245;8;0,003;2,242;2,239
80575.6;2,243;52;2,213;0,030;-2,183
80253.5;2,243;48;1,206;1,037;-0,169
80613.0;2,240;33;0,067;2,173;2,106
80579.5;2,239;42;0,755;1,484;0,729
80534.5;2,238;112;1,366;0,872;-0,494
80700.1;2,232;14;2,224;0,008;-2,216
80611.4;2,232;60;0,023;2,209;2,186
80525.9;2,232;44;1,086;1,146;0,060
81275.0;2,231;73;0,028;2,203;2,175
80602.0;2,229;59;0,637;1,592;0,955
80508.8;2,225;135;0,451;1,774;1,323
80140.1;2,224;5;2,187;0,037;-2,150
80721.4;2,223;7;2,218;0,005;-2,213
80402.9;2,221;103;1,206;1,015;-0,191
80240.2;2,220;80;1,384;0,836;-0,548
80283.6;2,217;140;0,764;1,453;0,689
80255.6;2,215;67;2,148;0,067;-2,081
81078.6;2,214;44;0,489;1,725;1,236
80504.7;2,210;98;1,293;0,917;-0,376
80252.7;2,210;90;1,043;1,167;0,124
80620.5;2,209;189;0,891;1,318;0,427
80104.7;2,209;57;0,066;2,143;2,077
80569.3;2,207;36;0,405;1,802;1,397
80508.4;2,206;109;0,322;1,884;1,562
81122.3;2,206;33;2,201;0,005;-2,196
80706.1;2,205;23;0,012;2,193;2,181
81178.7;2,205;59;0,001;2,204;2,203
81231.3;2,204;51;0,389;1,815;1,426
80597.9;2,202;66;1,120;1,082;-0,038
80718.4;2,202;16;2,159;0,043;-2,116
80758.1;2,202;21;0,035;2,167;2,132
81214.3;2,201;22;0,024;2,177;2,153
80398.1;2,197;150;1,503;0,694;-0,809
81002.0;2,197;67;0,054;2,143;2,089
80828.2;2,193;14;2,036;0,157;-1,879
80518.3;2,189;63;0,371;1,818;1,447
80145.7;2,188;50;2,188;0,000;-2,188
80562.0;2,186;67;0,801;1,385;0,584
80135.0;2,186;25;2,107;0,079;-2,028
80543.4;2,184;59;0,089;2,095;2,006
80270.4;2,182;81;1,702;0,480;-1,222
81125.3;2,181;33;2,026;0,155;-1,871
80758.0;2,180;14;1,882;0,298;-1,584
81294.9;2,180;40;2,156;0,024;-2,132
81075.0;2,178;87;0,239;1,939;1,700
80748.0;2,171;47;0,068;2,103;2,035
81257.4;2,170;22;2,120;0,050;-2,070
80626.8;2,168;93;1,928;0,240;-1,688
80879.8;2,168;12;0,006;2,162;2,156
81055.3;2,165;19;2,150;0,015;-2,135
80615.0;2,164;168;0,871;1,293;0,422
80542.5;2,163;145;1,409;0,754;-0,655
80501.2;2,161;97;1,924;0,237;-1,687
80519.2;2,161;89;0,908;1,253;0,345
81082.3;2,161;93;1,197;0,964;-0,233
81180.0;2,159;78;1,310;0,849;-0,461
80630.7;2,157;40;1,899;0,258;-1,641
80774.2;2,154;43;0,113;2,041;1,928
80276.5;2,153;75;1,827;0,326;-1,501
80670.9;2,146;96;1,298;0,848;-0,450
80551.7;2,146;55;0,415;1,731;1,316
80200.8;2,145;16;1,636;0,509;-1,127
80717.7;2,144;50;2,136;0,008;-2,128
81024.4;2,140;13;2,136;0,004;-2,132
80389.4;2,137;181;0,583;1,554;0,971
80672.3;2,137;10;2,130;0,007;-2,123
81005.7;2,137;12;2,134;0,003;-2,131
80895.6;2,136;38;1,054;1,082;0,028
80607.7;2,134;47;0,168;1,966;1,798
80474.6;2,133;192;1,010;1,123;0,113
80157.9;2,132;14;0,018;2,114;2,096
80687.1;2,131;48;0,601;1,530;0,929
81211.1;2,130;12;0,077;2,053;1,976
80334.4;2,129;169;1,492;0,637;-0,855
80266.9;2,128;83;1,793;0,335;-1,458
81046.1;2,121;45;1,761;0,360;-1,401
80684.1;2,119;29;1,980;0,139;-1,841
80707.2;2,118;48;1,429;0,689;-0,740
81044.7;2,118;25;2,097;0,021;-2,076
80602.3;2,117;42;1,398;0,719;-0,679
80214.4;2,116;96;1,921;0,195;-1,726
80564.3;2,115;99;0,368;1,747;1,379
80594.4;2,114;51;2,083;0,031;-2,052
80572.4;2,112;59;0,871;1,241;0,370
80524.4;2,112;111;0,389;1,723;1,334
80115.3;2,112;21;2,111;0,001;-2,110
80663.5;2,109;33;1,183;0,926;-0,257
80726.1;2,106;6;0,104;2,002;1,898
80270.5;2,106;146;1,163;0,943;-0,220
81067.0;2,105;36;1,088;1,017;-0,071
80548.9;2,101;50;0,248;1,853;1,605
80211.9;2,096;37;0,152;1,944;1,792
80167.7;2,095;31;0,081;2,014;1,933
81250.1;2,090;162;0,006;2,084;2,078
80634.9;2,089;66;0,351;1,738;1,387
80486.0;2,089;220;1,105;0,984;-0,121
81111.7;2,089;46;0,165;1,924;1,759
80557.8;2,088;85;1,058;1,030;-0,028
81050.4;2,088;30;1,773;0,315;-1,458
80242.3;2,087;41;0,562;1,525;0,963
80636.5;2,085;64;1,994;0,091;-1,903
80507.0;2,084;137;0,925;1,159;0,234
80167.2;2,082;9;2,055;0,027;-2,028
80549.8;2,079;134;1,810;0,269;-1,541
80353.9;2,079;145;1,016;1,063;0,047
81238.9;2,078;51;0,072;2,006;1,934
80284.0;2,077;328;1,696;0,381;-1,315
80385.4;2,075;105;0,132;1,943;1,811
80199.7;2,074;136;0,024;2,050;2,026
80571.2;2,071;70;0,870;1,201;0,331
80381.3;2,071;178;0,769;1,302;0,533
80837.5;2,070;31;0,488;1,582;1,094
80557.5;2,068;71;1,275;0,793;-0,482
80242.2;2,066;59;0,420;1,646;1,226
80462.8;2,063;142;0,374;1,689;1,315
80129.0;2,058;18;0,205;1,853;1,648
81216.5;2,057;18;1,248;0,809;-0,439
80188.7;2,055;50;0,874;1,181;0,307
80426.6;2,054;156;0,873;1,181;0,308
80555.5;2,052;55;0,534;1,518;0,984
81209.8;2,050;156;1,762;0,288;-1,474
80833.9;2,047;25;0,100;1,947;1,847
80628.3;2,046;34;0,094;1,952;1,858
80900.1;2,044;27;0,059;1,985;1,926
80215.3;2,043;54;1,022;1,021;-0,001
80164.3;2,041;12;2,035;0,006;-2,029
80730.5;2,040;8;0,020;2,020;2,000
81182.3;2,040;67;0,406;1,634;1,228
80834.6;2,037;21;0,316;1,721;1,405
80501.7;2,034;78;0,923;1,111;0,188
80837.9;2,034;11;2,030;0,004;-2,026
80190.7;2,033;17;1,012;1,021;0,009
80529.5;2,032;130;1,321;0,711;-0,610
80506.6;2,029;78;1,652;0,377;-1,275
80100.1;2,026;44;0,005;2,021;2,016
80540.6;2,023;107;0,032;1,991;1,959
80558.2;2,017;46;0,091;1,926;1,835
81028.0;2,016;219;2,007;0,009;-1,998
80960.8;2,015;12;0,066;1,949;1,883
80161.7;2,009;79;2,000;0,009;-1,991
80289.7;2,007;82;1,786;0,221;-1,565
80616.7;2,005;136;0,020;1,985;1,965
81219.6;2,003;39;0,075;1,928;1,853
80540.9;2,002;116;0,157;1,845;1,688
80220.8;2,001;87;0,074;1,927;1,853
81272.7;2,000;88;0,331;1,669;1,338
80220.9;1,998;44;1,716;0,282;-1,434
81210.9;1,997;30;0,083;1,914;1,831
80553.6;1,996;39;0,745;1,251;0,506
80631.6;1,993;20;1,448;0,545;-0,903
80401.8;1,993;119;0,585;1,408;0,823
80148.2;1,992;40;1,899;0,093;-1,806
80668.6;1,990;57;1,824;0,166;-1,658
80322.8;1,990;163;1,320;0,670;-0,650
80229.8;1,989;80;1,526;0,463;-1,063
80482.7;1,985;199;0,580;1,405;0,825
80505.3;1,985;89;0,186;1,799;1,613
80915.7;1,985;56;0,085;1,900;1,815
81221.6;1,984;34;0,044;1,940;1,896
80541.5;1,983;52;0,020;1,963;1,943
81259.4;1,978;71;1,967;0,011;-1,956
80606.8;1,977;26;0,016;1,961;1,945
81164.4;1,975;48;0,105;1,870;1,765
80571.0;1,974;106;1,736;0,238;-1,498
80575.3;1,974;50;0,895;1,079;0,184
80484.7;1,974;124;0,793;1,181;0,388
80553.2;1,973;56;0,137;1,836;1,699
80175.6;1,973;17;1,458;0,515;-0,943
80260.5;1,972;85;0,868;1,104;0,236
80329.4;1,971;132;0,820;1,151;0,331
80471.7;1,970;169;0,982;0,988;0,006
80165.8;1,970;29;1,954;0,016;-1,938
80133.0;1,969;16;1,969;0,000;-1,969
80645.6;1,967;44;1,148;0,819;-0,329
80626.9;1,966;74;0,023;1,943;1,920
80429.1;1,962;167;0,321;1,641;1,320
80344.6;1,958;131;1,401;0,557;-0,844
80979.1;1,956;32;1,954;0,002;-1,952
80870.9;1,955;50;0,162;1,793;1,631
80615.9;1,954;76;0,762;1,192;0,430
80547.4;1,954;72;0,711;1,243;0,532
80660.4;1,952;41;1,382;0,570;-0,812
80704.9;1,952;16;0,006;1,946;1,940
80158.1;1,952;39;0,426;1,526;1,100
80166.6;1,951;23;1,948;0,003;-1,945
80495.4;1,948;117;1,516;0,432;-1,084
80970.0;1,948;46;1,948;0,000;-1,948
80541.9;1,946;93;0,519;1,427;0,908
80524.2;1,946;111;1,215;0,731;-0,484
80158.7;1,945;70;0,005;1,940;1,935
81163.0;1,944;104;0,147;1,797;1,650
80659.8;1,942;39;1,871;0,071;-1,800
81121.1;1,941;21;0,004;1,937;1,933
80158.4;1,939;24;0,002;1,937;1,935
80740.2;1,938;13;0,011;1,927;1,916
81213.6;1,938;54;1,930;0,008;-1,922
80579.4;1,937;58;0,023;1,914;1,891
80957.3;1,935;42;1,913;0,022;-1,891
80611.7;1,934;30;1,165;0,769;-0,396
80543.3;1,932;56;0,069;1,863;1,794
80201.0;1,930;17;0,352;1,578;1,226
81047.2;1,929;74;0,837;1,092;0,255
81069.5;1,928;104;0,073;1,855;1,782
80591.6;1,927;79;0,745;1,182;0,437
81254.0;1,925;43;1,894;0,031;-1,863
80289.2;1,920;104;0,525;1,395;0,870
80501.1;1,918;139;1,041;0,877;-0,164
80575.5;1,916;54;1,202;0,714;-0,488
80522.2;1,916;76;1,528;0,388;-1,140
80778.1;1,915;13;1,915;0,000;-1,915
80715.0;1,914;46;1,897;0,017;-1,880
80616.4;1,914;44;0,854;1,060;0,206
80633.1;1,913;69;1,866;0,047;-1,819
80500.6;1,912;73;0,359;1,553;1,194
81286.2;1,912;95;1,856;0,056;-1,800
81227.8;1,910;24;0,218;1,692;1,474
80632.3;1,909;38;0,388;1,521;1,133
80567.8;1,907;82;0,037;1,870;1,833
81245.2;1,907;28;1,824;0,083;-1,741
80681.9;1,906;18;1,896;0,010;-1,886
80880.6;1,905;5;0,001;1,904;1,903
80210.7;1,903;18;1,072;0,831;-0,241
80688.8;1,902;14;0,321;1,581;1,260
81025.8;1,898;36;1,797;0,101;-1,696
80151.6;1,897;17;1,862;0,035;-1,827
80621.5;1,896;57;1,338;0,558;-0,780
80667.2;1,896;20;1,312;0,584;-0,728
80266.4;1,896;116;0,302;1,594;1,292
80385.1;1,895;124;1,442;0,453;-0,989
80177.8;1,895;19;1,642;0,253;-1,389
80925.9;1,894;64;0,019;1,875;1,856
80458.5;1,892;136;0,391;1,501;1,110
80890.6;1,889;13;1,868;0,021;-1,847
80756.1;1,888;6;0,002;1,886;1,884
80217.3;1,888;26;1,020;0,868;-0,152
80520.2;1,886;105;0,809;1,077;0,268
80548.4;1,885;93;1,523;0,362;-1,161
80709.3;1,885;98;0,011;1,874;1,863
80742.5;1,885;106;1,877;0,008;-1,869
80510.7;1,884;89;0,315;1,569;1,254
80175.8;1,883;5;1,881;0,002;-1,879
80574.3;1,882;51;0,298;1,584;1,286
81055.8;1,880;109;1,849;0,031;-1,818
81004.4;1,879;5;1,876;0,003;-1,873
81010.2;1,878;50;1,832;0,046;-1,786
81086.4;1,876;92;1,803;0,073;-1,730
80904.5;1,875;19;1,874;0,001;-1,873
81100.2;1,870;75;1,852;0,018;-1,834
80628.6;1,869;40;1,834;0,035;-1,799
80576.6;1,867;64;0,384;1,483;1,099
80615.5;1,865;29;0,835;1,030;0,195
80638.7;1,862;18;0,113;1,749;1,636
80517.1;1,860;48;0,684;1,176;0,492
80993.4;1,860;4;0,002;1,858;1,856
81277.8;1,854;87;1,174;0,680;-0,494
80103.2;1,852;37;0,397;1,455;1,058
80355.6;1,851;124;0,902;0,949;0,047
80574.6;1,850;93;1,376;0,474;-0,902
80735.5;1,848;90;0,023;1,825;1,802
80863.2;1,844;14;1,844;0,000;-1,844
80622.5;1,842;74;0,036;1,806;1,770
80211.8;1,841;65;0,023;1,818;1,795
80607.0;1,839;56;0,485;1,354;0,869
81278.2;1,837;100;1,837;0,000;-1,837
80580.6;1,836;69;1,515;0,321;-1,194
80284.8;1,836;68;0,698;1,138;0,440
80300.4;1,832;129;1,477;0,355;-1,122
80166.3;1,830;21;1,828;0,002;-1,826
81264.8;1,828;87;1,813;0,015;-1,798
80401.9;1,827;97;1,502;0,325;-1,177
80602.2;1,826;39;0,074;1,752;1,678
80558.4;1,826;64;0,423;1,403;0,980
80673.2;1,825;29;1,801;0,024;-1,777
80555.2;1,823;51;0,642;1,181;0,539
80376.4;1,823;126;1,574;0,249;-1,325
80722.0;1,821;41;1,094;0,727;-0,367
80872.3;1,820;2;0,001;1,819;1,818
80220.5;1,819;56;1,394;0,425;-0,969
80516.3;1,818;77;0,550;1,268;0,718
80248.1;1,816;56;0,465;1,351;0,886
80549.2;1,813;82;0,996;0,817;-0,179
81071.2;1,809;72;0,713;1,096;0,383
80135.1;1,808;3;1,765;0,043;-1,722
80211.1;1,807;77;1,542;0,265;-1,277
80558.9;1,806;82;1,513;0,293;-1,220
81088.2;1,806;24;1,802;0,004;-1,798
80308.9;1,805;127;1,159;0,646;-0,513
80621.0;1,802;48;0,273;1,529;1,256
80525.7;1,802;30;0,157;1,645;1,488
81193.7;1,802;35;0,359;1,443;1,084
80264.4;1,801;63;1,631;0,170;-1,461
80595.5;1,798;56;1,397;0,401;-0,996
81067.9;1,796;57;1,477;0,319;-1,158
81032.9;1,795;37;1,788;0,007;-1,781
80567.1;1,794;54;0,113;1,681;1,568
80641.1;1,793;66;1,495;0,298;-1,197
80252.1;1,793;65;1,214;0,579;-0,635
80650.2;1,790;52;0,037;1,753;1,716
80431.3;1,788;214;0,753;1,035;0,282
80127.0;1,787;13;1,787;0,000;-1,787
81219.1;1,778;27;1,584;0,194;-1,390
80597.3;1,777;29;0,652;1,125;0,473
80656.2;1,776;78;1,756;0,020;-1,736
80122.9;1,776;42;0,016;1,760;1,744
80742.1;1,773;14;0,040;1,733;1,693
80371.4;1,773;111;0,387;1,386;0,999
80599.2;1,772;33;0,108;1,664;1,556
80576.1;1,771;90;0,925;0,846;-0,079
80510.2;1,766;62;0,276;1,490;1,214
80841.1;1,765;23;0,016;1,749;1,733
80716.1;1,764;9;0,005;1,759;1,754
80684.4;1,764;59;0,065;1,699;1,634
80525.6;1,764;54;1,504;0,260;-1,244
80160.0;1,764;84;0,886;0,878;-0,008
80565.5;1,763;77;1,537;0,226;-1,311
80623.0;1,762;47;0,154;1,608;1,454
81221.4;1,762;14;0,005;1,757;1,752
80210.4;1,757;47;0,874;0,883;0,009
80570.4;1,756;57;1,639;0,117;-1,522
80618.5;1,755;30;0,820;0,935;0,115
80247.8;1,755;52;1,723;0,032;-1,691
80612.1;1,753;58;0,704;1,049;0,345
80568.1;1,751;66;0,530;1,221;0,691
80215.7;1,751;32;0,345;1,406;1,061
80836.2;1,750;76;0,286;1,464;1,178
80156.1;1,749;36;1,404;0,345;-1,059
81226.0;1,747;55;0,705;1,042;0,337
81262.0;1,745;104;0,955;0,790;-0,165
80614.5;1,740;35;1,171;0,569;-0,602
80606.0;1,740;89;0,753;0,987;0,234
80148.9;1,739;27;1,494;0,245;-1,249
80611.9;1,738;28;1,038;0,700;-0,338
80623.7;1,735;16;0,212;1,523;1,311
80260.3;1,733;60;0,826;0,907;0,081
80171.7;1,732;14;1,731;0,001;-1,730
80614.7;1,731;44;0,765;0,966;0,201
80246.3;1,731;78;1,535;0,196;-1,339
80542.7;1,730;62;0,312;1,418;1,106
81077.5;1,730;45;1,707;0,023;-1,684
80395.6;1,729;149;0,705;1,024;0,319
80675.3;1,726;23;0,443;1,283;0,840
80253.1;1,726;36;1,683;0,043;-1,640
80782.3;1,724;7;0,013;1,711;1,698
80504.8;1,723;121;1,223;0,500;-0,723
80131.0;1,721;8;1,721;0,000;-1,721
80531.6;1,720;101;0,561;1,159;0,598
80870.0;1,716;44;1,197;0,519;-0,678
81215.2;1,714;39;0,131;1,583;1,452
80782.4;1,712;15;0,004;1,708;1,704
80513.8;1,710;105;0,424;1,286;0,862
80730.4;1,710;9;1,707;0,003;-1,704
80222.2;1,709;84;0,105;1,604;1,499
80614.8;1,707;89;1,048;0,659;-0,389
81202.1;1,705;73;0,763;0,942;0,179
80197.8;1,704;36;1,483;0,221;-1,262
81072.0;1,702;144;0,189;1,513;1,324
80612.3;1,701;66;0,078;1,623;1,545
81248.4;1,701;48;0,092;1,609;1,517
80756.7;1,700;7;1,699;0,001;-1,698
81060.5;1,700;25;1,691;0,009;-1,682
80237.7;1,699;43;1,002;0,697;-0,305
80246.6;1,698;55;1,412;0,286;-1,126
80259.2;1,697;48;1,558;0,139;-1,419
80566.3;1,695;58;0,739;0,956;0,217
80117.6;1,692;18;0,003;1,689;1,686
81036.6;1,691;72;0,142;1,549;1,407
80612.9;1,689;42;0,448;1,241;0,793
80561.6;1,689;64;0,508;1,181;0,673
80281.1;1,688;106;0,639;1,049;0,410
81096.0;1,687;96;0,066;1,621;1,555
80582.5;1,683;157;1,048;0,635;-0,413
80216.7;1,680;30;0,007;1,673;1,666
80234.5;1,679;44;1,544;0,135;-1,409
80629.5;1,675;30;0,116;1,559;1,443
80231.2;1,673;70;0,479;1,194;0,715
80203.7;1,672;17;1,629;0,043;-1,586
80527.3;1,670;69;1,103;0,567;-0,536
80651.9;1,669;47;0,627;1,042;0,415
80602.1;1,665;50;0,560;1,105;0,545
80213.3;1,664;51;1,491;0,173;-1,318
80507.4;1,662;110;0,380;1,282;0,902
80218.0;1,661;81;0,462;1,199;0,737
80522.3;1,660;49;1,608;0,052;-1,556
80742.4;1,660;15;1,654;0,006;-1,648
80506.7;1,659;99;1,087;0,572;-0,515
80151.1;1,659;28;0,014;1,645;1,631
80489.4;1,655;83;0,570;1,085;0,515
80391.4;1,653;114;1,253;0,400;-0,853
80960.7;1,652;36;0,040;1,612;1,572
80391.5;1,651;125;0,262;1,389;1,127
80117.5;1,651;44;0,365;1,286;0,921
80218.3;1,650;83;1,169;0,481;-0,688
80234.0;1,649;82;1,517;0,132;-1,385
80241.2;1,648;90;1,632;0,016;-1,616
80755.1;1,647;21;0,015;1,632;1,617
80230.6;1,647;25;1,626;0,021;-1,605
81113.9;1,643;58;0,110;1,533;1,423
80597.8;1,639;57;0,021;1,618;1,597
80544.3;1,639;65;1,490;0,149;-1,341
80600.9;1,638;41;1,314;0,324;-0,990
80209.0;1,634;54;0,018;1,616;1,598
80269.2;1,632;76;0,517;1,115;0,598
80621.9;1,630;53;0,043;1,587;1,544
80215.4;1,625;47;0,197;1,428;1,231
80646.9;1,624;56;0,685;0,939;0,254
80618.9;1,622;19;0,969;0,653;-0,316
80554.4;1,622;37;0,765;0,857;0,092
80837.2;1,621;38;0,008;1,613;1,605
80248.0;1,620;128;0,669;0,951;0,282
80700.2;1,618;27;0,013;1,605;1,592
81214.5;1,618;15;0,006;1,612;1,606
80634.5;1,617;35;0,925;0,692;-0,233
80284.7;1,616;159;0,953;0,663;-0,290
80495.7;1,615;113;1,466;0,149;-1,317
80592.5;1,614;96;0,401;1,213;0,812
80159.0;1,614;37;1,457;0,157;-1,300
81052.6;1,613;24;1,601;0,012;-1,589
81196.1;1,612;50;1,592;0,020;-1,572
80948.2;1,610;5;1,597;0,013;-1,584
80643.4;1,609;31;0,727;0,882;0,155
80739.2;1,607;10;0,008;1,599;1,591
81247.2;1,606;79;0,192;1,414;1,222
81099.9;1,605;25;1,593;0,012;-1,581
80141.4;1,604;18;1,545;0,059;-1,486
80169.0;1,602;15;0,314;1,288;0,974
80533.8;1,599;76;0,103;1,496;1,393
80777.1;1,599;6;1,579;0,020;-1,559
80138.7;1,597;28;0,132;1,465;1,333
80413.6;1,596;168;0,808;0,788;-0,020
81115.4;1,596;47;0,446;1,150;0,704
80834.5;1,595;20;1,581;0,014;-1,567
80727.0;1,594;17;0,376;1,218;0,842
80770.1;1,593;6;1,593;0,000;-1,593
81234.8;1,592;126;0,076;1,516;1,440
80564.4;1,591;55;0,510;1,081;0,571
80281.4;1,590;91;1,081;0,509;-0,572
80592.8;1,589;29;0,307;1,282;0,975
81072.2;1,588;43;1,520;0,068;-1,452
80283.7;1,586;86;1,230;0,356;-0,874
80254.2;1,585;84;0,250;1,335;1,085
80694.8;1,584;79;1,580;0,004;-1,576
80745.6;1,584;9;0,007;1,577;1,570
80960.4;1,583;20;1,003;0,580;-0,423
80224.3;1,582;51;1,133;0,449;-0,684
80243.7;1,578;47;1,451;0,127;-1,324
80385.2;1,577;106;0,889;0,688;-0,201
80548.3;1,576;149;0,484;1,092;0,608
81237.1;1,576;36;1,484;0,092;-1,392
80883.0;1,574;14;0,153;1,421;1,268
80706.8;1,573;16;0,009;1,564;1,555
80710.2;1,573;15;1,195;0,378;-0,817
80540.7;1,573;61;0,514;1,059;0,545
80942.4;1,572;15;0,090;1,482;1,392
80869.1;1,571;34;0,015;1,556;1,541
80618.4;1,570;42;0,311;1,259;0,948
80652.9;1,568;49;0,017;1,551;1,534
80655.9;1,568;27;1,544;0,024;-1,520
81211.8;1,567;11;0,964;0,603;-0,361
81060.2;1,566;64;0,240;1,326;1,086
81070.9;1,565;44;0,442;1,123;0,681
80248.7;1,564;84;0,196;1,368;1,172
81048.8;1,563;49;1,434;0,129;-1,305
80390.9;1,558;172;1,003;0,555;-0,448
80600.4;1,556;39;0,101;1,455;1,354
80591.0;1,550;53;0,961;0,589;-0,372
81087.7;1,550;67;0,084;1,466;1,382
80271.1;1,549;107;0,771;0,778;0,007
80604.9;1,547;76;0,571;0,976;0,405
80272.4;1,546;95;1,275;0,271;-1,004
80669.8;1,545;17;1,473;0,072;-1,401
80213.5;1,544;57;1,389;0,155;-1,234
80964.9;1,543;26;0,001;1,542;1,541
80997.6;1,542;2;1,542;0,000;-1,542
80713.6;1,541;30;0,011;1,530;1,519
80528.9;1,540;42;1,521;0,019;-1,502
80657.6;1,537;53;1,479;0,058;-1,421
80158.5;1,536;14;1,087;0,449;-0,638
80619.3;1,535;52;0,506;1,029;0,523
80624.8;1,535;35;0,532;1,003;0,471
80295.6;1,535;102;1,094;0,441;-0,653
80716.7;1,534;26;0,525;1,009;0,484
80236.5;1,533;75;0,501;1,032;0,531
80516.4;1,530;46;0,924;0,606;-0,318
80344.3;1,530;137;0,237;1,293;1,056
80584.9;1,527;66;1,080;0,447;-0,633
80874.4;1,526;14;1,526;0,000;-1,526
80682.0;1,525;24;1,399;0,126;-1,273
80273.5;1,522;106;0,123;1,399;1,276
80772.8;1,521;4;1,521;0,000;-1,521
80602.4;1,519;42;0,217;1,302;1,085
80277.6;1,519;90;0,835;0,684;-0,151
80632.9;1,518;35;1,418;0,100;-1,318
80614.6;1,516;24;0,523;0,993;0,470
80571.8;1,516;63;1,393;0,123;-1,270
80690.0;1,513;48;0,730;0,783;0,053
80262.1;1,513;100;0,782;0,731;-0,051
80624.7;1,512;26;0,536;0,976;0,440
80153.9;1,508;41;0,482;1,026;0,544
80631.9;1,506;68;0,981;0,525;-0,456
80651.6;1,506;25;1,188;0,318;-0,870
80638.9;1,506;32;0,573;0,933;0,360
81239.9;1,506;17;1,422;0,084;-1,338
81226.1;1,504;57;1,421;0,083;-1,338
80735.0;1,503;43;0,768;0,735;-0,033
80677.0;1,502;14;0,959;0,543;-0,416
80138.9;1,502;18;0,124;1,378;1,254
80697.5;1,501;30;0,118;1,383;1,265
80389.3;1,501;115;1,223;0,278;-0,945
80245.8;1,499;42;1,408;0,091;-1,317
80687.6;1,498;8;1,495;0,003;-1,492
80651.4;1,496;25;1,426;0,070;-1,356
80231.7;1,496;47;0,183;1,313;1,130
80539.4;1,495;68;0,329;1,166;0,837
80728.4;1,490;62;1,450;0,040;-1,410
80212.1;1,489;62;0,109;1,380;1,271
80831.5;1,488;19;1,487;0,001;-1,486
80626.1;1,487;63;0,429;1,058;0,629
80272.3;1,487;63;1,119;0,368;-0,751
80667.7;1,483;12;0,222;1,261;1,039
80747.1;1,483;9;1,481;0,002;-1,479
80264.1;1,482;80;0,880;0,602;-0,278
80206.4;1,481;131;0,013;1,468;1,455
80568.7;1,479;54;0,433;1,046;0,613
80603.6;1,478;46;0,462;1,016;0,554
80578.7;1,475;69;0,600;0,875;0,275
80223.4;1,475;51;1,246;0,229;-1,017
80595.8;1,474;91;0,558;0,916;0,358
80754.7;1,474;5;0;1,474;1,474
80123.0;1,474;18;0,433;1,041;0,608
80116.9;1,473;39;1,460;0,013;-1,447
80225.0;1,472;92;1,379;0,093;-1,286
81023.1;1,468;19;1,397;0,071;-1,326
80542.6;1,467;118;1,124;0,343;-0,781
80862.5;1,467;9;1,466;0,001;-1,465
81038.2;1,462;108;0,037;1,425;1,388
80521.7;1,461;49;0,412;1,049;0,637
81123.4;1,461;6;0,000;1,461;1,461
80627.2;1,459;58;0,009;1,450;1,441
80882.5;1,459;19;1,449;0,010;-1,439
80742.0;1,457;25;1,275;0,182;-1,093
80178.5;1,457;4;1,457;0,000;-1,457
80671.9;1,455;21;1,450;0,005;-1,445
80658.2;1,454;43;0,705;0,749;0,044
80718.1;1,454;42;1,360;0,094;-1,266
80659.6;1,452;36;0,048;1,404;1,356
80958.0;1,452;31;1,445;0,007;-1,438
80282.5;1,449;124;0,790;0,659;-0,131
80506.5;1,447;83;0,212;1,235;1,023
81060.4;1,446;25;1,259;0,187;-1,072
81014.3;1,445;32;0,992;0,453;-0,539
80613.3;1,443;28;0,238;1,205;0,967
81023.0;1,443;17;0,994;0,449;-0,545
80640.2;1,439;54;0,305;1,134;0,829
80337.6;1,439;99;0,369;1,070;0,701
81246.0;1,438;88;1,320;0,118;-1,202
80879.5;1,437;20;1,222;0,215;-1,007
80583.8;1,436;63;0,361;1,075;0,714
80685.0;1,433;54;0,034;1,399;1,365
81008.0;1,431;33;0,177;1,254;1,077
81073.5;1,429;18;1,097;0,332;-0,765
80864.1;1,427;40;1,423;0,004;-1,419
80203.8;1,426;18;0,337;1,089;0,752
80825.7;1,425;8;1,424;0,001;-1,423
80495.6;1,424;106;0,263;1,161;0,898
80378.2;1,424;132;1,157;0,267;-0,890
80160.1;1,423;16;0,018;1,405;1,387
80624.1;1,422;42;0,013;1,409;1,396
81155.0;1,422;25;1,411;0,011;-1,400
80726.8;1,420;43;0,023;1,397;1,374
80194.1;1,419;64;0,070;1,349;1,279
80382.2;1,412;92;1,076;0,336;-0,740
80530.3;1,412;60;0,117;1,295;1,178
80575.2;1,410;33;1,348;0,062;-1,286
80334.2;1,410;104;0,246;1,164;0,918
80606.6;1,409;41;0,037;1,372;1,335
80580.4;1,409;37;0,154;1,255;1,101
80753.7;1,409;4;1,177;0,232;-0,945
80122.8;1,405;52;1,401;0,004;-1,397
80877.0;1,404;13;1,387;0,017;-1,370
81038.3;1,403;28;1,296;0,107;-1,189
80707.9;1,402;15;1,387;0,015;-1,372
81293.8;1,400;42;0,054;1,346;1,292
80369.7;1,398;126;1,006;0,392;-0,614
80637.1;1,397;48;0,903;0,494;-0,409
80923.3;1,395;20;1,382;0,013;-1,369
80795.0;1,392;46;0,125;1,267;1,142
80576.7;1,391;58;0,925;0,466;-0,459
81009.5;1,391;14;1,222;0,169;-1,053
80211.4;1,389;28;1,141;0,248;-0,893
80550.9;1,388;40;0,482;0,906;0,424
80217.1;1,388;35;0,276;1,112;0,836
80565.6;1,387;60;0,486;0,901;0,415
81034.8;1,386;36;1,263;0,123;-1,140
80167.1;1,385;22;1,020;0,365;-0,655
80610.2;1,383;47;0,086;1,297;1,211
80413.5;1,383;107;0,882;0,501;-0,381
81084.9;1,383;52;0,721;0,662;-0,059
80523.4;1,382;62;0,201;1,181;0,980
80533.5;1,382;99;0,210;1,172;0,962
80518.6;1,382;61;0,073;1,309;1,236
80161.3;1,380;40;0,033;1,347;1,314
80701.0;1,378;32;0,154;1,224;1,070
80598.5;1,377;40;0,013;1,364;1,351
80220.4;1,376;44;1,255;0,121;-1,134
81158.0;1,375;105;1,371;0,004;-1,367
80538.3;1,374;31;1,066;0,308;-0,758
80260.7;1,374;35;1,139;0,235;-0,904
80257.3;1,373;38;1,226;0,147;-1,079
80284.4;1,372;106;0,188;1,184;0,996
80731.7;1,371;9;1,370;0,001;-1,369
80720.7;1,370;6;1,369;0,001;-1,368
81072.5;1,370;78;1,305;0,065;-1,240
80904.6;1,369;5;1,369;0,000;-1,369
80561.3;1,368;43;0,566;0,802;0,236
80879.7;1,367;23;0,532;0,835;0,303
80199.0;1,366;13;1,359;0,007;-1,352
81135.7;1,365;81;1,364;0,001;-1,363
80704.6;1,364;17;1,324;0,040;-1,284
80544.7;1,360;50;0,398;0,962;0,564
80110.3;1,359;25;1,324;0,035;-1,289
80553.3;1,357;33;0,473;0,884;0,411
80696.6;1,353;35;1,353;0;-1,353
80732.4;1,352;23;0,725;0,627;-0,098
80728.6;1,351;73;0,704;0,647;-0,057
80439.3;1,350;148;0,357;0,993;0,636
80823.8;1,350;8;0,332;1,018;0,686
81054.0;1,347;46;1,304;0,043;-1,261
80662.3;1,345;48;0,449;0,896;0,447
80110.4;1,345;28;0,005;1,340;1,335
80697.4;1,344;36;1,071;0,273;-0,798
80656.5;1,344;28;0,015;1,329;1,314
80917.5;1,344;20;1,343;0,001;-1,342
80654.0;1,343;91;0,059;1,284;1,225
80263.4;1,339;83;1,233;0,106;-1,127
80182.0;1,337;32;1,330;0,007;-1,323
80202.0;1,336;53;1,275;0,061;-1,214
80790.0;1,332;21;0,140;1,192;1,052
81034.6;1,330;24;0,010;1,320;1,310
81273.7;1,329;49;0,479;0,850;0,371
81261.1;1,327;46;1,322;0,005;-1,317
80742.8;1,326;11;0,071;1,255;1,184
81103.4;1,326;54;1,215;0,111;-1,104
80661.7;1,325;42;1,251;0,074;-1,177
80938.3;1,325;48;1,163;0,162;-1,001
80254.3;1,324;58;1,305;0,019;-1,286
80587.1;1,322;57;0,470;0,852;0,382
80531.3;1,322;47;0,425;0,897;0,472
80705.5;1,320;26;0,940;0,380;-0,560
80687.2;1,320;14;0,005;1,315;1,310
80776.0;1,319;13;1,318;0,001;-1,317
80685.2;1,317;12;1,196;0,121;-1,075
80681.8;1,314;32;1,272;0,042;-1,230
80243.5;1,314;43;0,317;0,997;0,680
81051.9;1,313;38;1,292;0,021;-1,271
80632.4;1,311;20;1,307;0,004;-1,303
80619.5;1,311;37;0,710;0,601;-0,109
80259.5;1,311;84;1,227;0,084;-1,143
80120.4;1,310;10;1,309;0,001;-1,308
80543.5;1,309;50;1,041;0,268;-0,773
80592.0;1,308;187;0,882;0,426;-0,456
80678.4;1,308;12;1,057;0,251;-0,806
80629.8;1,308;84;0,265;1,043;0,778
80862.2;1,308;10;1,308;0,000;-1,308
80484.5;1,307;88;0,347;0,960;0,613
81176.9;1,305;20;0,618;0,687;0,069
81217.5;1,304;54;0,013;1,291;1,278
80583.6;1,303;49;1,051;0,252;-0,799
80526.0;1,303;93;0,197;1,106;0,909
80679.2;1,303;14;1,095;0,208;-0,887
80214.1;1,303;63;0,739;0,564;-0,175
81102.1;1,301;21;1,293;0,008;-1,285
80546.7;1,300;40;0,233;1,067;0,834
80735.7;1,298;31;0,465;0,833;0,368
80585.9;1,298;43;0,668;0,630;-0,038
81220.0;1,297;168;0,221;1,076;0,855
80211.3;1,296;49;1,029;0,267;-0,762
80633.9;1,295;24;1,246;0,049;-1,197
80568.3;1,294;28;1,089;0,205;-0,884
80187.4;1,293;23;1,289;0,004;-1,285
80608.2;1,291;40;0,478;0,813;0,335
80129.3;1,291;8;1,268;0,023;-1,245
80237.2;1,290;66;0,240;1,050;0,810
81220.9;1,289;30;0,848;0,441;-0,407
80686.7;1,288;47;1,288;0,000;-1,288
80559.5;1,287;45;0,705;0,582;-0,123
80544.4;1,287;45;0,090;1,197;1,107
80524.1;1,286;66;0,616;0,670;0,054
80730.9;1,286;7;1,284;0,002;-1,282
81214.0;1,286;102;1,155;0,131;-1,024
81095.0;1,284;47;1,225;0,059;-1,166
80713.0;1,283;21;1,271;0,012;-1,259
81006.2;1,282;43;0,383;0,899;0,516
80631.2;1,281;90;0,043;1,238;1,195
80127.7;1,279;10;1,279;0,000;-1,279
80723.2;1,277;14;0,008;1,269;1,261
80110.0;1,276;17;1,268;0,008;-1,260
80523.7;1,274;58;0,430;0,844;0,414
80986.6;1,274;12;0,038;1,236;1,198
80249.1;1,272;121;0,241;1,031;0,790
81062.4;1,271;15;1,205;0,066;-1,139
80594.9;1,268;49;0,151;1,117;0,966
80212.9;1,268;48;1,123;0,145;-0,978
80679.8;1,267;18;1,108;0,159;-0,949
80274.2;1,267;105;0,316;0,951;0,635
80887.0;1,265;13;1,261;0,004;-1,257
80206.1;1,264;15;1,136;0,128;-1,008
80608.3;1,263;25;0,062;1,201;1,139
80253.8;1,263;71;0,587;0,676;0,089
80188.6;1,262;27;1,234;0,028;-1,206
80765.1;1,260;10;1,260;0,000;-1,260
80538.2;1,259;46;0,060;1,199;1,139
81226.2;1,258;26;0,010;1,248;1,238
80698.9;1,256;22;0,010;1,246;1,236
80635.6;1,256;29;0,943;0,313;-0,630
80707.7;1,256;12;0,498;0,758;0,260
80130.3;1,256;12;0,785;0,471;-0,314
81219.7;1,255;21;0,041;1,214;1,173
80195.2;1,254;71;0,539;0,715;0,176
80409.1;1,253;147;0,906;0,347;-0,559
80619.1;1,252;27;0,964;0,288;-0,676
80633.8;1,251;49;0,153;1,098;0,945
81089.5;1,251;16;1,109;0,142;-0,967
80661.1;1,250;16;1,180;0,070;-1,110
81121.4;1,250;19;1,245;0,005;-1,240
80723.8;1,249;7;0,005;1,244;1,239
80836.0;1,249;70;0,258;0,991;0,733
80733.2;1,248;10;0,608;0,640;0,032
80163.5;1,248;14;0,003;1,245;1,242
80741.1;1,247;28;0,914;0,333;-0,581
80610.6;1,246;37;0,964;0,282;-0,682
80762.2;1,246;20;0,063;1,183;1,120
80141.6;1,245;7;1,241;0,004;-1,237
80711.6;1,244;7;1,179;0,065;-1,114
80233.9;1,244;47;1,146;0,098;-1,048
80651.3;1,243;31;1,007;0,236;-0,771
80403.8;1,241;123;0,512;0,729;0,217
80539.6;1,240;59;0,420;0,820;0,400
80172.8;1,240;7;1,240;0,000;-1,240
81240.3;1,238;12;0,005;1,233;1,228
80527.6;1,237;40;1,203;0,034;-1,169
80151.4;1,237;26;1,207;0,030;-1,177
80725.5;1,236;7;0,002;1,234;1,232
80153.8;1,236;27;1,230;0,006;-1,224
80546.3;1,234;45;0,233;1,001;0,768
80747.6;1,234;7;0,063;1,171;1,108
80553.8;1,233;52;0,272;0,961;0,689
80638.2;1,232;64;0,016;1,216;1,200
81087.3;1,232;35;1,109;0,123;-0,986
81290.7;1,229;41;1,219;0,010;-1,209
81080.5;1,227;39;1,012;0,215;-0,797
80709.6;1,226;18;1,223;0,003;-1,220
80528.8;1,225;41;0,020;1,205;1,185
80397.9;1,225;122;0,884;0,341;-0,543
80239.4;1,224;36;0,789;0,435;-0,354
80552.7;1,223;60;0,953;0,270;-0,683
80718.2;1,223;49;0,005;1,218;1,213
80649.8;1,222;66;0,713;0,509;-0,204
81163.6;1,222;6;1,217;0,005;-1,212
80661.3;1,221;67;1,051;0,170;-0,881
80390.6;1,220;100;0,383;0,837;0,454
80526.4;1,220;76;1,004;0,216;-0,788
80525.4;1,220;29;0,020;1,200;1,180
80650.4;1,218;18;0,007;1,211;1,204
81221.8;1,217;19;0,012;1,205;1,193
80636.9;1,216;34;0,189;1,027;0,838
80539.1;1,215;75;1,170;0,045;-1,125
80639.0;1,214;32;1,158;0,056;-1,102
81024.8;1,209;55;1,207;0,002;-1,205
80566.9;1,206;33;1,187;0,019;-1,168
80659.5;1,205;25;0,071;1,134;1,063
80829.4;1,202;29;1,200;0,002;-1,198
80631.7;1,200;34;1,161;0,039;-1,122
80322.7;1,200;134;0,626;0,574;-0,052
80599.6;1,199;33;0,082;1,117;1,035
80215.2;1,198;83;0,896;0,302;-0,594
80202.8;1,197;64;0,085;1,112;1,027
80537.9;1,196;55;1,157;0,039;-1,118
80216.5;1,196;70;0,147;1,049;0,902
80636.3;1,191;94;0,231;0,960;0,729
80603.0;1,190;46;0,155;1,035;0,880
80182.5;1,190;21;0,438;0,752;0,314
80681.3;1,188;45;0,255;0,933;0,678
81057.4;1,188;78;0,080;1,108;1,028
80684.8;1,186;15;1,184;0,002;-1,182
81192.4;1,186;13;1,185;0,001;-1,184
80688.9;1,182;21;1,175;0,007;-1,168
80533.3;1,182;101;0,729;0,453;-0,276
80525.3;1,182;44;1,076;0,106;-0,970
80905.0;1,182;26;1,176;0,006;-1,170
80868.7;1,181;16;0,003;1,178;1,175
80696.8;1,180;14;0,071;1,109;1,038
80705.3;1,180;40;0,391;0,789;0,398
80099.0;1,178;6;1,026;0,152;-0,874
80633.2;1,175;25;1,061;0,114;-0,947
80672.1;1,175;12;1,172;0,003;-1,169
80532.6;1,174;108;0,383;0,791;0,408
81154.4;1,174;30;1,172;0,002;-1,170
80991.9;1,173;1;1,173;0,000;-1,173
80252.8;1,172;56;0,181;0,991;0,810
80704.3;1,171;12;0,509;0,662;0,153
80666.3;1,171;21;0,399;0,772;0,373
80136.4;1,170;19;0,003;1,167;1,164
80628.4;1,168;49;0,265;0,903;0,638
80140.0;1,168;35;1,159;0,009;-1,150
80227.2;1,166;88;0,595;0,571;-0,024
80250.5;1,163;42;1,101;0,062;-1,039
80638.0;1,161;66;0,782;0,379;-0,403
80620.9;1,160;25;0,004;1,156;1,152
80588.3;1,160;38;0,361;0,799;0,438
81217.1;1,158;33;0,131;1,027;0,896
80484.6;1,157;107;0,317;0,840;0,523
80887.9;1,153;6;0,004;1,149;1,145
80661.4;1,150;27;0,442;0,708;0,266
80667.8;1,149;35;0,782;0,367;-0,415
80264.5;1,149;70;0,091;1,058;0,967
80625.3;1,148;43;0,604;0,544;-0,060
80746.8;1,148;27;1,120;0,028;-1,092
81229.9;1,148;22;0,777;0,371;-0,406
80547.3;1,147;38;1,135;0,012;-1,123
80254.8;1,145;105;0,879;0,266;-0,613
80634.0;1,143;51;1,124;0,019;-1,105
80236.3;1,143;32;0,510;0,633;0,123
80631.1;1,142;35;1,125;0,017;-1,108
80711.9;1,142;20;0,097;1,045;0,948
80665.0;1,141;91;0,173;0,968;0,795
80141.7;1,140;19;1,130;0,010;-1,120
80529.9;1,139;73;1,060;0,079;-0,981
81172.0;1,138;12;1,135;0,003;-1,132
80231.8;1,137;56;0,017;1,120;1,103
81204.9;1,136;17;0,006;1,130;1,124
80228.8;1,135;61;1,120;0,015;-1,105
80631.0;1,133;57;0,447;0,686;0,239
80662.8;1,133;72;0,161;0,972;0,811
80906.3;1,132;10;1,129;0,003;-1,126
81074.9;1,129;44;0,407;0,722;0,315
80213.0;1,128;54;0,689;0,439;-0,250
80628.5;1,124;30;0,946;0,178;-0,768
81081.0;1,123;31;0,954;0,169;-0,785
80217.6;1,122;26;1,076;0,046;-1,030
80145.5;1,120;9;1,120;0,000;-1,120
80568.9;1,119;45;0,539;0,580;0,041
80663.9;1,117;41;1,042;0,075;-0,967
80659.3;1,116;58;0,029;1,087;1,058
80259.4;1,113;68;0,276;0,837;0,561
80734.0;1,112;17;0,003;1,109;1,106
80169.7;1,111;18;1,087;0,024;-1,063
80716.4;1,110;22;0,991;0,119;-0,872
80225.6;1,109;38;1,065;0,044;-1,021
80716.8;1,106;17;0,867;0,239;-0,628
80693.0;1,105;36;0,827;0,278;-0,549
80445.5;1,105;147;0,509;0,596;0,087
80541.4;1,102;52;0,116;0,986;0,870
80551.8;1,102;40;0,048;1,054;1,006
80739.8;1,102;18;0,071;1,031;0,960
81131.6;1,102;21;0,157;0,945;0,788
81248.0;1,101;90;0,111;0,990;0,879
80202.2;1,098;40;1,024;0,074;-0,950
81029.6;1,097;12;1,091;0,006;-1,085
80575.4;1,096;56;0,914;0,182;-0,732
80523.2;1,096;45;0,990;0,106;-0,884
81084.3;1,096;21;1,046;0,050;-0,996
80539.5;1,094;54;0,901;0,193;-0,708
80224.7;1,094;49;0,760;0,334;-0,426
80540.4;1,089;69;0,704;0,385;-0,319
80736.1;1,088;8;0,136;0,952;0,816
80713.4;1,088;4;0,003;1,085;1,082
80283.9;1,087;73;0,480;0,607;0,127
80622.0;1,085;61;0,037;1,048;1,011
80723.0;1,083;6;0,376;0,707;0,331
80906.0;1,083;55;0,957;0,126;-0,831
80232.6;1,082;45;0,720;0,362;-0,358
81061.4;1,081;41;0,842;0,239;-0,603
80542.8;1,080;53;0,452;0,628;0,176
80181.8;1,080;20;0,248;0,832;0,584
80157.1;1,079;11;1,006;0,073;-0,933
80566.1;1,078;70;1,047;0,031;-1,016
80180.1;1,077;24;0,399;0,678;0,279
80560.7;1,076;56;0,493;0,583;0,090
80213.1;1,076;42;0,142;0,934;0,792
80521.3;1,075;43;0,814;0,261;-0,553
80670.3;1,073;10;0,261;0,812;0,551
80212.4;1,073;55;0,289;0,784;0,495
80232.5;1,071;92;0,604;0,467;-0,137
80624.3;1,068;57;0,254;0,814;0,560
80972.8;1,068;42;1,068;0,000;-1,068
80637.5;1,067;70;0,620;0,447;-0,173
81025.3;1,067;20;0,909;0,158;-0,751
80389.2;1,063;82;0,193;0,870;0,677
81263.0;1,063;42;0,044;1,019;0,975
80507.6;1,062;79;0,111;0,951;0,840
81237.7;1,062;16;0,051;1,011;0,960
80732.9;1,060;5;0,002;1,058;1,056
80590.9;1,058;55;0,397;0,661;0,264
80881.2;1,057;18;0,052;1,005;0,953
80627.1;1,056;75;0,309;0,747;0,438
80711.8;1,055;62;1,052;0,003;-1,049
80218.6;1,053;25;0,752;0,301;-0,451
80158.3;1,052;30;1,049;0,003;-1,046
80566.0;1,051;136;0,521;0,530;0,009
80232.3;1,050;20;0,422;0,628;0,206
80657.7;1,049;40;0,083;0,966;0,883
80827.3;1,048;33;1,045;0,003;-1,042
80521.9;1,047;57;0,763;0,284;-0,479
80253.9;1,047;68;0,624;0,423;-0,201
81192.2;1,046;14;1,045;0,001;-1,044
81062.3;1,044;33;0,942;0,102;-0,840
80215.8;1,042;37;0,292;0,750;0,458
80598.6;1,041;32;0,908;0,133;-0,775
81066.8;1,041;21;1,039;0,002;-1,037
80661.0;1,039;38;0,533;0,506;-0,027
80207.2;1,039;90;1,030;0,009;-1,021
80516.5;1,037;64;1,002;0,035;-0,967
81233.8;1,037;16;0,015;1,022;1,007
80696.9;1,036;14;0,011;1,025;1,014
81103.5;1,035;60;0,256;0,779;0,523
81052.2;1,033;26;0,367;0,666;0,299
80751.3;1,032;7;0,002;1,030;1,028
80238.4;1,032;58;0,982;0,050;-0,932
80518.5;1,031;93;0,170;0,861;0,691
80749.0;1,031;9;0,003;1,028;1,025
80156.9;1,031;16;0,033;0,998;0,965
80168.4;1,030;13;1,030;0,000;-1,030
80551.3;1,029;33;0,872;0,157;-0,715
80127.2;1,028;30;1,026;0,002;-1,024
80653.3;1,027;48;0,805;0,222;-0,583
80943.9;1,027;5;1,021;0,006;-1,015
81213.0;1,026;10;0,368;0,658;0,290
80647.3;1,025;28;0,591;0,434;-0,157
81247.1;1,025;62;0,875;0,150;-0,725
80253.6;1,024;59;0,478;0,546;0,068
81016.6;1,023;10;0,005;1,018;1,013
80663.4;1,022;33;0,100;0,922;0,822
80654.4;1,022;38;0,542;0,480;-0,062
80127.4;1,022;18;0,977;0,045;-0,932
80605.5;1,020;41;0,085;0,935;0,850
80559.3;1,020;45;0,034;0,986;0,952
80128.0;1,020;23;1,014;0,006;-1,008
80229.5;1,019;22;0,582;0,437;-0,145
81193.8;1,018;26;0,195;0,823;0,628
81046.7;1,017;17;1,015;0,002;-1,013
80619.0;1,016;51;0,326;0,690;0,364
80563.9;1,016;47;0,847;0,169;-0,678
81261.5;1,016;19;1,003;0,013;-0,990
80874.0;1,015;16;0,038;0,977;0,939
81270.0;1,013;50;0,978;0,035;-0,943
80771.3;1,011;8;1,011;0,000;-1,011
80688.6;1,010;17;0,997;0,013;-0,984
80782.0;1,010;6;1,009;0,001;-1,008
80176.6;1,008;15;0,934;0,074;-0,860
80224.6;1,007;36;0,076;0,931;0,855
80618.2;1,006;46;0,415;0,591;0,176
80169.3;1,006;17;1,005;0,001;-1,004
80115.1;1,004;6;1,002;0,002;-1,000
80606.9;1,003;33;0,099;0,904;0,805
80108.1;1,003;5;1,002;0,001;-1,001
81209.1;1,002;17;0,019;0,983;0,964
80702.0;1,000;53;0,992;0,008;-0,984
80834.8;0,998;16;0,963;0,035;-0,928
81049.1;0,997;55;0,581;0,416;-0,165
80770.5;0,996;7;0,996;0,000;-0,996
80243.3;0,995;43;0,012;0,983;0,971
80239.8;0,993;102;0,153;0,840;0,687
80213.4;0,992;67;0,914;0,078;-0,836
80680.1;0,991;17;0,011;0,980;0,969
80209.7;0,991;63;0,183;0,808;0,625
80639.3;0,990;27;0,759;0,231;-0,528
80917.7;0,990;6;0,987;0,003;-0,984
80106.5;0,988;2;0,988;0,000;-0,988
80740.1;0,986;14;0,601;0,385;-0,216
81061.7;0,986;44;0,370;0,616;0,246
80706.0;0,984;22;0,961;0,023;-0,938
80709.8;0,984;46;0,067;0,917;0,850
80604.6;0,984;43;0,097;0,887;0,790
80617.0;0,983;44;0,398;0,585;0,187
80641.9;0,982;54;0,767;0,215;-0,552
80932.9;0,982;54;0,942;0,040;-0,902
80647.8;0,981;33;0,214;0,767;0,553
80124.2;0,981;3;0,981;0,000;-0,981
81195.1;0,979;34;0,002;0,977;0,975
80623.2;0,978;38;0,617;0,361;-0,256
80548.6;0,976;62;0,493;0,483;-0,010
80825.3;0,976;14;0,976;0,000;-0,976
80601.3;0,974;35;0,011;0,963;0,952
80588.2;0,974;44;0,165;0,809;0,644
80223.9;0,974;53;0,618;0,356;-0,262
80570.9;0,973;45;0,343;0,630;0,287
80842.1;0,973;63;0,024;0,949;0,925
80207.7;0,970;12;0,008;0,962;0,954
80717.0;0,969;16;0,005;0,964;0,959
80130.0;0,969;27;0,666;0,303;-0,363
80749.2;0,968;7;0,004;0,964;0,960
80688.5;0,968;21;0,514;0,454;-0,060
81042.4;0,968;43;0,941;0,027;-0,914
80654.9;0,966;56;0,279;0,687;0,408
80944.3;0,966;29;0,000;0,966;0,966
80183.2;0,964;15;0,964;0,000;-0,964
80609.8;0,963;29;0,507;0,456;-0,051
80225.4;0,960;63;0,033;0,927;0,894
80178.0;0,959;25;0,954;0,005;-0,949
81222.9;0,957;28;0,677;0,280;-0,397
80691.1;0,955;23;0,074;0,881;0,807
80544.8;0,955;86;0,523;0,432;-0,091
81249.2;0,954;34;0,170;0,784;0,614
80729.3;0,953;11;0,000;0,953;0,953
80223.6;0,952;40;0,790;0,162;-0,628
81089.0;0,951;33;0,043;0,908;0,865
80621.1;0,950;39;0,084;0,866;0,782
80502.9;0,950;85;0,247;0,703;0,456
80205.4;0,950;33;0,190;0,760;0,570
81082.1;0,948;26;0,839;0,109;-0,730
80134.5;0,947;9;0,945;0,002;-0,943
80207.4;0,946;45;0,934;0,012;-0,922
80623.8;0,944;24;0,007;0,937;0,930
80199.1;0,942;19;0,005;0,937;0,932
80554.6;0,941;27;0,105;0,836;0,731
80237.6;0,941;28;0,122;0,819;0,697
80515.6;0,940;54;0,737;0,203;-0,534
80208.3;0,940;34;0,930;0,010;-0,920
80553.5;0,939;54;0,800;0,139;-0,661
80587.5;0,938;85;0,447;0,491;0,044
81213.2;0,938;14;0,006;0,932;0,926
80646.0;0,937;52;0,250;0,687;0,437
80158.6;0,937;23;0,730;0,207;-0,523
80783.2;0,935;7;0,935;0,000;-0,935
80706.7;0,934;8;0,736;0,198;-0,538
80644.3;0,934;55;0,196;0,738;0,542
80576.5;0,934;74;0,627;0,307;-0,320
80596.7;0,933;34;0,028;0,905;0,877
80541.3;0,930;42;0,584;0,346;-0,238
80199.4;0,930;23;0,426;0,504;0,078
80538.4;0,928;53;0,434;0,494;0,060
80958.7;0,926;29;0,871;0,055;-0,816
80535.6;0,925;68;0,653;0,272;-0,381
80572.7;0,922;43;0,909;0,013;-0,896
80534.4;0,921;47;0,084;0,837;0,753
80159.1;0,921;32;0,151;0,770;0,619
80756.0;0,919;24;0,437;0,482;0,045
80175.3;0,917;13;0,912;0,005;-0,907
80621.6;0,915;37;0,210;0,705;0,495
81040.8;0,915;40;0,716;0,199;-0,517
80707.0;0,913;15;0,465;0,448;-0,017
80759.1;0,913;14;0,075;0,838;0,763
80653.4;0,911;19;0,020;0,891;0,871
80834.7;0,911;24;0,757;0,154;-0,603
80567.0;0,910;42;0,610;0,300;-0,310
80523.5;0,910;50;0,625;0,285;-0,340
80208.9;0,910;33;0,323;0,587;0,264
80731.5;0,909;10;0,013;0,896;0,883
80185.7;0,909;23;0,902;0,007;-0,895
80260.8;0,907;38;0,757;0,150;-0,607
80666.7;0,906;25;0,017;0,889;0,872
80588.9;0,906;39;0,851;0,055;-0,796
80604.8;0,903;33;0,033;0,870;0,837
80216.3;0,902;42;0,850;0,052;-0,798
80776.8;0,901;5;0,901;0,000;-0,901
80665.3;0,900;22;0,307;0,593;0,286
81225.9;0,900;13;0,004;0,896;0,892
80682.3;0,899;37;0,896;0,003;-0,893
80593.1;0,899;35;0,214;0,685;0,471
80253.4;0,899;62;0,717;0,182;-0,535
80574.4;0,898;39;0,782;0,116;-0,666
80518.4;0,898;60;0,359;0,539;0,180
80179.3;0,898;9;0,894;0,004;-0,890
80870.2;0,897;4;0,897;0,000;-0,897
80681.7;0,896;8;0,002;0,894;0,892
80099.7;0,896;1;0,896;0,000;-0,896
80244.6;0,895;34;0,761;0,134;-0,627
80551.5;0,894;26;0,882;0,012;-0,870
80698.2;0,894;5;0;0,894;0,894
80137.3;0,893;8;0,878;0,015;-0,863
80635.8;0,890;33;0,521;0,369;-0,152
80831.6;0,889;23;0,882;0,007;-0,875
80711.3;0,887;25;0,883;0,004;-0,879
80677.2;0,887;16;0,630;0,257;-0,373
80632.5;0,884;59;0,047;0,837;0,790
80541.7;0,884;57;0,648;0,236;-0,412
80262.7;0,882;77;0,616;0,266;-0,350
80653.8;0,881;23;0,036;0,845;0,809
80625.4;0,880;35;0,013;0,867;0,854
80231.0;0,880;32;0,738;0,142;-0,596
80177.0;0,879;31;0,829;0,050;-0,779
80197.1;0,878;40;0,414;0,464;0,050
80262.8;0,877;59;0,652;0,225;-0,427
80186.2;0,875;14;0,868;0,007;-0,861
80676.0;0,873;42;0,792;0,081;-0,711
80159.9;0,873;25;0,865;0,008;-0,857
81191.2;0,872;28;0,841;0,031;-0,810
80656.4;0,871;27;0,494;0,377;-0,117
80228.1;0,871;63;0,192;0,679;0,487
80863.0;0,869;10;0,869;0,000;-0,869
80907.8;0,868;8;0,868;0,000;-0,868
80689.8;0,867;16;0,616;0,251;-0,365
80677.4;0,867;12;0,622;0,245;-0,377
80275.3;0,866;87;0,631;0,235;-0,396
80622.9;0,865;34;0,023;0,842;0,819
80749.9;0,865;16;0,015;0,850;0,835
80762.1;0,865;13;0,244;0,621;0,377
80572.5;0,862;80;0,726;0,136;-0,590
80665.4;0,861;16;0,778;0,083;-0,695
80561.0;0,861;25;0,074;0,787;0,713
80152.7;0,860;20;0,402;0,458;0,056
80154.1;0,858;27;0,302;0,556;0,254
80915.1;0,855;49;0,494;0,361;-0,133
80207.8;0,854;21;0,846;0,008;-0,838
80874.2;0,851;4;0,851;0,000;-0,851
81293.9;0,849;36;0,795;0,054;-0,741
80632.2;0,847;37;0,398;0,449;0,051
80554.2;0,846;36;0,232;0,614;0,382
80157.8;0,846;16;0,829;0,017;-0,812
80581.8;0,845;68;0,192;0,653;0,461
80160.2;0,845;16;0,712;0,133;-0,579
80616.5;0,843;45;0,767;0,076;-0,691
81110.9;0,843;26;0,430;0,413;-0,017
80122.2;0,842;5;0,842;0,000;-0,842
80749.8;0,840;15;0,759;0,081;-0,678
80655.2;0,839;39;0,596;0,243;-0,353
80608.9;0,839;38;0,531;0,308;-0,223
80149.0;0,837;19;0,816;0,021;-0,795
80273.1;0,836;88;0,676;0,160;-0,516
80675.0;0,835;30;0,440;0,395;-0,045
80159.8;0,833;15;0,124;0,709;0,585
80594.2;0,832;39;0,050;0,782;0,732
80535.5;0,832;95;0,052;0,780;0,728
80250.8;0,832;40;0,790;0,042;-0,748
80540.2;0,831;62;0,554;0,277;-0,277
80710.7;0,830;31;0,694;0,136;-0,558
80189.6;0,830;16;0,011;0,819;0,808
80695.0;0,829;27;0,514;0,315;-0,199
80860.0;0,829;32;0,643;0,186;-0,457
80095.9;0,828;17;0,828;0,000;-0,828
80641.7;0,827;32;0,111;0,716;0,605
80257.4;0,827;83;0,788;0,039;-0,749
80196.9;0,826;17;0,380;0,446;0,066
80137.8;0,825;9;0,822;0,003;-0,819
80714.6;0,824;10;0,306;0,518;0,212
80778.0;0,824;7;0,824;0,000;-0,824
80540.8;0,823;87;0,535;0,288;-0,247
80735.6;0,822;43;0,719;0,103;-0,616
81241.7;0,822;33;0,154;0,668;0,514
80552.6;0,820;29;0,803;0,017;-0,786
80142.8;0,820;27;0,820;0,000;-0,820
80685.4;0,816;22;0,815;0,001;-0,814
81104.8;0,816;57;0,123;0,693;0,570
80645.0;0,815;78;0,669;0,146;-0,523
80680.3;0,815;11;0,254;0,561;0,307
80257.2;0,815;56;0,103;0,712;0,609
80225.3;0,814;25;0,776;0,038;-0,738
80523.8;0,810;45;0,324;0,486;0,162
80628.2;0,810;66;0,149;0,661;0,512
80187.1;0,810;25;0,791;0,019;-0,772
81242.8;0,808;19;0,726;0,082;-0,644
80510.8;0,807;72;0,311;0,496;0,185
80667.5;0,806;47;0,224;0,582;0,358
80256.4;0,806;36;0,690;0,116;-0,574
80585.8;0,804;42;0,085;0,719;0,634
81112.4;0,804;30;0,023;0,781;0,758
80635.1;0,803;77;0,471;0,332;-0,139
80175.0;0,803;55;0,251;0,552;0,301
81028.5;0,801;70;0,152;0,649;0,497
80546.1;0,800;53;0,123;0,677;0,554
81043.5;0,800;26;0,766;0,034;-0,732
80573.1;0,799;74;0,253;0,546;0,293
80225.7;0,798;27;0,628;0,170;-0,458
80677.3;0,797;14;0,304;0,493;0,189
80211.2;0,796;63;0,277;0,519;0,242
81046.6;0,795;37;0,393;0,402;0,009
80646.8;0,793;16;0,602;0,191;-0,411
80545.7;0,791;41;0,020;0,771;0,751
80742.9;0,791;8;0,746;0,045;-0,701
80201.8;0,790;23;0,785;0,005;-0,780
81048.9;0,789;41;0,740;0,049;-0,691
80222.3;0,787;59;0,361;0,426;0,065
80138.5;0,786;9;0,785;0,001;-0,784
80229.0;0,784;69;0,716;0,068;-0,648
80595.9;0,783;63;0,533;0,250;-0,283
80556.8;0,782;109;0,706;0,076;-0,630
81017.5;0,782;12;0,774;0,008;-0,766
80641.5;0,780;35;0,390;0,390;0,000
80788.2;0,780;7;0,780;0,000;-0,780
80562.2;0,779;35;0,764;0,015;-0,749
80257.7;0,779;39;0,428;0,351;-0,077
80671.0;0,776;28;0,378;0,398;0,020
80567.9;0,776;76;0,467;0,309;-0,158
80133.7;0,776;10;0,018;0,758;0,740
80117.0;0,774;24;0,000;0,774;0,774
80652.8;0,773;54;0,120;0,653;0,533
80600.5;0,773;23;0,019;0,754;0,735
80841.5;0,772;18;0,764;0,008;-0,756
80577.4;0,771;70;0,341;0,430;0,089
80872.4;0,771;5;0,770;0,001;-0,769
80712.3;0,770;15;0,001;0,769;0,768
80262.9;0,770;52;0,702;0,068;-0,634
80838.9;0,769;34;0,764;0,005;-0,759
80643.5;0,768;37;0,748;0,020;-0,728
80557.3;0,768;58;0,355;0,413;0,058
80729.8;0,768;4;0,090;0,678;0,588
80197.9;0,768;35;0,050;0,718;0,668
80557.4;0,767;39;0,445;0,322;-0,123
80609.0;0,767;50;0,645;0,122;-0,523
80759.6;0,767;6;0,125;0,642;0,517
80111.2;0,767;21;0,003;0,764;0,761
80153.7;0,765;29;0,129;0,636;0,507
80832.1;0,763;14;0,755;0,008;-0,747
80711.1;0,762;32;0,317;0,445;0,128
80761.8;0,761;13;0,759;0,002;-0,757
80246.2;0,761;35;0,231;0,530;0,299
80200.4;0,760;19;0,757;0,003;-0,754
80743.0;0,758;21;0,693;0,065;-0,628
80172.9;0,758;17;0,750;0,008;-0,742
80556.3;0,757;31;0,737;0,020;-0,717
80191.9;0,756;25;0,013;0,743;0,730
80627.5;0,755;78;0,410;0,345;-0,065
80691.6;0,755;12;0,749;0,006;-0,743
81080.9;0,755;51;0,008;0,747;0,739
80525.5;0,753;32;0,015;0,738;0,723
80223.5;0,753;39;0,522;0,231;-0,291
80211.5;0,752;50;0,515;0,237;-0,278
80642.7;0,751;25;0,699;0,052;-0,647
80112.0;0,751;25;0,048;0,703;0,655
80596.9;0,750;38;0,253;0,497;0,244
80556.7;0,750;31;0,450;0,300;-0,150
80529.1;0,749;65;0,443;0,306;-0,137
80204.3;0,748;18;0,256;0,492;0,236
80933.0;0,747;31;0,015;0,732;0,717
80565.7;0,746;63;0,683;0,063;-0,620
81283.2;0,746;25;0,086;0,660;0,574
80530.4;0,745;73;0,511;0,234;-0,277
81216.4;0,745;18;0,182;0,563;0,381
80674.8;0,743;16;0,028;0,715;0,687
80132.0;0,743;22;0,732;0,011;-0,721
80205.0;0,742;77;0,693;0,049;-0,644
80653.9;0,739;29;0,161;0,578;0,417
80166.2;0,738;15;0,604;0,134;-0,470
81164.6;0,735;14;0,732;0,003;-0,729
80693.6;0,734;16;0,386;0,348;-0,038
80651.7;0,734;30;0,132;0,602;0,470
80559.0;0,734;71;0,221;0,513;0,292
80914.4;0,734;6;0,720;0,014;-0,706
80647.2;0,733;33;0,674;0,059;-0,615
81006.0;0,733;11;0,731;0,002;-0,729
80542.9;0,732;54;0,584;0,148;-0,436
80763.6;0,731;17;0,731;0,000;-0,731
80674.9;0,730;8;0,045;0,685;0,640
80177.7;0,729;15;0,351;0,378;0,027
80720.3;0,728;12;0,723;0,005;-0,718
80164.8;0,728;15;0,070;0,658;0,588
80713.3;0,727;9;0,252;0,475;0,223
80583.7;0,726;43;0,263;0,463;0,200
80536.5;0,726;43;0,690;0,036;-0,654
81255.8;0,726;18;0,003;0,723;0,720
80746.9;0,725;29;0,318;0,407;0,089
80279.7;0,725;85;0,065;0,660;0,595
80253.7;0,724;36;0,514;0,210;-0,304
80201.5;0,722;32;0,202;0,520;0,318
81283.1;0,721;16;0,030;0,691;0,661
80560.6;0,720;23;0,660;0,060;-0,600
80741.2;0,719;8;0,003;0,716;0,713
80628.7;0,717;33;0,318;0,399;0,081
80120.1;0,717;11;0,493;0,224;-0,269
80740.7;0,715;7;0,049;0,666;0,617
80713.7;0,715;20;0,007;0,708;0,701
80185.9;0,715;29;0,709;0,006;-0,703
80755.3;0,714;8;0,627;0,087;-0,540
80219.3;0,714;39;0,483;0,231;-0,252
80714.1;0,713;17;0,697;0,016;-0,681
80717.8;0,713;36;0,009;0,704;0,695
80264.6;0,713;40;0,644;0,069;-0,575
80152.0;0,712;31;0,076;0,636;0,560
80723.4;0,711;23;0,500;0,211;-0,289
80594.3;0,711;21;0,406;0,305;-0,101
80216.9;0,711;51;0,587;0,124;-0,463
80666.6;0,710;135;0,282;0,428;0,146
80529.2;0,710;52;0,482;0,228;-0,254
80794.1;0,710;7;0,692;0,018;-0,674
80206.0;0,709;32;0,693;0,016;-0,677
81220.5;0,708;18;0,005;0,703;0,698
80609.3;0,707;58;0,208;0,499;0,291
80780.0;0,706;38;0,576;0,130;-0,446
80622.1;0,705;21;0,003;0,702;0,699
80604.2;0,705;33;0,183;0,522;0,339
80223.1;0,705;48;0,656;0,049;-0,607
80230.4;0,700;61;0,514;0,186;-0,328
80517.0;0,699;54;0,482;0,217;-0,265
80202.1;0,699;14;0,693;0,006;-0,687
80521.8;0,698;31;0,364;0,334;-0,030
80708.5;0,698;17;0,011;0,687;0,676
80103.3;0,698;18;0,310;0,388;0,078
80146.0;0,697;9;0,258;0,439;0,181
80697.9;0,695;9;0,691;0,004;-0,687
80630.4;0,695;22;0,345;0,350;0,005
80818.6;0,695;8;0,695;0,000;-0,695
80710.1;0,694;17;0,085;0,609;0,524
80603.8;0,693;39;0,023;0,670;0,647
80614.3;0,692;45;0,031;0,661;0,630
80597.2;0,691;43;0,032;0,659;0,627
80172.1;0,691;10;0,690;0,001;-0,689
80247.0;0,688;48;0,250;0,438;0,188
80643.6;0,687;41;0,618;0,069;-0,549
80510.9;0,687;51;0,179;0,508;0,329
80175.9;0,687;10;0,687;0,000;-0,687
80609.1;0,686;38;0,340;0,346;0,006
80539.7;0,686;62;0,400;0,286;-0,114
80143.8;0,685;7;0,682;0,003;-0,679
80102.2;0,684;3;0,684;0,000;-0,684
80728.1;0,683;7;0,003;0,680;0,677
81014.0;0,682;17;0,568;0,114;-0,454
80621.4;0,681;41;0,045;0,636;0,591
80745.9;0,681;4;0,001;0,680;0,679
80195.4;0,679;24;0,003;0,676;0,673
80611.1;0,678;77;0,124;0,554;0,430
81009.0;0,678;11;0,077;0,601;0,524
80756.4;0,677;5;0,003;0,674;0,671
81139.3;0,677;5;0,676;0,001;-0,675
80161.9;0,676;11;0,007;0,669;0,662
80189.7;0,675;6;0,674;0,001;-0,673
80756.9;0,674;7;0,672;0,002;-0,670
80178.9;0,673;2;0,673;0,000;-0,673
80125.5;0,672;20;0,671;0,001;-0,670
80575.8;0,671;51;0,605;0,066;-0,539
80607.6;0,670;42;0,427;0,243;-0,184
80754.9;0,670;8;0,004;0,666;0,662
80516.9;0,669;54;0,454;0,215;-0,239
80687.7;0,669;18;0,006;0,663;0,657
81016.7;0,669;12;0,008;0,661;0,653
80163.9;0,668;12;0,645;0,023;-0,622
80643.9;0,667;19;0,277;0,390;0,113
80737.7;0,666;11;0,001;0,665;0,664
80223.8;0,666;38;0,593;0,073;-0,520
80882.9;0,665;6;0,300;0,365;0,065
80617.7;0,664;42;0,482;0,182;-0,300
81166.7;0,664;14;0,660;0,004;-0,656
81257.9;0,663;32;0,338;0,325;-0,013
80728.8;0,662;22;0,037;0,625;0,588
80606.7;0,661;15;0,004;0,657;0,653
80704.4;0,661;15;0,023;0,638;0,615
80673.0;0,661;22;0,539;0,122;-0,417
80146.5;0,661;28;0,471;0,190;-0,281
80670.8;0,660;41;0,649;0,011;-0,638
80609.7;0,660;25;0,519;0,141;-0,378
80889.3;0,658;22;0,331;0,327;-0,004
80224.8;0,655;32;0,308;0,347;0,039
80630.5;0,654;20;0,591;0,063;-0,528
80566.7;0,654;31;0,024;0,630;0,606
80403.4;0,654;91;0,344;0,310;-0,034
80623.6;0,653;20;0,016;0,637;0,621
80653.5;0,653;41;0,443;0,210;-0,233
80108.0;0,653;8;0,652;0,001;-0,651
80229.4;0,652;25;0,098;0,554;0,456
80805.9;0,650;12;0,650;0,000;-0,650
80166.4;0,649;13;0,648;0,001;-0,647
80649.1;0,648;28;0,010;0,638;0,628
80646.3;0,648;27;0,018;0,630;0,612
81092.6;0,648;17;0,616;0,032;-0,584
80708.2;0,646;18;0,174;0,472;0,298
80617.5;0,646;62;0,607;0,039;-0,568
80695.1;0,646;11;0,641;0,005;-0,636
80169.4;0,646;13;0,166;0,480;0,314
80716.9;0,644;14;0,005;0,639;0,634
80232.4;0,644;35;0,627;0,017;-0,610
80111.5;0,641;5;0,639;0,002;-0,637
80652.3;0,639;28;0,011;0,628;0,617
80739.4;0,639;8;0,475;0,164;-0,311
80760.0;0,639;46;0,381;0,258;-0,123
80648.6;0,638;22;0,191;0,447;0,256
80714.2;0,638;32;0,625;0,013;-0,612
80908.1;0,637;18;0,567;0,070;-0,497
80620.2;0,635;40;0,044;0,591;0,547
80631.3;0,634;37;0,199;0,435;0,236
80877.1;0,633;11;0,624;0,009;-0,615
80723.6;0,631;13;0,016;0,615;0,599
80987.4;0,631;10;0,047;0,584;0,537
80137.4;0,630;20;0,474;0,156;-0,318
81203.0;0,628;9;0,624;0,004;-0,620
80661.6;0,627;52;0,089;0,538;0,449
80129.6;0,627;4;0,626;0,001;-0,625
80240.7;0,626;42;0,545;0,081;-0,464
80708.3;0,625;37;0,532;0,093;-0,439
80819.8;0,625;10;0,623;0,002;-0,621
80977.0;0,624;20;0,617;0,007;-0,610
80151.7;0,623;15;0,005;0,618;0,613
80893.5;0,622;5;0,251;0,371;0,120
80192.3;0,620;20;0,606;0,014;-0,592
80569.4;0,618;32;0,193;0,425;0,232
80243.8;0,618;72;0,431;0,187;-0,244
80567.6;0,616;35;0,066;0,550;0,484
80151.5;0,616;37;0,020;0,596;0,576
80926.4;0,615;9;0,495;0,120;-0,375
80558.3;0,612;42;0,137;0,475;0,338
80256.6;0,612;28;0,217;0,395;0,178
81121.3;0,611;27;0,534;0,077;-0,457
80993.1;0,610;20;0,000;0,610;0,610
80219.1;0,609;31;0,601;0,008;-0,593
80620.8;0,607;30;0,011;0,596;0,585
80208.2;0,606;46;0,008;0,598;0,590
80709.9;0,605;19;0,008;0,597;0,589
80156.7;0,604;5;0,052;0,552;0,500
80687.0;0,603;11;0,581;0,022;-0,559
80661.2;0,603;30;0,264;0,339;0,075
80556.4;0,603;42;0,040;0,563;0,523
80778.8;0,603;8;0,602;0,001;-0,601
80630.6;0,602;26;0,343;0,259;-0,084
80862.4;0,602;5;0,601;0,001;-0,600
80678.3;0,601;10;0,578;0,023;-0,555
80573.2;0,601;50;0,492;0,109;-0,383
80182.1;0,601;11;0,008;0,593;0,585
80263.8;0,599;63;0,485;0,114;-0,371
80624.2;0,598;34;0,011;0,587;0,576
80130.6;0,597;5;0,597;0,000;-0,597
80670.2;0,596;22;0,103;0,493;0,390
81246.3;0,596;21;0,057;0,539;0,482
80226.6;0,593;12;0,583;0,010;-0,573
80630.2;0,592;25;0,409;0,183;-0,226
80616.9;0,592;24;0,024;0,568;0,544
80726.9;0,592;22;0,578;0,014;-0,564
80219.0;0,592;39;0,421;0,171;-0,250
80859.4;0,590;7;0,590;0,000;-0,590
81110.5;0,588;24;0,249;0,339;0,090
80873.6;0,586;3;0,586;0,000;-0,586
80537.3;0,585;45;0,551;0,034;-0,517
80959.8;0,584;18;0,576;0,008;-0,568
81262.3;0,583;9;0,002;0,581;0,579
80719.1;0,580;20;0,568;0,012;-0,556
80190.4;0,579;10;0,578;0,001;-0,577
80228.2;0,578;59;0,391;0,187;-0,204
81067.7;0,577;13;0,568;0,009;-0,559
80613.9;0,576;34;0,358;0,218;-0,140
80757.5;0,576;9;0,005;0,571;0,566
80103.0;0,576;9;0,573;0,003;-0,570
80697.1;0,575;13;0,005;0,570;0,565
80103.1;0,575;6;0,573;0,002;-0,571
80620.3;0,574;29;0,026;0,548;0,522
80762.3;0,574;9;0,574;0,000;-0,574
80885.6;0,572;16;0,042;0,530;0,488
80137.2;0,571;7;0,567;0,004;-0,563
81213.4;0,570;25;0,011;0,559;0,548
80550.8;0,569;45;0,477;0,092;-0,385
81058.0;0,569;46;0,372;0,197;-0,175
80870.8;0,567;14;0,566;0,001;-0,565
80764.3;0,565;4;0,565;0,000;-0,565
80661.8;0,563;19;0,017;0,546;0,529
81082.5;0,562;64;0,323;0,239;-0,084
80780.8;0,561;12;0,317;0,244;-0,073
80600.6;0,560;28;0,480;0,080;-0,400
80552.2;0,560;35;0,293;0,267;-0,026
80831.3;0,560;20;0,374;0,186;-0,188
80150.9;0,559;22;0,042;0,517;0,475
80677.8;0,558;16;0,531;0,027;-0,504
80598.1;0,558;32;0,009;0,549;0,540
80985.2;0,558;7;0,556;0,002;-0,554
80587.6;0,557;41;0,468;0,089;-0,379
80667.4;0,556;26;0,411;0,145;-0,266
81250.8;0,556;29;0,342;0,214;-0,128
80629.6;0,553;11;0,074;0,479;0,405
80745.3;0,552;9;0,013;0,539;0,526
80669.6;0,552;10;0,213;0,339;0,126
81030.1;0,551;19;0,109;0,442;0,333
80525.8;0,550;27;0,051;0,499;0,448
80196.7;0,549;15;0,387;0,162;-0,225
80920.1;0,547;10;0,541;0,006;-0,535
81194.2;0,546;7;0,002;0,544;0,542
80735.1;0,545;11;0,305;0,240;-0,065
80184.9;0,545;10;0,543;0,002;-0,541
80761.4;0,544;12;0,542;0,002;-0,540
80720.6;0,543;7;0,478;0,065;-0,413
80652.2;0,541;48;0,059;0,482;0,423
80733.7;0,541;8;0,504;0,037;-0,467
80144.0;0,541;22;0,034;0,507;0,473
80883.9;0,540;15;0,533;0,007;-0,526
80247.9;0,539;64;0,472;0,067;-0,405
80719.0;0,538;21;0,532;0,006;-0,526
81213.8;0,538;17;0,457;0,081;-0,376
80692.3;0,537;23;0,143;0,394;0,251
80716.3;0,537;15;0,006;0,531;0,525
80823.4;0,537;9;0,536;0,001;-0,535
80163.7;0,536;15;0,530;0,006;-0,524
80729.7;0,533;7;0,530;0,003;-0,527
80585.3;0,533;59;0,174;0,359;0,185
80118.4;0,533;5;0,000;0,533;0,533
80549.4;0,532;28;0,023;0,509;0,486
80265.9;0,532;40;0,306;0,226;-0,080
80195.8;0,531;22;0,516;0,015;-0,501
80641.4;0,529;25;0,507;0,022;-0,485
80244.5;0,527;30;0,471;0,056;-0,415
80644.2;0,526;40;0,462;0,064;-0,398
80754.1;0,526;7;0,002;0,524;0,522
81214.7;0,526;14;0,006;0,520;0,514
80527.5;0,525;61;0,166;0,359;0,193
81247.6;0,524;29;0,433;0,091;-0,342
80675.6;0,523;16;0,514;0,009;-0,505
80127.5;0,523;22;0,002;0,521;0,519
80133.4;0,522;6;0,519;0,003;-0,516
80718.3;0,521;16;0,365;0,156;-0,209
80528.6;0,521;65;0,070;0,451;0,381
80150.8;0,521;8;0,517;0,004;-0,513
80601.9;0,519;39;0,028;0,491;0,463
80581.9;0,519;41;0,366;0,153;-0,213
80565.3;0,519;34;0,507;0,012;-0,495
80184.3;0,519;8;0,268;0,251;-0,017
80566.5;0,518;32;0,008;0,510;0,502
81071.3;0,518;30;0,447;0,071;-0,376
80647.4;0,517;35;0,505;0,012;-0,493
80132.7;0,517;27;0,393;0,124;-0,269
80662.2;0,516;30;0,214;0,302;0,088
80164.0;0,516;24;0,405;0,111;-0,294
80644.1;0,514;36;0,011;0,503;0,492
80702.9;0,514;8;0,513;0,001;-0,512
80731.4;0,514;3;0,014;0,500;0,486
80225.1;0,512;31;0,059;0,453;0,394
80644.4;0,511;24;0,020;0,491;0,471
80858.7;0,509;7;0,507;0,002;-0,505
80187.3;0,507;17;0,504;0,003;-0,501
80617.1;0,506;32;0,046;0,460;0,414
80115.0;0,505;34;0,205;0,300;0,095
80256.9;0,504;46;0,087;0,417;0,330
80676.5;0,502;14;0,154;0,348;0,194
80555.9;0,501;22;0,331;0,170;-0,161
80649.2;0,500;26;0,429;0,071;-0,358
80244.2;0,500;59;0,481;0,019;-0,462
80746.5;0,497;10;0,493;0,004;-0,489
80865.1;0,496;3;0,496;0,000;-0,496
80526.7;0,493;26;0,097;0,396;0,299
80737.2;0,493;11;0,335;0,158;-0,177
80924.8;0,493;6;0,488;0,005;-0,483
80259.3;0,492;55;0,126;0,366;0,240
80743.3;0,491;7;0,006;0,485;0,479
80124.1;0,491;4;0,489;0,002;-0,487
80137.0;0,489;18;0,487;0,002;-0,485
80671.7;0,488;9;0,487;0,001;-0,486
80616.8;0,487;32;0,146;0,341;0,195
80212.7;0,486;20;0,141;0,345;0,204
80600.8;0,485;45;0,250;0,235;-0,015
80571.7;0,485;52;0,371;0,114;-0,257
81110.2;0,485;14;0,438;0,047;-0,391
80603.7;0,484;69;0,276;0,208;-0,068
81198.3;0,484;19;0,483;0,001;-0,482
81268.2;0,483;26;0,389;0,094;-0,295
80736.8;0,480;12;0,091;0,389;0,298
80170.8;0,480;11;0,479;0,001;-0,478
80720.5;0,478;10;0,459;0,019;-0,440
80193.9;0,478;30;0,438;0,040;-0,398
80631.5;0,477;19;0,463;0,014;-0,449
80637.7;0,477;41;0,035;0,442;0,407
80105.2;0,477;13;0,325;0,152;-0,173
80601.8;0,475;41;0,035;0,440;0,405
80584.8;0,474;49;0,085;0,389;0,304
80657.3;0,473;30;0,435;0,038;-0,397
80657.1;0,472;33;0,127;0,345;0,218
80239.2;0,472;38;0,357;0,115;-0,242
80570.5;0,471;45;0,265;0,206;-0,059
80557.2;0,470;33;0,024;0,446;0,422
80129.4;0,470;3;0,470;0,000;-0,470
80656.0;0,468;85;0,404;0,064;-0,340
80627.4;0,468;31;0,145;0,323;0,178
80268.7;0,468;71;0,067;0,401;0,334
80195.3;0,467;52;0,207;0,260;0,053
81091.1;0,466;19;0,457;0,009;-0,448
80145.9;0,465;37;0,006;0,459;0,453
80109.1;0,464;8;0,463;0,001;-0,462
80712.0;0,463;48;0,112;0,351;0,239
80676.4;0,463;6;0,461;0,002;-0,459
80150.3;0,462;6;0,459;0,003;-0,456
80152.6;0,461;14;0,017;0,444;0,427
80693.7;0,460;16;0,457;0,003;-0,454
80191.8;0,460;15;0,454;0,006;-0,448
80247.6;0,459;70;0,434;0,025;-0,409
80544.6;0,458;45;0,354;0,104;-0,250
80757.0;0,458;7;0,305;0,153;-0,152
81042.8;0,458;27;0,452;0,006;-0,446
80890.9;0,455;13;0,382;0,073;-0,309
80683.0;0,454;8;0,414;0,040;-0,374
80659.9;0,453;60;0,411;0,042;-0,369
80147.8;0,453;16;0,449;0,004;-0,445
80642.4;0,452;28;0,409;0,043;-0,366
80635.9;0,452;26;0,015;0,437;0,422
80558.1;0,451;35;0,020;0,431;0,411
80526.9;0,451;34;0,018;0,433;0,415
80716.0;0,451;29;0,241;0,210;-0,031
80868.9;0,451;7;0,451;0,000;-0,451
80701.4;0,449;17;0,447;0,002;-0,445
80228.5;0,449;34;0,397;0,052;-0,345
80603.2;0,448;39;0,163;0,285;0,122
80130.1;0,447;6;0,445;0,002;-0,443
80759.0;0,446;9;0,384;0,062;-0,322
80123.1;0,445;7;0,006;0,439;0,433
80740.6;0,443;5;0,441;0,002;-0,439
80120.9;0,443;10;0,438;0,005;-0,433
80711.5;0,441;15;0,037;0,404;0,367
80660.5;0,441;58;0,216;0,225;0,009
80802.4;0,441;2;0,441;0,000;-0,441
80224.0;0,440;102;0,170;0,270;0,100
80180.7;0,439;25;0,265;0,174;-0,091
80726.5;0,438;7;0,002;0,436;0,434
80279.8;0,438;105;0,129;0,309;0,180
80497.4;0,437;84;0,159;0,278;0,119
80546.4;0,436;44;0,333;0,103;-0,230
80730.7;0,436;10;0,430;0,006;-0,424
80757.1;0,436;3;0,296;0,140;-0,156
80130.7;0,436;1;0,436;0,000;-0,436
80648.2;0,435;24;0,028;0,407;0,379
80918.5;0,435;7;0,004;0,431;0,427
80725.9;0,434;6;0,010;0,424;0,414
80663.6;0,434;21;0,258;0,176;-0,082
80566.8;0,434;18;0,392;0,042;-0,350
80602.6;0,433;33;0,008;0,425;0,417
80618.8;0,433;31;0,165;0,268;0,103
80148.0;0,433;53;0,219;0,214;-0,005
80611.8;0,432;29;0,088;0,344;0,256
80203.1;0,432;23;0,427;0,005;-0,422
80743.2;0,431;14;0,020;0,411;0,391
80722.5;0,431;13;0,003;0,428;0,425
80249.6;0,431;37;0,408;0,023;-0,385
80263.9;0,430;67;0,214;0,216;0,002
80240.6;0,429;42;0,238;0,191;-0,047
80261.4;0,428;44;0,388;0,040;-0,348
80633.4;0,426;50;0,340;0,086;-0,254
80107.4;0,426;2;0,426;0,000;-0,426
80656.6;0,425;14;0,136;0,289;0,153
80274.0;0,425;149;0,251;0,174;-0,077
80741.6;0,424;4;0,003;0,421;0,418
80710.4;0,423;15;0,353;0,070;-0,283
80155.6;0,423;12;0,216;0,207;-0,009
80991.5;0,421;3;0,421;0,000;-0,421
80221.7;0,420;41;0,398;0,022;-0,376
80244.1;0,419;33;0,340;0,079;-0,261
80228.6;0,418;48;0,216;0,202;-0,014
80159.7;0,417;15;0,307;0,110;-0,197
80629.7;0,416;22;0,014;0,402;0,388
80704.8;0,416;17;0,282;0,134;-0,148
80227.5;0,415;48;0,045;0,370;0,325
80649.7;0,414;18;0,086;0,328;0,242
81269.5;0,414;14;0,408;0,006;-0,402
80134.8;0,413;7;0,410;0,003;-0,407
80649.3;0,412;16;0,337;0,075;-0,262
80148.6;0,412;18;0,231;0,181;-0,050
80108.4;0,411;4;0,411;0,000;-0,411
80584.1;0,409;53;0,087;0,322;0,235
80180.9;0,409;10;0,403;0,006;-0,397
80232.8;0,408;39;0,375;0,033;-0,342
80230.7;0,407;29;0,382;0,025;-0,357
80639.4;0,406;28;0,137;0,269;0,132
80674.7;0,406;20;0,283;0,123;-0,160
80164.7;0,406;7;0,406;0,000;-0,406
80756.3;0,405;5;0,033;0,372;0,339
80176.0;0,405;26;0,018;0,387;0,369
80606.4;0,404;30;0,009;0,395;0,386
80621.2;0,404;24;0,015;0,389;0,374
80132.9;0,404;10;0,404;0,000;-0,404
80239.3;0,403;42;0,038;0,365;0,327
80140.4;0,402;2;0,401;0,001;-0,400
80636.8;0,401;28;0,374;0,027;-0,347
80747.2;0,401;12;0,030;0,371;0,341
80107.7;0,401;6;0,256;0,145;-0,111
80551.4;0,400;42;0,097;0,303;0,206
80734.9;0,400;6;0,397;0,003;-0,394
80745.8;0,400;7;0,024;0,376;0,352
80861.2;0,400;3;0,123;0,277;0,154
80602.8;0,399;28;0,041;0,358;0,317
80546.6;0,399;48;0,319;0,080;-0,239
80728.3;0,399;12;0,396;0,003;-0,393
80744.9;0,399;15;0,258;0,141;-0,117
80722.9;0,398;4;0,396;0,002;-0,394
80600.7;0,398;28;0,371;0,027;-0,344
80827.7;0,398;14;0,378;0,020;-0,358
80656.7;0,397;26;0,283;0,114;-0,169
80883.8;0,397;7;0,003;0,394;0,391
80642.1;0,396;27;0,125;0,271;0,146
80162.0;0,396;15;0,127;0,269;0,142
81279.2;0,395;29;0,369;0,026;-0,343
80733.9;0,394;3;0,392;0,002;-0,390
80188.4;0,394;12;0,388;0,006;-0,382
80774.0;0,393;16;0,393;0,000;-0,393
80591.9;0,392;46;0,159;0,233;0,074
80741.5;0,391;4;0,070;0,321;0,251
80639.1;0,391;28;0,360;0,031;-0,329
80681.5;0,391;8;0,276;0,115;-0,161
80690.3;0,390;15;0,013;0,377;0,364
80841.0;0,388;19;0,230;0,158;-0,072
80701.5;0,386;7;0,001;0,385;0,384
80114.8;0,386;7;0,386;0,000;-0,386
80671.6;0,385;11;0,010;0,375;0,365
80724.7;0,384;11;0,000;0,384;0,384
80108.6;0,384;4;0,383;0,001;-0,382
80712.5;0,383;23;0,018;0,365;0,347
80688.1;0,383;7;0,008;0,375;0,367
80216.4;0,383;39;0,048;0,335;0,287
80154.5;0,382;8;0,002;0,380;0,378
80632.7;0,381;33;0,027;0,354;0,327
80648.8;0,381;21;0,140;0,241;0,101
80769.7;0,381;8;0,381;0,000;-0,381
80667.9;0,378;34;0,219;0,159;-0,060
80221.3;0,378;22;0,053;0,325;0,272
80679.9;0,376;11;0,001;0,375;0,374
80760.9;0,376;3;0,375;0,001;-0,374
80725.3;0,375;4;0,374;0,001;-0,373
80676.3;0,374;10;0,354;0,020;-0,334
80710.3;0,372;18;0,362;0,010;-0,352
80237.4;0,372;32;0,367;0,005;-0,362
80530.7;0,371;44;0,314;0,057;-0,257
80595.7;0,370;40;0,021;0,349;0,328
80113.5;0,370;2;0,370;0,000;-0,370
80205.6;0,369;29;0,282;0,087;-0,195
80655.5;0,368;17;0,364;0,004;-0,360
80692.2;0,368;26;0,081;0,287;0,206
81055.7;0,368;26;0,241;0,127;-0,114
80739.3;0,367;11;0,010;0,357;0,347
80171.3;0,367;9;0,363;0,004;-0,359
80690.9;0,366;15;0,354;0,012;-0,342
80770.3;0,366;4;0,366;0,000;-0,366
80248.5;0,365;48;0,170;0,195;0,025
80761.6;0,364;6;0,343;0,021;-0,322
80150.2;0,364;13;0,005;0,359;0,354
80702.1;0,363;42;0,030;0,333;0,303
80684.9;0,363;25;0,352;0,011;-0,341
80529.4;0,363;64;0,187;0,176;-0,011
80870.6;0,363;10;0,361;0,002;-0,359
80764.0;0,362;12;0,273;0,089;-0,184
80223.7;0,361;31;0,098;0,263;0,165
80554.1;0,359;31;0,323;0,036;-0,287
80184.4;0,359;7;0,358;0,001;-0,357
80213.6;0,357;30;0,238;0,119;-0,119
80717.1;0,356;6;0,003;0,353;0,350
80177.5;0,356;10;0,014;0,342;0,328
80668.7;0,354;42;0,017;0,337;0,320
80173.6;0,354;13;0,352;0,002;-0,350
80134.1;0,353;4;0,351;0,002;-0,349
80678.2;0,352;11;0,034;0,318;0,284
80204.5;0,352;19;0,164;0,188;0,024
80666.1;0,350;28;0,267;0,083;-0,184
80139.1;0,350;9;0,021;0,329;0,308
80138.3;0,349;5;0,347;0,002;-0,345
80712.2;0,348;24;0,003;0,345;0,342
80702.6;0,348;25;0,341;0,007;-0,334
80534.7;0,348;47;0,207;0,141;-0,066
80574.5;0,348;52;0,029;0,319;0,290
80176.3;0,348;13;0,134;0,214;0,080
80749.7;0,347;13;0,338;0,009;-0,329
80553.7;0,347;35;0,147;0,200;0,053
80766.0;0,347;5;0,347;0,000;-0,347
80667.6;0,346;46;0,038;0,308;0,270
80541.6;0,346;89;0,087;0,259;0,172
80844.5;0,346;8;0,003;0,343;0,340
80699.8;0,345;17;0,014;0,331;0,317
80522.9;0,342;65;0,302;0,040;-0,262
80537.8;0,342;45;0,144;0,198;0,054
80157.3;0,342;12;0,296;0,046;-0,250
80761.1;0,341;18;0,340;0,001;-0,339
80169.5;0,341;7;0,340;0,001;-0,339
80131.9;0,340;5;0,340;0,000;-0,340
80723.5;0,339;33;0,015;0,324;0,309
81212.9;0,339;35;0,116;0,223;0,107
80674.2;0,337;9;0,331;0,006;-0,325
80645.3;0,337;28;0,057;0,280;0,223
80181.1;0,337;14;0,237;0,100;-0,137
80705.4;0,336;8;0,014;0,322;0,308
80720.1;0,336;11;0,251;0,085;-0,166
81004.1;0,336;26;0,004;0,332;0,328
80670.7;0,335;16;0,226;0,109;-0,117
80166.9;0,335;28;0,319;0,016;-0,303
80936.9;0,333;18;0,003;0,330;0,327
80751.1;0,332;5;0,001;0,331;0,330
80930.1;0,332;30;0,062;0,270;0,208
80731.3;0,331;10;0,322;0,009;-0,313
80738.9;0,331;3;0,002;0,329;0,327
80653.6;0,330;20;0,029;0,301;0,272
80690.6;0,330;10;0,330;0,000;-0,330
80215.5;0,330;36;0,041;0,289;0,248
80666.4;0,329;11;0,301;0,028;-0,273
80700.5;0,329;16;0,322;0,007;-0,315
80651.8;0,329;20;0,250;0,079;-0,171
80146.7;0,328;15;0,323;0,005;-0,318
80187.8;0,327;10;0,325;0,002;-0,323
80201.4;0,326;13;0,004;0,322;0,318
80662.0;0,325;41;0,259;0,066;-0,193
80115.2;0,324;6;0,322;0,002;-0,320
80672.4;0,323;11;0,004;0,319;0,315
80171.0;0,323;11;0,322;0,001;-0,321
80888.5;0,321;8;0,255;0,066;-0,189
80745.0;0,320;21;0,122;0,198;0,076
80164.1;0,320;21;0,317;0,003;-0,314
80143.5;0,318;6;0,315;0,003;-0,312
80622.3;0,317;35;0,012;0,305;0,293
80555.4;0,316;22;0,299;0,017;-0,282
80141.9;0,316;4;0,314;0,002;-0,312
80230.9;0,315;24;0,297;0,018;-0,279
80673.3;0,314;8;0,309;0,005;-0,304
80178.2;0,314;11;0,313;0,001;-0,312
80198.2;0,313;12;0,007;0,306;0,299
80163.3;0,312;7;0,308;0,004;-0,304
80598.8;0,311;16;0,007;0,304;0,297
80839.5;0,310;22;0,304;0,006;-0,298
80834.0;0,309;19;0,304;0,005;-0,299
80712.7;0,308;14;0,028;0,280;0,252
80638.6;0,307;20;0,296;0,011;-0,285
80572.6;0,307;42;0,218;0,089;-0,129
80744.4;0,306;5;0,005;0,301;0,296
80634.1;0,306;21;0,202;0,104;-0,098
80725.8;0,306;7;0,005;0,301;0,296
81088.8;0,306;20;0,015;0,291;0,276
80664.4;0,305;22;0,011;0,294;0,283
80225.8;0,304;30;0,277;0,027;-0,250
80681.6;0,303;11;0,184;0,119;-0,065
80155.2;0,303;17;0,248;0,055;-0,193
80710.8;0,302;13;0,010;0,292;0,282
80107.0;0,302;4;0,301;0,001;-0,300
80679.3;0,301;11;0,007;0,294;0,287
80729.4;0,301;8;0,002;0,299;0,297
80170.4;0,301;8;0,299;0,002;-0,297
81099.7;0,300;10;0,233;0,067;-0,166
80682.1;0,299;20;0,127;0,172;0,045
80565.4;0,299;31;0,226;0,073;-0,153
80209.1;0,299;29;0,016;0,283;0,267
80691.4;0,298;12;0,097;0,201;0,104
81099.0;0,298;19;0,219;0,079;-0,140
80731.6;0,297;6;0,253;0,044;-0,209
80707.4;0,297;11;0,004;0,293;0,289
80142.2;0,297;4;0,297;0,000;-0,297
80731.8;0,296;9;0,002;0,294;0,292
80706.2;0,296;10;0,001;0,295;0,294
80698.0;0,295;19;0,071;0,224;0,153
80149.8;0,295;26;0,267;0,028;-0,239
80699.4;0,294;8;0,066;0,228;0,162
80683.9;0,293;17;0,028;0,265;0,237
80829.8;0,293;9;0,291;0,002;-0,289
80722.2;0,292;11;0,039;0,253;0,214
80568.4;0,292;34;0,221;0,071;-0,150
80141.0;0,292;13;0,290;0,002;-0,288
80744.0;0,291;38;0,029;0,262;0,233
80614.4;0,291;55;0,205;0,086;-0,119
80190.6;0,291;17;0,262;0,029;-0,233
80702.7;0,288;13;0,046;0,242;0,196
80942.1;0,288;20;0,004;0,284;0,280
80591.4;0,287;52;0,052;0,235;0,183
80173.5;0,287;6;0,287;0,000;-0,287
80208.1;0,285;29;0,188;0,097;-0,091
80150.5;0,284;8;0,032;0,252;0,220
80547.2;0,283;77;0,129;0,154;0,025
80195.0;0,283;43;0,258;0,025;-0,233
80165.4;0,282;11;0,239;0,043;-0,196
81210.8;0,281;24;0,073;0,208;0,135
80645.4;0,280;20;0,259;0,021;-0,238
80620.7;0,280;32;0,246;0,034;-0,212
80172.0;0,279;14;0,264;0,015;-0,249
80671.3;0,278;15;0,183;0,095;-0,088
80158.9;0,278;21;0,200;0,078;-0,122
80662.1;0,277;15;0,270;0,007;-0,263
80125.0;0,277;26;0,266;0,011;-0,255
80752.5;0,276;17;0,001;0,275;0,274
80761.9;0,276;6;0,038;0,238;0,200
80186.3;0,276;11;0,266;0,010;-0,256
80128.2;0,275;3;0,274;0,001;-0,273
80706.6;0,274;8;0,271;0,003;-0,268
80245.7;0,274;45;0,220;0,054;-0,166
80639.6;0,273;59;0,153;0,120;-0,033
80610.5;0,273;35;0,149;0,124;-0,025
80133.3;0,273;20;0,270;0,003;-0,267
80635.7;0,272;23;0,235;0,037;-0,198
80708.9;0,271;14;0,004;0,267;0,263
80529.3;0,271;58;0,119;0,152;0,033
80685.3;0,271;19;0,270;0,001;-0,269
80727.2;0,271;15;0,266;0,005;-0,261
80897.8;0,271;2;0,271;0,000;-0,271
80749.6;0,270;6;0,012;0,258;0,246
81122.2;0,270;10;0,033;0,237;0,204
80684.5;0,268;8;0,246;0,022;-0,224
80569.8;0,268;43;0,167;0,101;-0,066
80707.5;0,268;31;0,008;0,260;0,252
80142.9;0,268;10;0,268;0,000;-0,268
80741.0;0,267;12;0,225;0,042;-0,183
80667.3;0,266;27;0,238;0,028;-0,210
80132.5;0,266;11;0,135;0,131;-0,004
80655.3;0,265;12;0,259;0,006;-0,253
80709.4;0,264;30;0,233;0,031;-0,202
80130.9;0,264;5;0,264;0,000;-0,264
80686.3;0,263;14;0,002;0,261;0,259
80788.5;0,263;1;0,263;0,000;-0,263
80687.8;0,262;14;0,005;0,257;0,252
80697.7;0,262;15;0,120;0,142;0,022
80786.5;0,262;8;0,001;0,261;0,260
80740.8;0,261;11;0,135;0,126;-0,009
80670.5;0,261;11;0,258;0,003;-0,255
80229.1;0,261;41;0,129;0,132;0,003
80569.1;0,260;44;0,047;0,213;0,166
80130.2;0,260;5;0,260;0,000;-0,260
80198.9;0,259;13;0,015;0,244;0,229
80212.8;0,257;30;0,114;0,143;0,029
80113.7;0,256;8;0,170;0,086;-0,084
80707.1;0,255;13;0,006;0,249;0,243
80662.9;0,255;29;0,063;0,192;0,129
80646.1;0,255;31;0,087;0,168;0,081
80133.2;0,255;4;0,255;0,000;-0,255
80708.6;0,253;13;0,011;0,242;0,231
80702.8;0,253;7;0,001;0,252;0,251
80172.2;0,253;3;0,001;0,252;0,251
80739.7;0,252;8;0,051;0,201;0,150
80561.9;0,250;47;0,152;0,098;-0,054
80659.4;0,250;21;0,009;0,241;0,232
80745.1;0,250;15;0,026;0,224;0,198
80757.2;0,249;7;0,001;0,248;0,247
80790.3;0,249;8;0,249;0,000;-0,249
80713.2;0,248;10;0,246;0,002;-0,244
80533.2;0,248;45;0,141;0,107;-0,034
80692.0;0,247;30;0,198;0,049;-0,149
80733.6;0,246;13;0,032;0,214;0,182
80638.8;0,246;33;0,186;0,060;-0,126
80830.6;0,245;9;0,243;0,002;-0,241
80641.8;0,244;22;0,165;0,079;-0,086
80617.2;0,244;40;0,012;0,232;0,220
80128.5;0,244;5;0,244;0,000;-0,244
80702.5;0,242;16;0,008;0,234;0,226
80665.5;0,242;32;0,094;0,148;0,054
81014.8;0,242;5;0,067;0,175;0,108
80562.1;0,241;20;0,173;0,068;-0,105
80872.5;0,241;15;0,238;0,003;-0,235
80658.7;0,240;29;0,090;0,150;0,060
80768.1;0,240;5;0,240;0,000;-0,240
80660.6;0,239;60;0,173;0,066;-0,107
80155.8;0,239;14;0,229;0,010;-0,219
80132.8;0,238;6;0,135;0,103;-0,032
80756.8;0,237;9;0,144;0,093;-0,051
80750.9;0,237;8;0,016;0,221;0,205
80128.6;0,237;7;0,237;0,000;-0,237
80560.9;0,236;36;0,036;0,200;0,164
80729.2;0,236;16;0,228;0,008;-0,220
80757.8;0,236;2;0,003;0,233;0,230
80164.2;0,235;11;0,003;0,232;0,229
80640.5;0,234;33;0,157;0,077;-0,080
80822.2;0,234;13;0,234;0,000;-0,234
81125.4;0,233;5;0,210;0,023;-0,187
80643.7;0,232;23;0,221;0,011;-0,210
80116.0;0,232;20;0,229;0,003;-0,226
81079.8;0,231;20;0,219;0,012;-0,207
80724.5;0,229;8;0,175;0,054;-0,121
80590.8;0,229;44;0,024;0,205;0,181
80736.4;0,228;2;0,228;0,000;-0,228
80207.1;0,228;68;0,008;0,220;0,212
80551.6;0,227;48;0,171;0,056;-0,115
80736.2;0,227;18;0,227;0,000;-0,227
80123.6;0,227;5;0,226;0,001;-0,225
80881.3;0,226;8;0,221;0,005;-0,216
80672.2;0,225;19;0,038;0,187;0,149
80138.4;0,225;6;0,003;0,222;0,219
80151.8;0,224;23;0,219;0,005;-0,214
81230.3;0,223;21;0,163;0,060;-0,103
80723.9;0,222;5;0,220;0,002;-0,218
80170.3;0,222;11;0,211;0,011;-0,200
80603.9;0,220;44;0,027;0,193;0,166
80642.3;0,219;18;0,184;0,035;-0,149
80157.6;0,219;9;0,066;0,153;0,087
80708.1;0,218;10;0,015;0,203;0,188
80553.9;0,218;34;0,141;0,077;-0,064
80697.6;0,217;8;0,207;0,010;-0,197
80221.4;0,217;37;0,036;0,181;0,145
80643.8;0,216;35;0,086;0,130;0,044
80121.4;0,216;18;0,166;0,050;-0,116
80221.8;0,215;22;0,143;0,072;-0,071
80544.5;0,214;48;0,064;0,150;0,086
80683.4;0,214;11;0,210;0,004;-0,206
80132.3;0,214;7;0,210;0,004;-0,206
80644.9;0,213;33;0,202;0,011;-0,191
80144.2;0,213;11;0,076;0,137;0,061
80692.8;0,212;10;0,014;0,198;0,184
80125.2;0,212;6;0,208;0,004;-0,204
80587.7;0,211;35;0,171;0,040;-0,131
80919.8;0,211;12;0,079;0,132;0,053
80718.0;0,210;23;0,015;0,195;0,180
80642.6;0,210;48;0,119;0,091;-0,028
80205.9;0,210;7;0,004;0,206;0,202
80686.4;0,209;9;0,173;0,036;-0,137
80722.8;0,209;21;0,196;0,013;-0,183
80758.5;0,209;6;0,201;0,008;-0,193
80727.6;0,208;7;0,200;0,008;-0,192
80107.5;0,208;5;0,206;0,002;-0,204
80648.3;0,207;28;0,179;0,028;-0,151
80727.4;0,207;12;0,028;0,179;0,151
80237.5;0,207;57;0,185;0,022;-0,163
80626.5;0,206;42;0,097;0,109;0,012
80782.8;0,206;4;0,206;0,000;-0,206
80648.5;0,205;17;0,147;0,058;-0,089
80660.7;0,205;29;0,031;0,174;0,143
80673.4;0,205;11;0,193;0,012;-0,181
80680.7;0,204;15;0,193;0,011;-0,182
80228.7;0,203;22;0,180;0,023;-0,157
80691.8;0,202;12;0,183;0,019;-0,164
80206.9;0,201;19;0,194;0,007;-0,187
80704.7;0,200;14;0,195;0,005;-0,190
80638.5;0,200;19;0,188;0,012;-0,176
80666.5;0,199;19;0,120;0,079;-0,041
80739.6;0,199;10;0,137;0,062;-0,075
80738.2;0,198;3;0,198;0,000;-0,198
80759.5;0,198;4;0,009;0,189;0,180
80769.6;0,198;7;0,198;0,000;-0,198
80666.2;0,197;30;0,046;0,151;0,105
80738.0;0,197;13;0,180;0,017;-0,163
80688.3;0,197;20;0,027;0,170;0,143
80155.3;0,197;14;0,173;0,024;-0,149
80132.4;0,195;6;0,195;0,000;-0,195
80122.6;0,194;7;0,004;0,190;0,186
80720.4;0,193;6;0,190;0,003;-0,187
80141.2;0,193;8;0,193;0,000;-0,193
80699.0;0,192;10;0,007;0,185;0,178
80697.0;0,192;21;0,112;0,080;-0,032
80743.1;0,192;20;0;0,192;0,192
80238.7;0,192;33;0,178;0,014;-0,164
80674.1;0,191;11;0,163;0,028;-0,135
80687.3;0,190;5;0,003;0,187;0,184
80850.2;0,190;6;0,189;0,001;-0,188
80759.8;0,189;3;0;0,189;0,189
80139.0;0,189;9;0,024;0,165;0,141
80730.1;0,188;31;0,018;0,170;0,152
80135.3;0,188;2;0,188;0,000;-0,188
80695.4;0,187;18;0,029;0,158;0,129
80146.1;0,187;7;0,185;0,002;-0,183
81125.6;0,186;5;0,026;0,160;0,134
80690.8;0,185;12;0,164;0,021;-0,143
80715.1;0,185;11;0,003;0,182;0,179
80183.1;0,185;9;0,007;0,178;0,171
80678.7;0,184;7;0,102;0,082;-0,020
80723.3;0,184;4;0,000;0,184;0,184
80652.7;0,184;28;0,085;0,099;0,014
80860.9;0,184;2;0,184;0,000;-0,184
80156.3;0,183;15;0,175;0,008;-0,167
80653.7;0,182;13;0,112;0,070;-0,042
80155.9;0,182;21;0,175;0,007;-0,168
80632.8;0,181;22;0,016;0,165;0,149
80204.4;0,181;27;0,168;0,013;-0,155
80128.7;0,180;6;0,180;0,000;-0,180
80646.4;0,179;27;0,018;0,161;0,143
80120.8;0,178;14;0,177;0,001;-0,176
80632.6;0,177;24;0,129;0,048;-0,081
80181.4;0,176;7;0,175;0,001;-0,174
80250.6;0,175;40;0,161;0,014;-0,147
80748.3;0,174;7;0,002;0,172;0,170
80669.2;0,174;11;0,051;0,123;0,072
80140.6;0,174;9;0,174;0,000;-0,174
80123.4;0,173;5;0,172;0,001;-0,171
80204.6;0,172;7;0,130;0,042;-0,088
80584.7;0,171;40;0,039;0,132;0,093
80737.9;0,171;5;0,107;0,064;-0,043
80676.9;0,171;24;0,124;0,047;-0,077
80703.2;0,171;11;0,006;0,165;0,159
80165.0;0,171;21;0,159;0,012;-0,147
80651.5;0,170;22;0,012;0,158;0,146
80609.2;0,170;26;0,074;0,096;0,022
80096.6;0,170;11;0,170;0,000;-0,170
80655.4;0,169;17;0,099;0,070;-0,029
80754.0;0,169;9;0,003;0,166;0,163
80873.5;0,169;12;0,046;0,123;0,077
81021.7;0,167;20;0,160;0,007;-0,153
80684.0;0,166;22;0,033;0,133;0,100
80552.3;0,166;31;0,018;0,148;0,130
80627.6;0,166;32;0,060;0,106;0,046
80194.8;0,166;16;0,083;0,083;0,000
80736.5;0,164;17;0,161;0,003;-0,158
80740.9;0,163;6;0,011;0,152;0,141
80217.8;0,163;35;0,070;0,093;0,023
80683.8;0,162;11;0,005;0,157;0,152
80170.2;0,162;8;0,004;0,158;0,154
80727.3;0,161;12;0,156;0,005;-0,151
80232.2;0,161;34;0,148;0,013;-0,135
80646.5;0,160;22;0,013;0,147;0,134
80152.1;0,160;16;0,149;0,011;-0,138
80644.8;0,159;25;0,116;0,043;-0,073
80124.3;0,159;4;0,159;0,000;-0,159
80189.1;0,158;22;0,055;0,103;0,048
80615.4;0,157;24;0,006;0,151;0,145
80682.5;0,156;17;0,149;0,007;-0,142
80705.8;0,156;6;0,004;0,152;0,148
80763.1;0,156;10;0,156;0,000;-0,156
80240.5;0,155;19;0,028;0,127;0,099
80115.8;0,154;7;0,002;0,152;0,150
80671.5;0,153;6;0,028;0,125;0,097
80210.2;0,153;32;0,060;0,093;0,033
80197.5;0,152;23;0,014;0,138;0,124
80106.9;0,150;8;0,009;0,141;0,132
80744.5;0,149;8;0,084;0,065;-0,019
80156.6;0,149;14;0,039;0,110;0,071
80714.9;0,148;11;0,140;0,008;-0,132
80152.5;0,148;16;0,003;0,145;0,142
80662.4;0,147;15;0,068;0,079;0,011
80155.5;0,147;10;0,146;0,001;-0,145
80693.5;0,146;3;0,146;0,000;-0,146
80193.1;0,146;18;0,048;0,098;0,050
80121.0;0,145;9;0,142;0,003;-0,139
80179.0;0,144;9;0,144;0,000;-0,144
80149.1;0,143;16;0,138;0,005;-0,133
80691.7;0,142;9;0,002;0,140;0,138
80717.9;0,142;11;0,018;0,124;0,106
80719.8;0,142;10;0,124;0,018;-0,106
80557.1;0,141;30;0,011;0,130;0,119
80110.9;0,141;2;0,141;0,000;-0,141
80732.1;0,140;11;0,004;0,136;0,132
80715.5;0,140;13;0,028;0,112;0,084
80247.4;0,140;22;0,132;0,008;-0,124
80673.7;0,139;21;0,127;0,012;-0,115
80231.3;0,139;20;0,013;0,126;0,113
80159.5;0,138;14;0,002;0,136;0,134
80748.4;0,137;9;0,007;0,130;0,123
80707.8;0,137;8;0,134;0,003;-0,131
80711.7;0,137;7;0,134;0,003;-0,131
80135.6;0,137;6;0,042;0,095;0,053
80692.5;0,136;10;0,131;0,005;-0,126
80680.8;0,136;17;0,060;0,076;0,016
80693.3;0,136;25;0,002;0,134;0,132
80735.3;0,136;13;0,040;0,096;0,056
80200.3;0,136;9;0,006;0,130;0,124
80701.2;0,135;13;0,003;0,132;0,129
80829.7;0,135;12;0,129;0,006;-0,123
80717.3;0,134;7;0,132;0,002;-0,130
80130.4;0,134;6;0,133;0,001;-0,132
80743.6;0,133;10;0,010;0,123;0,113
80210.8;0,133;45;0,065;0,068;0,003
80718.9;0,132;11;0,127;0,005;-0,122
80672.9;0,132;11;0,031;0,101;0,070
80526.2;0,132;49;0,030;0,102;0,072
80721.8;0,132;25;0,006;0,126;0,120
80682.9;0,132;12;0,014;0,118;0,104
80654.8;0,132;19;0,059;0,073;0,014
80183.4;0,132;8;0,003;0,129;0,126
80134.3;0,131;3;0,001;0,130;0,129
80713.9;0,130;11;0,129;0,001;-0,128
80180.4;0,130;9;0,128;0,002;-0,126
80110.6;0,129;4;0,126;0,003;-0,123
80105.7;0,128;13;0,126;0,002;-0,124
80734.6;0,127;7;0,010;0,117;0,107
80675.8;0,127;14;0,124;0,003;-0,121
80733.8;0,127;5;0,002;0,125;0,123
80555.8;0,126;25;0,023;0,103;0,080
80703.1;0,126;7;0,005;0,121;0,116
80698.7;0,126;9;0,013;0,113;0,100
80208.7;0,126;16;0,053;0,073;0,020
80555.7;0,125;27;0,048;0,077;0,029
80752.2;0,125;7;0,094;0,031;-0,063
80690.2;0,125;19;0,113;0,012;-0,101
80162.4;0,125;8;0,022;0,103;0,081
80678.8;0,124;6;0,002;0,122;0,120
80677.5;0,124;25;0,082;0,042;-0,040
80670.6;0,124;16;0,017;0,107;0,090
80743.9;0,124;5;0,121;0,003;-0,118
80671.1;0,123;13;0,118;0,005;-0,113
80654.7;0,123;26;0,078;0,045;-0,033
80645.2;0,123;20;0,068;0,055;-0,013
80206.7;0,123;9;0,121;0,002;-0,119
80253.3;0,122;32;0,081;0,041;-0,040
80745.5;0,121;10;0,120;0,001;-0,119
80678.6;0,121;13;0,007;0,114;0,107
80133.1;0,121;13;0,118;0,003;-0,115
80111.9;0,120;11;0,064;0,056;-0,008
80740.4;0,119;10;0,117;0,002;-0,115
80175.5;0,119;12;0,117;0,002;-0,115
80138.0;0,118;12;0,006;0,112;0,106
80946.2;0,117;12;0,102;0,015;-0,087
80617.3;0,116;26;0,103;0,013;-0,090
80738.7;0,116;6;0,104;0,012;-0,092
80128.4;0,116;5;0,084;0,032;-0,052
80748.6;0,115;9;0,003;0,112;0,109
80738.3;0,115;15;0,096;0,019;-0,077
80238.3;0,115;37;0,105;0,010;-0,095
80746.6;0,114;9;0,007;0,107;0,100
80188.5;0,114;21;0,075;0,039;-0,036
80674.5;0,113;12;0,019;0,094;0,075
80736.3;0,113;14;0,003;0,110;0,107
80747.5;0,112;15;0,021;0,091;0,070
80158.8;0,112;15;0,023;0,089;0,066
80108.9;0,111;4;0,110;0,001;-0,109
80136.1;0,110;9;0,110;0,000;-0,110
80125.6;0,109;9;0,005;0,104;0,099
80205.2;0,108;29;0,098;0,010;-0,088
80697.3;0,107;2;0,105;0,002;-0,103
80702.4;0,107;4;0,106;0,001;-0,105
80673.1;0,107;24;0,038;0,069;0,031
80229.7;0,107;24;0,092;0,015;-0,077
80734.3;0,106;6;0,103;0,003;-0,100
80760.4;0,106;10;0,103;0,003;-0,100
80554.5;0,105;31;0,022;0,083;0,061
80692.4;0,104;5;0,001;0,103;0,102
80756.2;0,104;4;0,103;0,001;-0,102
80163.1;0,104;4;0,102;0,002;-0,100
80717.4;0,103;8;0,099;0,004;-0,095
80753.6;0,103;4;0,101;0,002;-0,099
80760.7;0,103;7;0,083;0,020;-0,063
80663.7;0,101;15;0,086;0,015;-0,071
80633.3;0,101;25;0,090;0,011;-0,079
80100.2;0,101;2;0,101;0,000;-0,101
80694.0;0,100;22;0,045;0,055;0,010
80732.5;0,100;19;0,011;0,089;0,078
80642.5;0,099;43;0,084;0,015;-0,069
80725.2;0,098;6;0,094;0,004;-0,090
80743.5;0,098;5;0,088;0,010;-0,078
80168.9;0,097;16;0,084;0,013;-0,071
80738.1;0,096;5;0,001;0,095;0,094
80217.7;0,096;25;0,085;0,011;-0,074
80709.0;0,095;14;0,015;0,080;0,065
80686.1;0,095;9;0,069;0,026;-0,043
80686.2;0,095;7;0,003;0,092;0,089
80107.6;0,095;12;0,093;0,002;-0,091
80751.6;0,094;5;0,005;0,089;0,084
80163.0;0,094;14;0,085;0,009;-0,076
80183.7;0,093;17;0,086;0,007;-0,079
80744.2;0,092;8;0,010;0,082;0,072
80128.9;0,092;11;0,085;0,007;-0,078
80761.5;0,091;7;0,069;0,022;-0,047
80113.1;0,091;5;0,082;0,009;-0,073
80553.4;0,090;35;0,024;0,066;0,042
80140.7;0,090;4;0,090;0,000;-0,090
80689.4;0,089;7;0,006;0,083;0,077
80715.2;0,089;17;0,017;0,072;0,055
80671.8;0,089;15;0,051;0,038;-0,013
80678.1;0,089;14;0,066;0,023;-0,043
80147.9;0,089;15;0,033;0,056;0,023
80694.3;0,088;11;0,086;0,002;-0,084
80715.4;0,088;10;0,079;0,009;-0,070
80105.8;0,088;20;0,005;0,083;0,078
80693.9;0,087;4;0,002;0,085;0,083
80716.2;0,087;14;0,009;0,078;0,069
80115.6;0,087;6;0,084;0,003;-0,081
80655.8;0,086;18;0,077;0,009;-0,068
80698.5;0,086;19;0,016;0,070;0,054
80122.1;0,086;8;0,002;0,084;0,082
80747.0;0,085;14;0,022;0,063;0,041
80744.3;0,085;9;0,005;0,080;0,075
80142.0;0,085;18;0,058;0,027;-0,031
80687.9;0,084;11;0,022;0,062;0,040
80137.1;0,084;12;0,018;0,066;0,048
80649.6;0,083;19;0,033;0,050;0,017
80725.1;0,083;9;0,079;0,004;-0,075
80623.5;0,083;28;0,028;0,055;0,027
80175.1;0,083;5;0,060;0,023;-0,037
80555.6;0,082;43;0,052;0,030;-0,022
80105.3;0,082;11;0,018;0,064;0,046
80752.7;0,081;2;0;0,081;0,081
80674.0;0,081;24;0,055;0,026;-0,029
80680.9;0,081;13;0,035;0,046;0,011
80193.6;0,081;11;0,012;0,069;0,057
80698.6;0,080;4;0,003;0,077;0,074
80107.9;0,080;7;0,064;0,016;-0,048
80156.5;0,079;18;0,010;0,069;0,059
80748.9;0,078;12;0,028;0,050;0,022
80743.7;0,078;12;0,073;0,005;-0,068
80235.4;0,078;33;0,024;0,054;0,030
80648.9;0,077;17;0,038;0,039;0,001
80735.2;0,077;16;0,003;0,074;0,071
80681.2;0,077;6;0,071;0,006;-0,065
80236.2;0,077;31;0,062;0,015;-0,047
80721.3;0,076;14;0,076;0,000;-0,076
80745.4;0,076;6;0,004;0,072;0,068
80751.5;0,076;7;0;0,076;0,076
80165.9;0,076;11;0,070;0,006;-0,064
80698.1;0,075;12;0,068;0,007;-0,061
80117.8;0,075;6;0,072;0,003;-0,069
80137.5;0,074;6;0,046;0,028;-0,018
80726.0;0,073;13;0,044;0,029;-0,015
80695.5;0,073;6;0,064;0,009;-0,055
80099.9;0,073;14;0,070;0,003;-0,067
80715.9;0,072;11;0,068;0,004;-0,064
80156.2;0,072;12;0,055;0,017;-0,038
80695.8;0,071;7;0,067;0,004;-0,063
80694.6;0,071;17;0,007;0,064;0,057
80101.2;0,071;10;0,005;0,066;0,061
80696.0;0,070;33;0,025;0,045;0,020
80555.3;0,070;24;0,027;0,043;0,016
80721.6;0,070;14;0,029;0,041;0,012
80757.4;0,070;5;0,064;0,006;-0,058
80096.1;0,070;5;0,001;0,069;0,068
80689.5;0,069;7;0,068;0,001;-0,067
80682.8;0,069;6;0,067;0,002;-0,065
80719.3;0,069;13;0,038;0,031;-0,007
80753.0;0,069;7;0,065;0,004;-0,061
80115.9;0,069;4;0,003;0,066;0,063
80646.6;0,068;15;0,007;0,061;0,054
80683.1;0,068;8;0,064;0,004;-0,060
80688.7;0,068;5;0,067;0,001;-0,066
80760.6;0,068;14;0,008;0,060;0,052
80109.9;0,068;5;0,067;0,001;-0,066
80758.9;0,067;5;0,005;0,062;0,057
80732.0;0,067;36;0,030;0,037;0,007
80674.6;0,067;12;0,006;0,061;0,055
80125.4;0,067;4;0,067;0,000;-0,067
80645.1;0,066;22;0,010;0,056;0,046
80714.3;0,066;15;0,064;0,002;-0,062
80102.6;0,066;12;0,003;0,063;0,060
80719.2;0,065;10;0,007;0,058;0,051
80119.3;0,065;6;0,000;0,065;0,065
80705.0;0,064;28;0,040;0,024;-0,016
80636.4;0,064;24;0,039;0,025;-0,014
80144.7;0,064;2;0,064;0,000;-0,064
80711.2;0,063;5;0,002;0,061;0,059
80724.4;0,063;18;0,055;0,008;-0,047
80703.3;0,063;6;0,020;0,043;0,023
80141.5;0,063;2;0,063;0,000;-0,063
80648.1;0,062;16;0,019;0,043;0,024
80160.3;0,062;11;0,024;0,038;0,014
80721.1;0,061;9;0,060;0,001;-0,059
80638.4;0,061;22;0,050;0,011;-0,039
80124.4;0,061;8;0,061;0,000;-0,061
80734.4;0,060;12;0,053;0,007;-0,046
80644.5;0,060;19;0,009;0,051;0,042
80708.8;0,060;15;0,009;0,051;0,042
80676.6;0,060;7;0,057;0,003;-0,054
80111.3;0,059;4;0,058;0,001;-0,057
80751.0;0,058;16;0,010;0,048;0,038
80861.6;0,058;2;0,058;0,000;-0,058
80622.8;0,057;49;0,012;0,045;0,033
80162.8;0,057;10;0,000;0,057;0,057
80733.5;0,056;6;0,055;0,001;-0,054
80699.7;0,056;6;0;0,056;0,056
80141.8;0,056;2;0,048;0,008;-0,040
80695.6;0,055;12;0,004;0,051;0,047
80705.9;0,055;9;0,038;0,017;-0,021
80814.6;0,055;7;0,000;0,055;0,055
80746.0;0,054;16;0,021;0,033;0,012
80703.4;0,054;14;0,052;0,002;-0,050
80677.6;0,054;12;0,046;0,008;-0,038
80689.2;0,054;6;0,017;0,037;0,020
80703.7;0,054;19;0,043;0,011;-0,032
80200.5;0,054;9;0,049;0,005;-0,044
80699.1;0,053;4;0,050;0,003;-0,047
80676.8;0,053;13;0,005;0,048;0,043
80103.7;0,053;4;0,053;0,000;-0,053
80757.9;0,052;6;0,051;0,001;-0,050
80106.3;0,052;4;0,052;0,000;-0,052
80118.0;0,051;11;0,047;0,004;-0,043
80691.9;0,050;6;0;0,050;0,050
80692.6;0,050;17;0,035;0,015;-0,020
80106.7;0,050;4;0,048;0,002;-0,046
80758.6;0,049;11;0,043;0,006;-0,037
80139.9;0,049;7;0,003;0,046;0,043
80682.6;0,048;7;0,036;0,012;-0,024
80689.6;0,048;6;0,007;0,041;0,034
80106.6;0,048;4;0,045;0,003;-0,042
80683.7;0,047;14;0,040;0,007;-0,033
80679.1;0,047;18;0,000;0,047;0,047
80109.5;0,047;2;0,046;0,001;-0,045
80754.4;0,046;13;0,001;0,045;0,044
80695.2;0,046;12;0,005;0,041;0,036
80690.4;0,046;12;0,012;0,034;0,022
80749.1;0,046;6;0,002;0,044;0,042
80671.2;0,046;12;0,040;0,006;-0,034
80106.8;0,046;5;0,001;0,045;0,044
80691.5;0,045;9;0,005;0,040;0,035
80100.9;0,045;2;0,045;0,000;-0,045
80719.6;0,044;14;0,035;0,009;-0,026
80683.2;0,044;9;0,037;0,007;-0,030
80710.9;0,044;6;0,002;0,042;0,040
80181.5;0,044;5;0,023;0,021;-0,002
80745.7;0,043;8;0,024;0,019;-0,005
80705.6;0,042;18;0,017;0,025;0,008
80686.0;0,042;18;0,038;0,004;-0,034
80722.7;0,042;11;0,029;0,013;-0,016
80097.3;0,042;4;0,041;0,001;-0,040
80749.4;0,041;2;0;0,041;0,041
80705.1;0,041;13;0,010;0,031;0,021
80743.8;0,041;6;0,002;0,039;0,037
80109.8;0,041;8;0,038;0,003;-0,035
80161.0;0,040;11;0,037;0,003;-0,034
80712.6;0,039;15;0,009;0,030;0,021
80676.7;0,039;12;0,001;0,038;0,037
80743.4;0,039;7;0,001;0,038;0,037
80750.6;0,038;7;0,001;0,037;0,036
80649.5;0,038;13;0,006;0,032;0,026
80205.3;0,038;13;0,020;0,018;-0,002
80709.1;0,037;16;0,007;0,030;0,023
80713.8;0,037;6;0;0,037;0,037
80176.5;0,037;3;0,037;0,000;-0,037
80748.7;0,036;2;0;0,036;0,036
80686.5;0,036;7;0,035;0,001;-0,034
80676.1;0,036;9;0,028;0,008;-0,020
80100.6;0,036;1;0,036;0,000;-0,036
80694.1;0,035;5;0,024;0,011;-0,013
80129.9;0,035;5;0,034;0,001;-0,033
80732.8;0,034;6;0,020;0,014;-0,006
80690.7;0,034;5;0,032;0,002;-0,030
80126.8;0,034;3;0,010;0,024;0,014
80697.8;0,033;10;0,017;0,016;-0,001
80122.5;0,033;9;0,013;0,020;0,007
80744.1;0,032;8;0,026;0,006;-0,020
80154.2;0,032;17;0,022;0,010;-0,012
80740.5;0,031;6;0,028;0,003;-0,025
80648.7;0,031;14;0,013;0,018;0,005
80749.5;0,031;6;0,002;0,029;0,027
80114.6;0,031;5;0,003;0,028;0,025
80702.3;0,030;7;0,015;0,015;0,000
80713.5;0,030;14;0,010;0,020;0,010
80733.3;0,030;21;0,008;0,022;0,014
80721.9;0,030;5;0,029;0,001;-0,028
80747.8;0,030;6;0,011;0,019;0,008
80696.1;0,030;11;0,006;0,024;0,018
80710.5;0,030;9;0,023;0,007;-0,016
80150.4;0,030;6;0,028;0,002;-0,026
80677.1;0,029;7;0,005;0,024;0,019
80720.8;0,029;12;0,019;0,010;-0,009
80717.5;0,029;19;0,020;0,009;-0,011
80729.6;0,029;7;0,026;0,003;-0,023
80174.4;0,029;8;0,027;0,002;-0,025
80125.1;0,028;3;0,027;0,001;-0,026
80753.3;0,027;8;0,013;0,014;0,001
80696.2;0,027;14;0,010;0,017;0,007
80681.1;0,027;13;0,018;0,009;-0,009
80757.7;0,027;4;0,022;0,005;-0,017
80106.2;0,027;2;0,000;0,027;0,027
80724.6;0,026;10;0,022;0,004;-0,018
80097.0;0,026;5;0,026;0,000;-0,026
80741.7;0,025;6;0,025;0,000;-0,025
80704.5;0,025;11;0,020;0,005;-0,015
80729.0;0,025;8;0,000;0,025;0,025
80698.4;0,025;11;0,012;0,013;0,001
80680.5;0,025;6;0,023;0,002;-0,021
80104.8;0,025;3;0,024;0,001;-0,023
80677.7;0,024;16;0,008;0,016;0,008
80699.9;0,024;9;0,012;0,012;0,000
80748.2;0,024;11;0,002;0,022;0,020
80756.6;0,024;4;0,023;0,001;-0,022
80173.7;0,024;11;0,023;0,001;-0,022
80724.8;0,023;6;0,022;0,001;-0,021
80748.1;0,023;11;0,005;0,018;0,013
80742.7;0,023;4;0,002;0,021;0,019
80690.5;0,023;4;0,003;0,020;0,017
80706.4;0,023;6;0,008;0,015;0,007
80689.3;0,023;7;0,012;0,011;-0,001
80097.4;0,023;8;0,023;0,000;-0,023
80741.4;0,022;6;0,005;0,017;0,012
80721.5;0,022;15;0,013;0,009;-0,004
80699.5;0,022;17;0,011;0,011;0,000
80637.8;0,022;16;0,011;0,011;0,000
80727.8;0,022;12;0,018;0,004;-0,014
80717.2;0,021;5;0,017;0,004;-0,013
80741.8;0,021;7;0,005;0,016;0,011
80706.9;0,021;13;0,009;0,012;0,003
80661.9;0,021;17;0,008;0,013;0,005
80122.4;0,021;3;0,021;0,000;-0,021
80727.5;0,020;12;0,014;0,006;-0,008
80718.7;0,020;8;0,009;0,011;0,002
80681.0;0,020;9;0,010;0,010;0,000
80739.5;0,020;4;0,011;0,009;-0,002
80099.3;0,020;1;0,000;0,020;0,020
80717.6;0,019;6;0,017;0,002;-0,015
80703.5;0,019;8;0,002;0,017;0,015
80734.1;0,019;18;0,010;0,009;-0,001
80699.6;0,019;8;0,007;0,012;0,005
80687.4;0,019;3;0,017;0,002;-0,015
80104.3;0,019;4;0,019;0,000;-0,019
80727.7;0,018;4;0,007;0,011;0,004
80687.5;0,018;15;0,010;0,008;-0,002
80689.9;0,018;7;0,005;0,013;0,008
80729.5;0,018;8;0,014;0,004;-0,010
80694.5;0,018;6;0,003;0,015;0,012
80706.3;0,018;5;0,003;0,015;0,012
80675.7;0,018;12;0,010;0,008;-0,002
80102.0;0,018;6;0,017;0,001;-0,016
80637.4;0,017;12;0,005;0,012;0,007
80674.3;0,017;15;0,014;0,003;-0,011
80701.3;0,017;13;0,010;0,007;-0,003
80719.5;0,017;8;0,014;0,003;-0,011
80098.5;0,017;4;0,017;0,000;-0,017
80746.1;0,016;10;0,015;0,001;-0,014
80658.6;0,016;10;0,004;0,012;0,008
80688.2;0,016;6;0,004;0,012;0,008
80752.1;0,016;5;0,011;0,005;-0,006
80699.2;0,016;3;0,015;0,001;-0,014
80750.2;0,016;10;0,003;0,013;0,010
80096.8;0,016;2;0,000;0,016;0,016
80745.2;0,015;9;0,011;0,004;-0,007
80718.6;0,015;5;0,012;0,003;-0,009
80675.9;0,015;12;0,007;0,008;0,001
80679.4;0,015;10;0,013;0,002;-0,011
80686.9;0,015;9;0,011;0,004;-0,007
80719.4;0,015;15;0,009;0,006;-0,003
80711.4;0,015;8;0,009;0,006;-0,003
80104.0;0,015;8;0,014;0,001;-0,013
80732.2;0,014;8;0,012;0,002;-0,010
80737.4;0,014;8;0,009;0,005;-0,004
80734.2;0,014;9;0,002;0,012;0,010
80133.8;0,014;6;0,013;0,001;-0,012
80731.9;0,013;6;0,011;0,002;-0,009
80705.7;0,013;7;0,012;0,001;-0,011
80693.8;0,013;7;0,013;0,000;-0,013
80758.8;0,013;4;0,003;0,010;0,007
80684.6;0,013;8;0,008;0,005;-0,003
80685.9;0,013;9;0,004;0,009;0,005
80140.2;0,013;3;0,001;0,012;0,011
80708.7;0,012;7;0,006;0,006;0,000
80695.3;0,012;6;0,008;0,004;-0,004
80754.8;0,012;3;0,001;0,011;0,010
80719.7;0,012;3;0,011;0,001;-0,010
80680.2;0,012;6;0,009;0,003;-0,006
80114.0;0,012;9;0,009;0,003;-0,006
80680.4;0,011;6;0,002;0,009;0,007
80754.6;0,011;5;0,007;0,004;-0,003
80698.8;0,011;8;0,007;0,004;-0,003
80699.3;0,011;8;0,003;0,008;0,005
80755.9;0,011;2;0,005;0,006;0,001
80730.8;0,011;4;0,010;0,001;-0,009
80730.6;0,011;8;0,004;0,007;0,003
80714.7;0,011;4;0,006;0,005;-0,001
80723.7;0,011;3;0,001;0,010;0,009
80106.0;0,011;8;0,007;0,004;-0,003
80761.7;0,010;3;0,001;0,009;0,008
80703.6;0,010;9;0,003;0,007;0,004
80727.1;0,010;8;0,007;0,003;-0,004
80735.8;0,010;5;0,008;0,002;-0,006
80733.4;0,010;6;0,006;0,004;-0,002
80731.2;0,010;6;0,009;0,001;-0,008
80739.9;0,010;8;0,008;0,002;-0,006
80718.8;0,010;7;0,004;0,006;0,002
80678.9;0,010;9;0,004;0,006;0,002
80675.2;0,010;7;0,007;0,003;-0,004
80671.4;0,010;8;0,003;0,007;0,004
80098.0;0,010;5;0,009;0,001;-0,008
80753.1;0,009;2;0,001;0,008;0,007
80755.6;0,009;2;0,008;0,001;-0,007
80724.3;0,009;6;0,007;0,002;-0,005
80725.4;0,009;6;0,004;0,005;0,001
80703.0;0,009;6;0,003;0,006;0,003
80686.6;0,009;4;0,004;0,005;0,001
80758.7;0,009;4;0,008;0,001;-0,007
80673.6;0,009;7;0,009;0,000;-0,009
80759.2;0,009;4;0,004;0,005;0,001
80733.1;0,009;8;0,005;0,004;-0,001
80676.2;0,009;8;0,002;0,007;0,005
80756.5;0,009;5;0,003;0,006;0,003
80106.1;0,009;4;0,001;0,008;0,007
80737.5;0,008;5;0,007;0,001;-0,006
80718.5;0,008;8;0,002;0,006;0,004
80739.1;0,008;7;0,008;0,000;-0,008
80670.4;0,008;8;0,007;0,001;-0,006
80642.2;0,008;7;0,006;0,002;-0,004
80751.7;0,008;6;0,007;0,001;-0,006
80694.2;0,008;7;0,006;0,002;-0,004
80757.6;0,008;5;0,006;0,002;-0,004
80714.8;0,008;7;0,005;0,003;-0,002
80696.5;0,008;7;0,002;0,006;0,004
80106.4;0,008;5;0,008;0,000;-0,008
80701.1;0,007;4;0,006;0,001;-0,005
80725.7;0,007;5;0,004;0,003;-0,001
80695.9;0,007;3;0,007;0,000;-0,007
80690.1;0,007;6;0,006;0,001;-0,005
80722.6;0,007;7;0,001;0,006;0,005
80726.6;0,007;4;0,006;0,001;-0,005
80099.8;0,007;4;0,006;0,001;-0,005
80701.6;0,006;6;0,004;0,002;-0,002
80753.4;0,006;4;0,003;0,003;0,000
80712.9;0,006;6;0,003;0,003;0,000
80702.2;0,006;4;0,003;0,003;0,000
80698.3;0,006;4;0,003;0,003;0,000
80694.7;0,006;4;0,002;0,004;0,002
80675.1;0,006;5;0,004;0,002;-0,002
80720.2;0,006;5;0,001;0,005;0,004
80697.2;0,006;5;0,002;0,004;0,002
80701.8;0,006;3;0,006;0;-0,006
80101.7;0,006;3;0,004;0,002;-0,002
80734.5;0,005;5;0;0,005;0,005
80680.6;0,005;5;0,004;0,001;-0,003
80738.5;0,005;5;0,002;0,003;0,001
80683.3;0,005;4;0,001;0,004;0,003
80753.8;0,005;3;0,002;0,003;0,001
80701.7;0,005;2;0,001;0,004;0,003
80693.4;0,005;4;0,004;0,001;-0,003
80737.1;0,005;3;0,001;0,004;0,003
80101.1;0,005;3;0,005;0,000;-0,005
80754.5;0,004;4;0,002;0,002;0,000
80754.2;0,004;4;0,001;0,003;0,002
80752.8;0,004;3;0,002;0,002;0,000
80752.6;0,004;3;0;0,004;0,004
80751.2;0,004;4;0,001;0,003;0,002
80755.4;0,004;3;0,003;0,001;-0,002
80737.0;0,004;3;0,001;0,003;0,002
80692.9;0,004;4;0,001;0,003;0,002
80750.4;0,004;3;0,002;0,002;0,000
80760.8;0,004;2;0,002;0,002;0,000
80737.8;0,004;2;0,001;0,003;0,002
80738.8;0,004;2;0;0,004;0,004
80739.0;0,004;3;0,003;0,001;-0,002
80685.1;0,004;4;0,002;0,002;0,000
80728.2;0,004;4;0,002;0,002;0,000
80096.2;0,004;3;0,004;0,000;-0,004
80726.2;0,003;3;0,002;0,001;-0,001
80747.4;0,003;2;0,002;0,001;-0,001
80755.2;0,003;2;0,002;0,001;-0,001
80753.5;0,003;3;0,001;0,002;0,001
80738.4;0,003;3;0,003;0,000;-0,003
80725.6;0,003;3;0,003;0,000;-0,003
80736.9;0,003;2;0,002;0,001;-0,001
80715.6;0,003;3;0,001;0,002;0,001
80098.9;0,003;2;0,001;0,002;0,001
80682.2;0,002;1;0;0,002;0,002
80729.1;0,002;1;0,002;0;-0,002
80721.2;0,002;2;0,002;0,000;-0,002
80753.2;0,002;2;0,001;0,001;0,000
80755.8;0,002;2;0;0,002;0,002
80759.3;0,002;2;0,001;0,001;0,000
80735.9;0,002;2;0;0,002;0,002
80679.7;0,002;2;0;0,002;0,002
80761.2;0,002;2;0;0,002;0,002
80695.7;0,002;2;0,002;0,000;-0,002
80761.3;0,002;2;0,001;0,001;0,000
80734.7;0,002;2;0,002;0,000;-0,002
80762.0;0,002;2;0,001;0,001;0,000
80096.7;0,002;1;0,000;0,002;0,002
80694.4;0,001;1;0;0,001;0,001
80747.7;0,001;1;0;0,001;0,001
80096.3;0,001;1;0,001;0,000;-0,001
